2022/08/31 11:12:26 [3674] building file list
2022/08/31 11:12:26 [3674] 124 files to consider
2022/08/31 11:12:26 [3674] .d..t.... ./
2022/08/31 11:12:26 [3674] <f+++++++ .DS_Store
2022/08/31 11:12:26 [3674] <f.st.... push.sh
2022/08/31 11:12:26 [3674] <f+++++++ rsync.log
2022/08/31 11:12:26 [3674] .d..t.... .git/
2022/08/31 11:12:26 [3674] <f+++++++ .git/.DS_Store
2022/08/31 11:12:26 [3674] .d..t.... .git/hooks/
2022/08/31 11:12:26 [3674] .d..t.... .git/info/
2022/08/31 11:12:26 [3674] .d..t.... .git/logs/
2022/08/31 11:12:26 [3674] .d..t.... .git/logs/refs/
2022/08/31 11:12:26 [3674] .d..t.... .git/logs/refs/heads/
2022/08/31 11:12:26 [3674] .d..t.... .git/logs/refs/remotes/
2022/08/31 11:12:26 [3674] .d..t.... .git/logs/refs/remotes/origin/
2022/08/31 11:12:26 [3674] .d..t.... .git/objects/
2022/08/31 11:12:26 [3674] .d..t.... .git/objects/0c/
2022/08/31 11:12:26 [3674] .d..t.... .git/objects/24/
2022/08/31 11:12:26 [3674] .d..t.... .git/objects/39/
2022/08/31 11:12:26 [3674] .d..t.... .git/objects/49/
2022/08/31 11:12:26 [3674] .d..t.... .git/objects/59/
2022/08/31 11:12:26 [3674] .d..t.... .git/objects/63/
2022/08/31 11:12:26 [3674] .d..t.... .git/objects/67/
2022/08/31 11:12:26 [3674] .d..t.... .git/objects/6b/
2022/08/31 11:12:26 [3674] .d..t.... .git/objects/7b/
2022/08/31 11:12:26 [3674] .d..t.... .git/objects/88/
2022/08/31 11:12:26 [3674] .d..t.... .git/objects/91/
2022/08/31 11:12:26 [3674] .d..t.... .git/objects/92/
2022/08/31 11:12:26 [3674] .d..t.... .git/objects/a2/
2022/08/31 11:12:26 [3674] .d..t.... .git/objects/b1/
2022/08/31 11:12:26 [3674] .d..t.... .git/objects/b2/
2022/08/31 11:12:26 [3674] .d..t.... .git/objects/bc/
2022/08/31 11:12:26 [3674] .d..t.... .git/objects/be/
2022/08/31 11:12:26 [3674] .d..t.... .git/objects/c4/
2022/08/31 11:12:26 [3674] .d..t.... .git/objects/ce/
2022/08/31 11:12:26 [3674] .d..t.... .git/objects/fa/
2022/08/31 11:12:26 [3674] .d..t.... .git/objects/info/
2022/08/31 11:12:26 [3674] .d..t.... .git/objects/pack/
2022/08/31 11:12:26 [3674] .d..t.... .git/refs/
2022/08/31 11:12:26 [3674] .d..t.... .git/refs/heads/
2022/08/31 11:12:26 [3674] .d..t.... .git/refs/remotes/
2022/08/31 11:12:26 [3674] .d..t.... .git/refs/remotes/origin/
2022/08/31 11:12:26 [3674] .d..t.... .git/refs/tags/
2022/08/31 11:12:26 [3674] .d..t.... .github/
2022/08/31 11:12:26 [3674] .d..t.... .github/workflows/
2022/08/31 11:12:26 [3674] .d..t.... .wordpress-org/
2022/08/31 11:12:26 [3674] .d..t.... css/
2022/08/31 11:12:26 [3674] .d..t.... js/
2022/08/31 11:12:26 [3674] .d..t.... languages/
2022/08/31 11:12:26 [3674] sent 4.95K bytes  received 372 bytes  3.54K bytes/sec
2022/08/31 11:12:26 [3674] total size is 1.32M  speedup is 247.74
2022/08/31 11:22:25 [4107] building file list
2022/08/31 11:22:25 [4107] 134 files to consider
2022/08/31 11:22:25 [4107] <f.st.... .gitignore
2022/08/31 11:22:25 [4107] <f.st.... mcf-options-page.php
2022/08/31 11:22:25 [4107] <f.st.... mcf-options.php
2022/08/31 11:22:25 [4107] <f.st.... mcf.php
2022/08/31 11:22:25 [4107] <f.st.... rsync.log
2022/08/31 11:22:25 [4107] .d..t.... .git/
2022/08/31 11:22:25 [4107] <f.st.... .git/COMMIT_EDITMSG
2022/08/31 11:22:25 [4107] <f.st.... .git/index
2022/08/31 11:22:25 [4107] <f.st.... .git/logs/HEAD
2022/08/31 11:22:25 [4107] <f.st.... .git/logs/refs/heads/master
2022/08/31 11:22:25 [4107] .d..t.... .git/objects/
2022/08/31 11:22:25 [4107] .d..t.... .git/objects/0c/
2022/08/31 11:22:25 [4107] <f+++++++ .git/objects/0c/fdf9f7bc65d7741965a5f3a688f41cc942d677
2022/08/31 11:22:25 [4107] cd+++++++ .git/objects/4e/
2022/08/31 11:22:25 [4107] <f+++++++ .git/objects/4e/4027ed5d9038599784c72e8e8ebe9d36152bc1
2022/08/31 11:22:25 [4107] .d..t.... .git/objects/67/
2022/08/31 11:22:25 [4107] <f+++++++ .git/objects/67/162454c51d6bf8147ccd128f94bfdd40971659
2022/08/31 11:22:25 [4107] .d..t.... .git/objects/b1/
2022/08/31 11:22:25 [4107] <f+++++++ .git/objects/b1/019ad8d9ca23ab72e7dadb8884c454d41f0b36
2022/08/31 11:22:25 [4107] cd+++++++ .git/objects/c8/
2022/08/31 11:22:25 [4107] <f+++++++ .git/objects/c8/162a88f4d7de380ce1348a49e15134d101e39a
2022/08/31 11:22:25 [4107] <f+++++++ .git/objects/c8/d0ad530f7c784fd88b38dfbb6c853ea2545931
2022/08/31 11:22:25 [4107] cd+++++++ .git/objects/de/
2022/08/31 11:22:25 [4107] <f+++++++ .git/objects/de/7f75df8ca64ff0d9f8867702b6b122904da05f
2022/08/31 11:22:25 [4107] .d..t.... .git/refs/heads/
2022/08/31 11:22:25 [4107] <f..t.... .git/refs/heads/master
2022/08/31 11:22:25 [4107] sent 12.92K bytes  received 634 bytes  27.12K bytes/sec
2022/08/31 11:22:25 [4107] total size is 1.33M  speedup is 97.91
2022/08/31 11:29:11 [4319] building file list
2022/08/31 11:29:11 [4319] 134 files to consider
2022/08/31 11:29:11 [4319] <f.st.... mcf-options-page.php
2022/08/31 11:29:11 [4319] <f.st.... mcf-options.php
2022/08/31 11:29:11 [4319] <f.st.... mcf.php
2022/08/31 11:29:11 [4319] <f.st.... rsync.log
2022/08/31 11:29:11 [4319] .d..t.... .git/
2022/08/31 11:29:11 [4319] sent 4.65K bytes  received 282 bytes  3.29K bytes/sec
2022/08/31 11:29:11 [4319] total size is 1.33M  speedup is 269.18
2022/08/31 11:32:51 [4472] building file list
2022/08/31 11:32:51 [4472] 134 files to consider
2022/08/31 11:32:51 [4472] <f.st.... mcf-options-page.php
2022/08/31 11:32:51 [4472] <f.st.... rsync.log
2022/08/31 11:32:51 [4472] .d..t.... .git/
2022/08/31 11:32:52 [4472] sent 4.08K bytes  received 160 bytes  2.83K bytes/sec
2022/08/31 11:32:52 [4472] total size is 1.33M  speedup is 313.42
2022/08/31 11:34:15 [4596] building file list
2022/08/31 11:34:15 [4596] 134 files to consider
2022/08/31 11:34:15 [4596] <f.st.... mcf-options-page.php
2022/08/31 11:34:15 [4596] <f.st.... rsync.log
2022/08/31 11:34:15 [4596] .d..t.... .git/
2022/08/31 11:34:15 [4596] sent 4.27K bytes  received 166 bytes  2.96K bytes/sec
2022/08/31 11:34:15 [4596] total size is 1.33M  speedup is 299.89
2022/08/31 11:38:52 [4791] building file list
2022/08/31 11:38:52 [4791] 134 files to consider
2022/08/31 11:38:52 [4791] <f.st.... mcf-options-page.php
2022/08/31 11:38:52 [4791] <f.st.... mcf.php
2022/08/31 11:38:52 [4791] <f.st.... rsync.log
2022/08/31 11:38:52 [4791] .d..t.... .git/
2022/08/31 11:38:52 [4791] sent 4.47K bytes  received 248 bytes  3.15K bytes/sec
2022/08/31 11:38:52 [4791] total size is 1.33M  speedup is 282.15
2022/08/31 11:41:52 [4940] building file list
2022/08/31 11:41:52 [4940] 134 files to consider
2022/08/31 11:41:52 [4940] <f.st.... mcf-options-page.php
2022/08/31 11:41:52 [4940] <f.st.... rsync.log
2022/08/31 11:41:52 [4940] .d..t.... .git/
2022/08/31 11:41:53 [4940] sent 3.96K bytes  received 178 bytes  2.76K bytes/sec
2022/08/31 11:41:53 [4940] total size is 1.33M  speedup is 322.14
2022/08/31 11:42:49 [5066] building file list
2022/08/31 11:42:49 [5066] 134 files to consider
2022/08/31 11:42:49 [5066] <f.st.... rsync.log
2022/08/31 11:42:49 [5066] .d..t.... .git/
2022/08/31 11:42:49 [5066] <f.st.... css/admin.css
2022/08/31 11:42:49 [5066] sent 3.92K bytes  received 136 bytes  2.70K bytes/sec
2022/08/31 11:42:49 [5066] total size is 1.33M  speedup is 328.61
2022/08/31 11:44:29 [5215] building file list
2022/08/31 11:44:29 [5215] 134 files to consider
2022/08/31 11:44:29 [5215] <f..t.... mcf-options-page.php
2022/08/31 11:44:29 [5215] <f.st.... rsync.log
2022/08/31 11:44:29 [5215] .d..t.... .git/
2022/08/31 11:44:29 [5215] <f.st.... css/admin.css
2022/08/31 11:44:29 [5215] sent 4.15K bytes  received 218 bytes  8.74K bytes/sec
2022/08/31 11:44:29 [5215] total size is 1.33M  speedup is 305.07
2022/08/31 11:45:50 [5335] building file list
2022/08/31 11:45:50 [5335] 134 files to consider
2022/08/31 11:45:50 [5335] <f.st.... rsync.log
2022/08/31 11:45:50 [5335] .d..t.... .git/
2022/08/31 11:45:50 [5335] <f.st.... css/admin.css
2022/08/31 11:45:50 [5335] sent 3.97K bytes  received 142 bytes  2.74K bytes/sec
2022/08/31 11:45:50 [5335] total size is 1.33M  speedup is 324.43
2022/08/31 11:49:53 [5494] building file list
2022/08/31 11:49:53 [5494] 134 files to consider
2022/08/31 11:49:53 [5494] <f.st.... mcf-options.php
2022/08/31 11:49:53 [5494] <f.st.... rsync.log
2022/08/31 11:49:53 [5494] .d..t.... .git/
2022/08/31 11:49:54 [5494] sent 4.00K bytes  received 166 bytes  2.78K bytes/sec
2022/08/31 11:49:54 [5494] total size is 1.33M  speedup is 319.80
2022/08/31 11:51:14 [5615] building file list
2022/08/31 11:51:14 [5615] 134 files to consider
2022/08/31 11:51:14 [5615] <f.st.... mcf-options.php
2022/08/31 11:51:14 [5615] <f.st.... rsync.log
2022/08/31 11:51:14 [5615] .d..t.... .git/
2022/08/31 11:51:14 [5615] sent 3.97K bytes  received 172 bytes  2.76K bytes/sec
2022/08/31 11:51:14 [5615] total size is 1.33M  speedup is 322.06
2022/08/31 11:52:08 [5735] building file list
2022/08/31 11:52:08 [5735] 134 files to consider
2022/08/31 11:52:08 [5735] <f.st.... mcf-options-page.php
2022/08/31 11:52:08 [5735] <f.st.... rsync.log
2022/08/31 11:52:08 [5735] .d..t.... .git/
2022/08/31 11:52:08 [5735] sent 3.88K bytes  received 208 bytes  2.72K bytes/sec
2022/08/31 11:52:08 [5735] total size is 1.33M  speedup is 326.49
2022/08/31 11:53:57 [5868] building file list
2022/08/31 11:53:57 [5868] 134 files to consider
2022/08/31 11:53:57 [5868] <f.st.... mcf-options.php
2022/08/31 11:53:57 [5868] <f.st.... rsync.log
2022/08/31 11:53:57 [5868] .d..t.... .git/
2022/08/31 11:53:57 [5868] sent 4.05K bytes  received 178 bytes  2.82K bytes/sec
2022/08/31 11:53:57 [5868] total size is 1.33M  speedup is 315.84
2022/08/31 11:55:13 [5999] building file list
2022/08/31 11:55:13 [5999] 134 files to consider
2022/08/31 11:55:14 [5999] <f.st.... mcf-options-page.php
2022/08/31 11:55:14 [5999] <f.st.... mcf-options.php
2022/08/31 11:55:14 [5999] <f.st.... rsync.log
2022/08/31 11:55:14 [5999] .d..t.... .git/
2022/08/31 11:55:14 [5999] sent 4.17K bytes  received 266 bytes  2.95K bytes/sec
2022/08/31 11:55:14 [5999] total size is 1.34M  speedup is 301.31
2022/08/31 11:56:26 [6121] building file list
2022/08/31 11:56:26 [6121] 134 files to consider
2022/08/31 11:56:26 [6121] <f.st.... mcf-options-page.php
2022/08/31 11:56:26 [6121] <f.st.... rsync.log
2022/08/31 11:56:26 [6121] .d..t.... .git/
2022/08/31 11:56:26 [6121] sent 3.94K bytes  received 214 bytes  8.31K bytes/sec
2022/08/31 11:56:26 [6121] total size is 1.34M  speedup is 321.27
2022/08/31 11:59:27 [6261] building file list
2022/08/31 11:59:27 [6261] 134 files to consider
2022/08/31 11:59:27 [6261] <f.st.... rsync.log
2022/08/31 11:59:27 [6261] .d..t.... .git/
2022/08/31 11:59:27 [6261] <f.st.... css/admin.css
2022/08/31 11:59:27 [6261] sent 4.02K bytes  received 166 bytes  2.79K bytes/sec
2022/08/31 11:59:27 [6261] total size is 1.34M  speedup is 319.31
2022/08/31 12:00:51 [6383] building file list
2022/08/31 12:00:51 [6383] 134 files to consider
2022/08/31 12:00:51 [6383] <f.st.... rsync.log
2022/08/31 12:00:51 [6383] .d..t.... .git/
2022/08/31 12:00:51 [6383] <f.st.... css/admin.css
2022/08/31 12:00:51 [6383] sent 4.08K bytes  received 166 bytes  2.83K bytes/sec
2022/08/31 12:00:51 [6383] total size is 1.34M  speedup is 314.97
2022/08/31 12:02:46 [6512] building file list
2022/08/31 12:02:46 [6512] 134 files to consider
2022/08/31 12:02:46 [6512] <f.st.... rsync.log
2022/08/31 12:02:46 [6512] .d..t.... .git/
2022/08/31 12:02:46 [6512] <f.st.... css/admin.css
2022/08/31 12:02:46 [6512] sent 4.02K bytes  received 172 bytes  2.79K bytes/sec
2022/08/31 12:02:46 [6512] total size is 1.34M  speedup is 318.81
2022/08/31 12:08:24 [6696] building file list
2022/08/31 12:08:24 [6696] 134 files to consider
2022/08/31 12:08:24 [6696] <f.st.... mcf-form.php
2022/08/31 12:08:24 [6696] <f.st.... rsync.log
2022/08/31 12:08:24 [6696] .d..t.... .git/
2022/08/31 12:08:24 [6696] sent 4.24K bytes  received 220 bytes  2.97K bytes/sec
2022/08/31 12:08:24 [6696] total size is 1.34M  speedup is 300.10
2022/08/31 12:09:08 [6806] building file list
2022/08/31 12:09:08 [6806] 134 files to consider
2022/08/31 12:09:09 [6806] <f.st.... mcf-form.php
2022/08/31 12:09:09 [6806] <f.st.... rsync.log
2022/08/31 12:09:09 [6806] .d..t.... .git/
2022/08/31 12:09:09 [6806] sent 4.17K bytes  received 226 bytes  2.93K bytes/sec
2022/08/31 12:09:09 [6806] total size is 1.34M  speedup is 304.35
2022/08/31 12:12:38 [6956] building file list
2022/08/31 12:12:38 [6956] 134 files to consider
2022/08/31 12:12:38 [6956] <f.st.... mcf-form.php
2022/08/31 12:12:38 [6956] <f.st.... rsync.log
2022/08/31 12:12:38 [6956] .d..t.... .git/
2022/08/31 12:12:38 [6956] sent 4.30K bytes  received 232 bytes  3.02K bytes/sec
2022/08/31 12:12:38 [6956] total size is 1.34M  speedup is 295.52
2022/08/31 12:13:53 [7077] building file list
2022/08/31 12:13:53 [7077] 134 files to consider
2022/08/31 12:13:53 [7077] <f.st.... mcf-form.php
2022/08/31 12:13:53 [7077] <f.st.... rsync.log
2022/08/31 12:13:53 [7077] .d..t.... .git/
2022/08/31 12:13:54 [7077] sent 4.34K bytes  received 232 bytes  3.05K bytes/sec
2022/08/31 12:13:54 [7077] total size is 1.34M  speedup is 292.64
2022/08/31 12:15:36 [7202] building file list
2022/08/31 12:15:36 [7202] 134 files to consider
2022/08/31 12:15:36 [7202] <f.st.... mcf-form.php
2022/08/31 12:15:36 [7202] <f.st.... rsync.log
2022/08/31 12:15:36 [7202] .d..t.... .git/
2022/08/31 12:15:36 [7202] sent 4.17K bytes  received 238 bytes  2.94K bytes/sec
2022/08/31 12:15:36 [7202] total size is 1.34M  speedup is 303.70
2022/08/31 12:16:07 [7308] building file list
2022/08/31 12:16:07 [7308] 134 files to consider
2022/08/31 12:16:07 [7308] <f.st.... mcf-form.php
2022/08/31 12:16:07 [7308] <f.st.... rsync.log
2022/08/31 12:16:07 [7308] .d..t.... .git/
2022/08/31 12:16:07 [7308] sent 4.04K bytes  received 238 bytes  2.85K bytes/sec
2022/08/31 12:16:07 [7308] total size is 1.34M  speedup is 313.38
2022/08/31 12:18:00 [7433] building file list
2022/08/31 12:18:00 [7433] 134 files to consider
2022/08/31 12:18:00 [7433] <f.st.... mcf-form.php
2022/08/31 12:18:00 [7433] <f.st.... rsync.log
2022/08/31 12:18:00 [7433] .d..t.... .git/
2022/08/31 12:18:00 [7433] sent 4.15K bytes  received 244 bytes  2.93K bytes/sec
2022/08/31 12:18:00 [7433] total size is 1.34M  speedup is 304.65
2022/08/31 12:21:22 [7582] building file list
2022/08/31 12:21:22 [7582] 134 files to consider
2022/08/31 12:21:22 [7582] <f.st.... mcf-form.php
2022/08/31 12:21:22 [7582] <f.st.... rsync.log
2022/08/31 12:21:22 [7582] .d..t.... .git/
2022/08/31 12:21:22 [7582] sent 4.19K bytes  received 244 bytes  2.96K bytes/sec
2022/08/31 12:21:22 [7582] total size is 1.34M  speedup is 302.09
2022/08/31 12:23:12 [7722] building file list
2022/08/31 12:23:12 [7722] 134 files to consider
2022/08/31 12:23:12 [7722] <f.st.... mcf-form.php
2022/08/31 12:23:12 [7722] <f.st.... rsync.log
2022/08/31 12:23:12 [7722] .d..t.... .git/
2022/08/31 12:23:12 [7722] sent 4.17K bytes  received 256 bytes  2.95K bytes/sec
2022/08/31 12:23:12 [7722] total size is 1.34M  speedup is 302.87
2022/08/31 12:24:13 [7839] building file list
2022/08/31 12:24:13 [7839] 134 files to consider
2022/08/31 12:24:13 [7839] <f.st.... mcf-form.php
2022/08/31 12:24:13 [7839] <f.st.... rsync.log
2022/08/31 12:24:13 [7839] .d..t.... .git/
2022/08/31 12:24:13 [7839] sent 4.18K bytes  received 256 bytes  2.96K bytes/sec
2022/08/31 12:24:13 [7839] total size is 1.34M  speedup is 302.21
2022/08/31 12:24:31 [7948] building file list
2022/08/31 12:24:31 [7948] 134 files to consider
2022/08/31 12:24:31 [7948] <f.st.... mcf-form.php
2022/08/31 12:24:31 [7948] <f.st.... rsync.log
2022/08/31 12:24:31 [7948] .d..t.... .git/
2022/08/31 12:24:31 [7948] sent 4.15K bytes  received 262 bytes  2.94K bytes/sec
2022/08/31 12:24:31 [7948] total size is 1.34M  speedup is 304.08
2022/08/31 12:25:16 [8058] building file list
2022/08/31 12:25:16 [8058] 134 files to consider
2022/08/31 12:25:16 [8058] <f.st.... mcf-form.php
2022/08/31 12:25:16 [8058] <f.st.... rsync.log
2022/08/31 12:25:16 [8058] .d..t.... .git/
2022/08/31 12:25:17 [8058] sent 4.20K bytes  received 262 bytes  8.93K bytes/sec
2022/08/31 12:25:17 [8058] total size is 1.34M  speedup is 300.49
2022/08/31 12:26:20 [8182] building file list
2022/08/31 12:26:20 [8182] 134 files to consider
2022/08/31 12:26:20 [8182] <f.st.... mcf-form.php
2022/08/31 12:26:20 [8182] <f.st.... rsync.log
2022/08/31 12:26:20 [8182] .d..t.... .git/
2022/08/31 12:26:20 [8182] sent 4.15K bytes  received 268 bytes  2.95K bytes/sec
2022/08/31 12:26:20 [8182] total size is 1.34M  speedup is 303.63
2022/08/31 12:26:57 [8287] building file list
2022/08/31 12:26:57 [8287] 134 files to consider
2022/08/31 12:26:57 [8287] <f.st.... mcf-form.php
2022/08/31 12:26:57 [8287] <f.st.... rsync.log
2022/08/31 12:26:57 [8287] .d..t.... .git/
2022/08/31 12:26:57 [8287] sent 4.12K bytes  received 274 bytes  2.93K bytes/sec
2022/08/31 12:26:57 [8287] total size is 1.34M  speedup is 305.52
2022/08/31 12:28:41 [8415] building file list
2022/08/31 12:28:41 [8415] 134 files to consider
2022/08/31 12:28:41 [8415] <f.st.... mcf-form.php
2022/08/31 12:28:41 [8415] <f.st.... rsync.log
2022/08/31 12:28:41 [8415] .d..t.... .git/
2022/08/31 12:28:41 [8415] sent 4.16K bytes  received 274 bytes  2.96K bytes/sec
2022/08/31 12:28:41 [8415] total size is 1.34M  speedup is 302.72
2022/08/31 12:30:06 [8540] building file list
2022/08/31 12:30:06 [8540] 134 files to consider
2022/08/31 12:30:06 [8540] <f.st.... mcf-form.php
2022/08/31 12:30:06 [8540] <f.st.... rsync.log
2022/08/31 12:30:06 [8540] .d..t.... .git/
2022/08/31 12:30:06 [8540] sent 4.30K bytes  received 280 bytes  3.05K bytes/sec
2022/08/31 12:30:06 [8540] total size is 1.34M  speedup is 293.29
2022/08/31 12:30:40 [8660] building file list
2022/08/31 12:30:40 [8660] 134 files to consider
2022/08/31 12:30:40 [8660] <f.st.... mcf-form.php
2022/08/31 12:30:40 [8660] <f.st.... rsync.log
2022/08/31 12:30:40 [8660] .d..t.... .git/
2022/08/31 12:30:40 [8660] sent 4.02K bytes  received 280 bytes  2.86K bytes/sec
2022/08/31 12:30:40 [8660] total size is 1.34M  speedup is 312.83
2022/08/31 12:32:28 [8793] building file list
2022/08/31 12:32:28 [8793] 134 files to consider
2022/08/31 12:32:28 [8793] <f.st.... mcf-form.php
2022/08/31 12:32:28 [8793] <f.st.... rsync.log
2022/08/31 12:32:28 [8793] .d..t.... .git/
2022/08/31 12:32:28 [8793] sent 4.08K bytes  received 286 bytes  2.91K bytes/sec
2022/08/31 12:32:28 [8793] total size is 1.34M  speedup is 307.85
2022/08/31 12:33:40 [8912] building file list
2022/08/31 12:33:40 [8912] 134 files to consider
2022/08/31 12:33:40 [8912] <f.st.... mcf-form.php
2022/08/31 12:33:40 [8912] <f.st.... rsync.log
2022/08/31 12:33:40 [8912] .d..t.... .git/
2022/08/31 12:33:40 [8912] sent 4.22K bytes  received 286 bytes  3.00K bytes/sec
2022/08/31 12:33:40 [8912] total size is 1.34M  speedup is 298.66
2022/08/31 12:35:40 [9044] building file list
2022/08/31 12:35:40 [9044] 134 files to consider
2022/08/31 12:35:40 [9044] <f.st.... rsync.log
2022/08/31 12:35:40 [9044] .d..t.... .git/
2022/08/31 12:35:40 [9044] <f.st.... css/style.css
2022/08/31 12:35:40 [9044] sent 4.01K bytes  received 256 bytes  8.53K bytes/sec
2022/08/31 12:35:40 [9044] total size is 1.35M  speedup is 315.58
2022/08/31 12:36:54 [9160] building file list
2022/08/31 12:36:54 [9160] 134 files to consider
2022/08/31 12:36:54 [9160] <f.st.... rsync.log
2022/08/31 12:36:54 [9160] .d..t.... .git/
2022/08/31 12:36:54 [9160] <f.st.... css/style.css
2022/08/31 12:36:54 [9160] sent 4.06K bytes  received 256 bytes  8.63K bytes/sec
2022/08/31 12:36:54 [9160] total size is 1.35M  speedup is 311.74
2022/08/31 12:38:39 [9289] building file list
2022/08/31 12:38:39 [9289] 134 files to consider
2022/08/31 12:38:39 [9289] <f.st.... rsync.log
2022/08/31 12:38:39 [9289] .d..t.... .git/
2022/08/31 12:38:39 [9289] <f.st.... css/style.css
2022/08/31 12:38:39 [9289] sent 4.02K bytes  received 262 bytes  2.86K bytes/sec
2022/08/31 12:38:39 [9289] total size is 1.35M  speedup is 314.25
2022/08/31 12:43:46 [9470] building file list
2022/08/31 12:43:46 [9470] 134 files to consider
2022/08/31 12:43:46 [9470] <f.st.... mcf-form.php
2022/08/31 12:43:46 [9470] <f.st.... rsync.log
2022/08/31 12:43:46 [9470] .d..t.... .git/
2022/08/31 12:43:46 [9470] <f.st.... css/style.css
2022/08/31 12:43:47 [9470] sent 4.38K bytes  received 344 bytes  3.15K bytes/sec
2022/08/31 12:43:47 [9470] total size is 1.35M  speedup is 284.82
2022/08/31 12:47:02 [9639] building file list
2022/08/31 12:47:02 [9639] 134 files to consider
2022/08/31 12:47:02 [9639] <f.st.... mcf-form.php
2022/08/31 12:47:02 [9639] <f.st.... rsync.log
2022/08/31 12:47:02 [9639] .d..t.... .git/
2022/08/31 12:47:02 [9639] <f.st.... css/style.css
2022/08/31 12:47:02 [9639] sent 4.17K bytes  received 350 bytes  3.01K bytes/sec
2022/08/31 12:47:02 [9639] total size is 1.35M  speedup is 298.36
2022/08/31 12:48:33 [9766] building file list
2022/08/31 12:48:33 [9766] 134 files to consider
2022/08/31 12:48:33 [9766] <f.st.... rsync.log
2022/08/31 12:48:33 [9766] .d..t.... .git/
2022/08/31 12:48:33 [9766] <f.st.... css/style.css
2022/08/31 12:48:33 [9766] sent 3.98K bytes  received 274 bytes  2.83K bytes/sec
2022/08/31 12:48:33 [9766] total size is 1.35M  speedup is 317.00
2022/08/31 12:50:29 [9918] building file list
2022/08/31 12:50:29 [9918] 134 files to consider
2022/08/31 12:50:29 [9918] <f.st.... mcf-form.php
2022/08/31 12:50:29 [9918] <f.st.... rsync.log
2022/08/31 12:50:29 [9918] .d..t.... .git/
2022/08/31 12:50:29 [9918] <f.st.... css/style.css
2022/08/31 12:50:29 [9918] sent 4.66K bytes  received 356 bytes  3.34K bytes/sec
2022/08/31 12:50:29 [9918] total size is 1.35M  speedup is 268.78
2022/08/31 12:58:18 [10129] building file list
2022/08/31 12:58:18 [10129] 134 files to consider
2022/08/31 12:58:18 [10129] <f.st.... mcf-form.php
2022/08/31 12:58:18 [10129] <f.st.... rsync.log
2022/08/31 12:58:18 [10129] .d..t.... .git/
2022/08/31 12:58:18 [10129] sent 4.53K bytes  received 316 bytes  3.23K bytes/sec
2022/08/31 12:58:18 [10129] total size is 1.35M  speedup is 278.53
2022/08/31 12:59:22 [10251] building file list
2022/08/31 12:59:22 [10251] 134 files to consider
2022/08/31 12:59:22 [10251] <f.st.... mcf-form.php
2022/08/31 12:59:22 [10251] <f.st.... rsync.log
2022/08/31 12:59:22 [10251] .d..t.... .git/
2022/08/31 12:59:22 [10251] sent 4.11K bytes  received 322 bytes  2.95K bytes/sec
2022/08/31 12:59:22 [10251] total size is 1.35M  speedup is 304.66
2022/08/31 13:00:25 [10463] building file list
2022/08/31 13:00:25 [10463] 134 files to consider
2022/08/31 13:00:26 [10463] <f.st.... mcf-form.php
2022/08/31 13:00:26 [10463] <f.st.... rsync.log
2022/08/31 13:00:26 [10463] .d..t.... .git/
2022/08/31 13:00:26 [10463] sent 4.07K bytes  received 328 bytes  2.93K bytes/sec
2022/08/31 13:00:26 [10463] total size is 1.35M  speedup is 306.90
2022/08/31 13:03:20 [10605] building file list
2022/08/31 13:03:20 [10605] 134 files to consider
2022/08/31 13:03:20 [10605] <f.st.... mcf-form.php
2022/08/31 13:03:20 [10605] <f.st.... rsync.log
2022/08/31 13:03:20 [10605] .d..t.... .git/
2022/08/31 13:03:20 [10605] sent 4.05K bytes  received 334 bytes  2.92K bytes/sec
2022/08/31 13:03:20 [10605] total size is 1.35M  speedup is 308.19
2022/08/31 13:04:11 [10719] building file list
2022/08/31 13:04:11 [10719] 134 files to consider
2022/08/31 13:04:11 [10719] <f.st.... mcf-form.php
2022/08/31 13:04:11 [10719] <f.st.... rsync.log
2022/08/31 13:04:11 [10719] .d..t.... .git/
2022/08/31 13:04:12 [10719] sent 4.05K bytes  received 334 bytes  2.92K bytes/sec
2022/08/31 13:04:12 [10719] total size is 1.35M  speedup is 307.93
2022/08/31 13:04:38 [10828] building file list
2022/08/31 13:04:38 [10828] 134 files to consider
2022/08/31 13:04:38 [10828] <f.st.... mcf-form.php
2022/08/31 13:04:38 [10828] <f.st.... rsync.log
2022/08/31 13:04:38 [10828] .d..t.... .git/
2022/08/31 13:04:38 [10828] sent 4.01K bytes  received 340 bytes  2.90K bytes/sec
2022/08/31 13:04:38 [10828] total size is 1.35M  speedup is 310.78
2022/08/31 13:06:04 [10947] building file list
2022/08/31 13:06:04 [10947] 134 files to consider
2022/08/31 13:06:04 [10947] <f.st.... mcf-form.php
2022/08/31 13:06:04 [10947] <f.st.... rsync.log
2022/08/31 13:06:04 [10947] .d..t.... .git/
2022/08/31 13:06:04 [10947] sent 4.02K bytes  received 340 bytes  2.91K bytes/sec
2022/08/31 13:06:04 [10947] total size is 1.35M  speedup is 309.80
2022/08/31 13:06:37 [11060] building file list
2022/08/31 13:06:37 [11060] 134 files to consider
2022/08/31 13:06:37 [11060] <f.st.... mcf-form.php
2022/08/31 13:06:37 [11060] <f.st.... rsync.log
2022/08/31 13:06:37 [11060] .d..t.... .git/
2022/08/31 13:06:37 [11060] sent 3.98K bytes  received 346 bytes  2.89K bytes/sec
2022/08/31 13:06:37 [11060] total size is 1.35M  speedup is 312.04
2022/08/31 13:10:48 [11230] building file list
2022/08/31 13:10:48 [11230] 134 files to consider
2022/08/31 13:10:48 [11230] <f.st.... mcf-form.php
2022/08/31 13:10:48 [11230] <f.st.... rsync.log
2022/08/31 13:10:48 [11230] .d..t.... .git/
2022/08/31 13:10:48 [11230] sent 4.08K bytes  received 346 bytes  8.86K bytes/sec
2022/08/31 13:10:48 [11230] total size is 1.35M  speedup is 305.16
2022/08/31 13:17:13 [11488] building file list
2022/08/31 13:17:13 [11488] 134 files to consider
2022/08/31 13:17:13 [11488] <f.st.... mcf-form.php
2022/08/31 13:17:13 [11488] <f.st.... rsync.log
2022/08/31 13:17:13 [11488] .d..t.... .git/
2022/08/31 13:17:13 [11488] sent 4.07K bytes  received 352 bytes  2.94K bytes/sec
2022/08/31 13:17:13 [11488] total size is 1.35M  speedup is 306.08
2022/08/31 13:19:35 [11719] building file list
2022/08/31 13:19:35 [11719] 134 files to consider
2022/08/31 13:19:35 [11719] <f.st.... mcf-form.php
2022/08/31 13:19:35 [11719] <f.st.... rsync.log
2022/08/31 13:19:35 [11719] .d..t.... .git/
2022/08/31 13:19:35 [11719] sent 4.03K bytes  received 352 bytes  2.92K bytes/sec
2022/08/31 13:19:35 [11719] total size is 1.35M  speedup is 308.37
2022/08/31 13:20:48 [11855] building file list
2022/08/31 13:20:48 [11855] 134 files to consider
2022/08/31 13:20:48 [11855] <f.st.... mcf-form.php
2022/08/31 13:20:48 [11855] <f.st.... rsync.log
2022/08/31 13:20:48 [11855] .d..t.... .git/
2022/08/31 13:20:48 [11855] sent 4.07K bytes  received 352 bytes  2.95K bytes/sec
2022/08/31 13:20:48 [11855] total size is 1.35M  speedup is 305.69
2022/08/31 13:22:36 [11990] building file list
2022/08/31 13:22:36 [11990] 134 files to consider
2022/08/31 13:22:36 [11990] <f.st.... mcf-form.php
2022/08/31 13:22:36 [11990] <f.st.... rsync.log
2022/08/31 13:22:36 [11990] .d..t.... .git/
2022/08/31 13:22:36 [11990] sent 4.01K bytes  received 364 bytes  2.91K bytes/sec
2022/08/31 13:22:36 [11990] total size is 1.35M  speedup is 309.62
2022/08/31 13:24:21 [12131] building file list
2022/08/31 13:24:21 [12131] 134 files to consider
2022/08/31 13:24:21 [12131] <f.st.... mcf-form.php
2022/08/31 13:24:21 [12131] <f.st.... rsync.log
2022/08/31 13:24:21 [12131] .d..t.... .git/
2022/08/31 13:24:21 [12131] sent 4.08K bytes  received 364 bytes  2.96K bytes/sec
2022/08/31 13:24:21 [12131] total size is 1.35M  speedup is 304.78
2022/08/31 13:24:40 [12236] building file list
2022/08/31 13:24:40 [12236] 134 files to consider
2022/08/31 13:24:40 [12236] <f.st.... mcf-form.php
2022/08/31 13:24:40 [12236] <f.st.... rsync.log
2022/08/31 13:24:40 [12236] .d..t.... .git/
2022/08/31 13:24:40 [12236] sent 4.00K bytes  received 370 bytes  2.91K bytes/sec
2022/08/31 13:24:40 [12236] total size is 1.35M  speedup is 310.03
2022/08/31 13:25:41 [12355] building file list
2022/08/31 13:25:41 [12355] 134 files to consider
2022/08/31 13:25:41 [12355] <f.st.... mcf-form.php
2022/08/31 13:25:41 [12355] <f.st.... rsync.log
2022/08/31 13:25:41 [12355] .d..t.... .git/
2022/08/31 13:25:42 [12355] sent 4.02K bytes  received 370 bytes  8.78K bytes/sec
2022/08/31 13:25:42 [12355] total size is 1.35M  speedup is 308.57
2022/08/31 13:26:59 [12477] building file list
2022/08/31 13:26:59 [12477] 134 files to consider
2022/08/31 13:27:00 [12477] <f.st.... mcf-form.php
2022/08/31 13:27:00 [12477] <f.st.... rsync.log
2022/08/31 13:27:00 [12477] .d..t.... .git/
2022/08/31 13:27:00 [12477] sent 4.05K bytes  received 376 bytes  2.95K bytes/sec
2022/08/31 13:27:00 [12477] total size is 1.36M  speedup is 305.88
2022/08/31 13:28:11 [12595] building file list
2022/08/31 13:28:11 [12595] 134 files to consider
2022/08/31 13:28:11 [12595] <f.st.... mcf-form.php
2022/08/31 13:28:11 [12595] <f.st.... rsync.log
2022/08/31 13:28:11 [12595] .d..t.... .git/
2022/08/31 13:28:12 [12595] sent 4.07K bytes  received 376 bytes  2.96K bytes/sec
2022/08/31 13:28:12 [12595] total size is 1.36M  speedup is 304.80
2022/08/31 13:28:27 [12704] building file list
2022/08/31 13:28:27 [12704] 134 files to consider
2022/08/31 13:28:27 [12704] <f..t.... mcf-form.php
2022/08/31 13:28:27 [12704] <f.st.... rsync.log
2022/08/31 13:28:27 [12704] .d..t.... .git/
2022/08/31 13:28:27 [12704] sent 4.03K bytes  received 382 bytes  2.94K bytes/sec
2022/08/31 13:28:27 [12704] total size is 1.36M  speedup is 307.03
2022/08/31 13:28:51 [12811] building file list
2022/08/31 13:28:51 [12811] 134 files to consider
2022/08/31 13:28:51 [12811] <f.st.... mcf-form.php
2022/08/31 13:28:51 [12811] <f.st.... rsync.log
2022/08/31 13:28:51 [12811] .d..t.... .git/
2022/08/31 13:28:52 [12811] sent 4.07K bytes  received 382 bytes  8.91K bytes/sec
2022/08/31 13:28:52 [12811] total size is 1.36M  speedup is 304.43
2022/08/31 13:30:43 [12939] building file list
2022/08/31 13:30:43 [12939] 134 files to consider
2022/08/31 13:30:43 [12939] <f.st.... mcf-form.php
2022/08/31 13:30:43 [12939] <f.st.... rsync.log
2022/08/31 13:30:43 [12939] .d..t.... .git/
2022/08/31 13:30:43 [12939] sent 4.04K bytes  received 388 bytes  2.95K bytes/sec
2022/08/31 13:30:43 [12939] total size is 1.36M  speedup is 306.25
2022/08/31 13:30:57 [13042] building file list
2022/08/31 13:30:57 [13042] 134 files to consider
2022/08/31 13:30:57 [13042] <f.st.... mcf-form.php
2022/08/31 13:30:57 [13042] <f.st.... rsync.log
2022/08/31 13:30:57 [13042] .d..t.... .git/
2022/08/31 13:30:57 [13042] sent 3.97K bytes  received 394 bytes  2.91K bytes/sec
2022/08/31 13:30:57 [13042] total size is 1.36M  speedup is 310.68
2022/08/31 13:31:29 [13153] building file list
2022/08/31 13:31:29 [13153] 134 files to consider
2022/08/31 13:31:29 [13153] <f.st.... mcf-form.php
2022/08/31 13:31:29 [13153] <f.st.... rsync.log
2022/08/31 13:31:29 [13153] .d..t.... .git/
2022/08/31 13:31:29 [13153] sent 4.03K bytes  received 394 bytes  2.95K bytes/sec
2022/08/31 13:31:29 [13153] total size is 1.36M  speedup is 307.12
2022/08/31 13:32:09 [13261] building file list
2022/08/31 13:32:09 [13261] 134 files to consider
2022/08/31 13:32:10 [13261] <f.st.... mcf-form.php
2022/08/31 13:32:10 [13261] <f.st.... rsync.log
2022/08/31 13:32:10 [13261] .d..t.... .git/
2022/08/31 13:32:10 [13261] sent 3.99K bytes  received 400 bytes  2.93K bytes/sec
2022/08/31 13:32:10 [13261] total size is 1.36M  speedup is 309.31
2022/08/31 13:35:05 [13410] building file list
2022/08/31 13:35:05 [13410] 134 files to consider
2022/08/31 13:35:06 [13410] <f.st.... mcf-form.php
2022/08/31 13:35:06 [13410] <f.st.... rsync.log
2022/08/31 13:35:06 [13410] .d..t.... .git/
2022/08/31 13:35:06 [13410] sent 4.37K bytes  received 400 bytes  3.18K bytes/sec
2022/08/31 13:35:06 [13410] total size is 1.36M  speedup is 284.92
2022/08/31 13:36:53 [13563] building file list
2022/08/31 13:36:53 [13563] 134 files to consider
2022/08/31 13:36:53 [13563] <f.st.... mcf-form.php
2022/08/31 13:36:53 [13563] <f.st.... rsync.log
2022/08/31 13:36:53 [13563] .d..t.... .git/
2022/08/31 13:36:53 [13563] sent 4.41K bytes  received 406 bytes  3.21K bytes/sec
2022/08/31 13:36:53 [13563] total size is 1.36M  speedup is 282.24
2022/08/31 13:38:00 [13686] building file list
2022/08/31 13:38:00 [13686] 134 files to consider
2022/08/31 13:38:00 [13686] <f.st.... mcf-form.php
2022/08/31 13:38:00 [13686] <f.st.... rsync.log
2022/08/31 13:38:00 [13686] .d..t.... .git/
2022/08/31 13:38:01 [13686] sent 4.06K bytes  received 406 bytes  2.98K bytes/sec
2022/08/31 13:38:01 [13686] total size is 1.36M  speedup is 304.20
2022/08/31 13:40:40 [13837] building file list
2022/08/31 13:40:40 [13837] 134 files to consider
2022/08/31 13:40:40 [13837] <f.st.... mcf-form.php
2022/08/31 13:40:40 [13837] <f.st.... rsync.log
2022/08/31 13:40:40 [13837] .d..t.... .git/
2022/08/31 13:40:40 [13837] sent 4.04K bytes  received 412 bytes  2.97K bytes/sec
2022/08/31 13:40:40 [13837] total size is 1.36M  speedup is 305.33
2022/08/31 13:40:54 [13961] building file list
2022/08/31 13:40:54 [13961] 134 files to consider
2022/08/31 13:40:54 [13961] <f.st.... mcf-form.php
2022/08/31 13:40:54 [13961] <f.st.... rsync.log
2022/08/31 13:40:54 [13961] .d..t.... .git/
2022/08/31 13:40:54 [13961] sent 4.07K bytes  received 406 bytes  2.98K bytes/sec
2022/08/31 13:40:54 [13961] total size is 1.36M  speedup is 303.71
2022/08/31 13:44:48 [14128] building file list
2022/08/31 13:44:48 [14128] 134 files to consider
2022/08/31 13:44:48 [14128] <f.st.... mcf-form.php
2022/08/31 13:44:48 [14128] <f.st.... rsync.log
2022/08/31 13:44:48 [14128] .d..t.... .git/
2022/08/31 13:44:48 [14128] sent 4.04K bytes  received 412 bytes  2.97K bytes/sec
2022/08/31 13:44:48 [14128] total size is 1.36M  speedup is 305.25
2022/08/31 13:47:10 [14267] building file list
2022/08/31 13:47:10 [14267] 134 files to consider
2022/08/31 13:47:10 [14267] <f.st.... mcf-form.php
2022/08/31 13:47:10 [14267] <f.st.... rsync.log
2022/08/31 13:47:10 [14267] .d..t.... .git/
2022/08/31 13:47:10 [14267] sent 3.90K bytes  received 418 bytes  2.88K bytes/sec
2022/08/31 13:47:10 [14267] total size is 1.36M  speedup is 314.89
2022/08/31 13:47:39 [14377] building file list
2022/08/31 13:47:39 [14377] 134 files to consider
2022/08/31 13:47:39 [14377] <f.st.... mcf-form.php
2022/08/31 13:47:39 [14377] <f.st.... rsync.log
2022/08/31 13:47:39 [14377] .d..t.... .git/
2022/08/31 13:47:39 [14377] sent 4.04K bytes  received 418 bytes  2.97K bytes/sec
2022/08/31 13:47:39 [14377] total size is 1.36M  speedup is 305.16
2022/08/31 13:49:40 [14520] building file list
2022/08/31 13:49:40 [14520] 134 files to consider
2022/08/31 13:49:40 [14520] <f.st.... mcf-form.php
2022/08/31 13:49:40 [14520] <f.st.... rsync.log
2022/08/31 13:49:40 [14520] .d..t.... .git/
2022/08/31 13:49:41 [14520] sent 3.94K bytes  received 424 bytes  8.73K bytes/sec
2022/08/31 13:49:41 [14520] total size is 1.36M  speedup is 311.76
2022/08/31 13:50:38 [14648] building file list
2022/08/31 13:50:38 [14648] 134 files to consider
2022/08/31 13:50:39 [14648] <f.st.... mcf-form.php
2022/08/31 13:50:39 [14648] <f.st.... rsync.log
2022/08/31 13:50:39 [14648] .d..t.... .git/
2022/08/31 13:50:39 [14648] <f.st.... css/style.css
2022/08/31 13:50:39 [14648] sent 4.31K bytes  received 470 bytes  3.19K bytes/sec
2022/08/31 13:50:39 [14648] total size is 1.36M  speedup is 284.60
2022/08/31 13:58:28 [14890] building file list
2022/08/31 13:58:28 [14890] 134 files to consider
2022/08/31 13:58:28 [14890] <f.st.... mcf-form.php
2022/08/31 13:58:28 [14890] <f.st.... rsync.log
2022/08/31 13:58:28 [14890] .d..t.... .git/
2022/08/31 13:58:28 [14890] sent 4.56K bytes  received 424 bytes  3.32K bytes/sec
2022/08/31 13:58:28 [14890] total size is 1.36M  speedup is 273.35
2022/08/31 14:02:51 [15072] building file list
2022/08/31 14:02:51 [15072] 134 files to consider
2022/08/31 14:02:51 [15072] <f.st.... mcf-form.php
2022/08/31 14:02:51 [15072] <f.st.... rsync.log
2022/08/31 14:02:51 [15072] .d..t.... .git/
2022/08/31 14:02:51 [15072] sent 4.52K bytes  received 430 bytes  3.30K bytes/sec
2022/08/31 14:02:51 [15072] total size is 1.36M  speedup is 275.60
2022/08/31 14:03:18 [15179] building file list
2022/08/31 14:03:18 [15179] 134 files to consider
2022/08/31 14:03:18 [15179] <f.st.... mcf-form.php
2022/08/31 14:03:18 [15179] <f.st.... rsync.log
2022/08/31 14:03:18 [15179] .d..t.... .git/
2022/08/31 14:03:18 [15179] sent 4.19K bytes  received 448 bytes  3.09K bytes/sec
2022/08/31 14:03:18 [15179] total size is 1.36M  speedup is 293.51
2022/08/31 14:08:16 [15359] building file list
2022/08/31 14:08:16 [15359] 134 files to consider
2022/08/31 14:08:16 [15359] <f.st.... mcf-form.php
2022/08/31 14:08:16 [15359] <f.st.... rsync.log
2022/08/31 14:08:16 [15359] .d..t.... .git/
2022/08/31 14:08:16 [15359] sent 4.27K bytes  received 442 bytes  3.14K bytes/sec
2022/08/31 14:08:16 [15359] total size is 1.36M  speedup is 289.23
2022/08/31 14:09:00 [15474] building file list
2022/08/31 14:09:00 [15474] 134 files to consider
2022/08/31 14:09:00 [15474] <f.st.... mcf-form.php
2022/08/31 14:09:00 [15474] <f.st.... rsync.log
2022/08/31 14:09:00 [15474] .d..t.... .git/
2022/08/31 14:09:00 [15474] sent 4.01K bytes  received 448 bytes  8.92K bytes/sec
2022/08/31 14:09:00 [15474] total size is 1.36M  speedup is 305.57
2022/08/31 14:11:19 [15616] building file list
2022/08/31 14:11:19 [15616] 134 files to consider
2022/08/31 14:11:19 [15616] <f.st.... mcf-form.php
2022/08/31 14:11:19 [15616] <f.st.... rsync.log
2022/08/31 14:11:19 [15616] .d..t.... .git/
2022/08/31 14:11:19 [15616] sent 3.93K bytes  received 448 bytes  2.92K bytes/sec
2022/08/31 14:11:19 [15616] total size is 1.36M  speedup is 311.59
2022/08/31 14:11:46 [15722] building file list
2022/08/31 14:11:46 [15722] 134 files to consider
2022/08/31 14:11:46 [15722] <f.st.... mcf-form.php
2022/08/31 14:11:46 [15722] <f.st.... rsync.log
2022/08/31 14:11:46 [15722] .d..t.... .git/
2022/08/31 14:11:46 [15722] sent 4.03K bytes  received 448 bytes  2.99K bytes/sec
2022/08/31 14:11:46 [15722] total size is 1.36M  speedup is 304.59
2022/08/31 14:19:38 [15962] building file list
2022/08/31 14:19:38 [15962] 134 files to consider
2022/08/31 14:19:38 [15962] <f.st.... mcf-options-page.php
2022/08/31 14:19:38 [15962] <f.st.... mcf-options.php
2022/08/31 14:19:38 [15962] <f.st.... mcf.php
2022/08/31 14:19:38 [15962] <f.st.... rsync.log
2022/08/31 14:19:38 [15962] .d..t.... .git/
2022/08/31 14:19:38 [15962] sent 4.58K bytes  received 576 bytes  3.44K bytes/sec
2022/08/31 14:19:38 [15962] total size is 1.37M  speedup is 264.89
2022/08/31 14:21:07 [16101] building file list
2022/08/31 14:21:07 [16101] 134 files to consider
2022/08/31 14:21:07 [16101] <f.st.... mcf-form.php
2022/08/31 14:21:07 [16101] <f.st.... rsync.log
2022/08/31 14:21:07 [16101] .d..t.... .git/
2022/08/31 14:21:08 [16101] sent 4.09K bytes  received 460 bytes  3.03K bytes/sec
2022/08/31 14:21:08 [16101] total size is 1.37M  speedup is 300.29
2022/08/31 14:23:08 [16248] building file list
2022/08/31 14:23:08 [16248] 134 files to consider
2022/08/31 14:23:08 [16248] <f.st.... mcf-form.php
2022/08/31 14:23:08 [16248] <f.st.... rsync.log
2022/08/31 14:23:08 [16248] .d..t.... .git/
2022/08/31 14:23:08 [16248] sent 4.35K bytes  received 466 bytes  9.63K bytes/sec
2022/08/31 14:23:08 [16248] total size is 1.37M  speedup is 283.91
2022/08/31 14:24:59 [16396] building file list
2022/08/31 14:24:59 [16396] 134 files to consider
2022/08/31 14:24:59 [16396] <f.st.... mcf-form.php
2022/08/31 14:24:59 [16396] <f.st.... rsync.log
2022/08/31 14:24:59 [16396] .d..t.... .git/
2022/08/31 14:24:59 [16396] sent 4.14K bytes  received 472 bytes  3.08K bytes/sec
2022/08/31 14:24:59 [16396] total size is 1.37M  speedup is 296.44
2022/08/31 14:25:38 [16507] building file list
2022/08/31 14:25:38 [16507] 134 files to consider
2022/08/31 14:25:38 [16507] <f.st.... mcf-form.php
2022/08/31 14:25:38 [16507] <f.st.... rsync.log
2022/08/31 14:25:38 [16507] .d..t.... .git/
2022/08/31 14:25:38 [16507] sent 4.18K bytes  received 472 bytes  3.10K bytes/sec
2022/08/31 14:25:38 [16507] total size is 1.37M  speedup is 294.10
2022/08/31 14:54:48 [16952] building file list
2022/08/31 14:54:48 [16952] 134 files to consider
2022/08/31 14:54:49 [16952] <f.st.... rsync.log
2022/08/31 14:54:49 [16952] .d..t.... .git/
2022/08/31 14:54:49 [16952] <f.st.... css/style.css
2022/08/31 14:54:49 [16952] sent 4.07K bytes  received 436 bytes  3.00K bytes/sec
2022/08/31 14:54:49 [16952] total size is 1.37M  speedup is 303.53
2022/08/31 14:57:15 [17084] building file list
2022/08/31 14:57:15 [17084] 134 files to consider
2022/08/31 14:57:15 [17084] <f.st.... rsync.log
2022/08/31 14:57:15 [17084] .d..t.... .git/
2022/08/31 14:57:15 [17084] <f.st.... css/style.css
2022/08/31 14:57:15 [17084] sent 4.13K bytes  received 436 bytes  3.04K bytes/sec
2022/08/31 14:57:15 [17084] total size is 1.37M  speedup is 299.66
2022/08/31 14:59:08 [17213] building file list
2022/08/31 14:59:08 [17213] 134 files to consider
2022/08/31 14:59:08 [17213] <f.st.... rsync.log
2022/08/31 14:59:08 [17213] .d..t.... .git/
2022/08/31 14:59:08 [17213] <f.st.... css/style.css
2022/08/31 14:59:08 [17213] sent 4.06K bytes  received 442 bytes  3.00K bytes/sec
2022/08/31 14:59:08 [17213] total size is 1.37M  speedup is 304.22
2022/08/31 15:00:17 [17328] building file list
2022/08/31 15:00:17 [17328] 134 files to consider
2022/08/31 15:00:17 [17328] <f.st.... rsync.log
2022/08/31 15:00:17 [17328] .d..t.... .git/
2022/08/31 15:00:17 [17328] <f.st.... css/style.css
2022/08/31 15:00:18 [17328] sent 4.11K bytes  received 442 bytes  9.10K bytes/sec
2022/08/31 15:00:18 [17328] total size is 1.37M  speedup is 301.03
2022/08/31 15:01:29 [17448] building file list
2022/08/31 15:01:29 [17448] 134 files to consider
2022/08/31 15:01:29 [17448] <f.st.... rsync.log
2022/08/31 15:01:29 [17448] .d..t.... .git/
2022/08/31 15:01:29 [17448] <f.st.... css/style.css
2022/08/31 15:01:29 [17448] sent 4.05K bytes  received 448 bytes  3.00K bytes/sec
2022/08/31 15:01:29 [17448] total size is 1.37M  speedup is 304.61
2022/08/31 15:01:57 [17554] building file list
2022/08/31 15:01:57 [17554] 134 files to consider
2022/08/31 15:01:57 [17554] <f.st.... rsync.log
2022/08/31 15:01:57 [17554] .d..t.... .git/
2022/08/31 15:01:57 [17554] <f.st.... css/style.css
2022/08/31 15:01:57 [17554] sent 4.08K bytes  received 448 bytes  3.02K bytes/sec
2022/08/31 15:01:57 [17554] total size is 1.37M  speedup is 302.55
2022/08/31 15:02:12 [17658] building file list
2022/08/31 15:02:12 [17658] 134 files to consider
2022/08/31 15:02:12 [17658] <f.st.... rsync.log
2022/08/31 15:02:12 [17658] .d..t.... .git/
2022/08/31 15:02:12 [17658] <f.st.... css/style.css
2022/08/31 15:02:12 [17658] sent 4.04K bytes  received 454 bytes  3.00K bytes/sec
2022/08/31 15:02:12 [17658] total size is 1.37M  speedup is 304.86
2022/08/31 15:02:29 [17765] building file list
2022/08/31 15:02:29 [17765] 134 files to consider
2022/08/31 15:02:29 [17765] <f.st.... rsync.log
2022/08/31 15:02:29 [17765] .d..t.... .git/
2022/08/31 15:02:29 [17765] <f.st.... css/style.css
2022/08/31 15:02:29 [17765] sent 4.00K bytes  received 460 bytes  2.97K bytes/sec
2022/08/31 15:02:29 [17765] total size is 1.37M  speedup is 307.61
2022/08/31 15:03:31 [17877] building file list
2022/08/31 15:03:31 [17877] 134 files to consider
2022/08/31 15:03:31 [17877] <f.st.... rsync.log
2022/08/31 15:03:31 [17877] .d..t.... .git/
2022/08/31 15:03:31 [17877] <f.st.... css/style.css
2022/08/31 15:03:31 [17877] sent 4.05K bytes  received 460 bytes  3.00K bytes/sec
2022/08/31 15:03:31 [17877] total size is 1.37M  speedup is 304.29
2022/08/31 15:04:51 [17996] building file list
2022/08/31 15:04:51 [17996] 134 files to consider
2022/08/31 15:04:51 [17996] <f.st.... rsync.log
2022/08/31 15:04:51 [17996] .d..t.... .git/
2022/08/31 15:04:51 [17996] <f.st.... css/style.css
2022/08/31 15:04:52 [17996] sent 4.02K bytes  received 466 bytes  2.99K bytes/sec
2022/08/31 15:04:52 [17996] total size is 1.37M  speedup is 305.60
2022/08/31 15:05:41 [18117] building file list
2022/08/31 15:05:41 [18117] 134 files to consider
2022/08/31 15:05:41 [18117] <f.st.... rsync.log
2022/08/31 15:05:41 [18117] .d..t.... .git/
2022/08/31 15:05:41 [18117] <f.st.... css/style.css
2022/08/31 15:05:42 [18117] sent 4.30K bytes  received 466 bytes  3.17K bytes/sec
2022/08/31 15:05:42 [18117] total size is 1.37M  speedup is 288.23
2022/08/31 15:06:40 [18233] building file list
2022/08/31 15:06:40 [18233] 134 files to consider
2022/08/31 15:06:40 [18233] <f.st.... rsync.log
2022/08/31 15:06:40 [18233] .d..t.... .git/
2022/08/31 15:06:40 [18233] <f.st.... css/style.css
2022/08/31 15:06:41 [18233] sent 4.03K bytes  received 472 bytes  9.01K bytes/sec
2022/08/31 15:06:41 [18233] total size is 1.37M  speedup is 304.76
2022/08/31 15:07:00 [18338] building file list
2022/08/31 15:07:00 [18338] 134 files to consider
2022/08/31 15:07:01 [18338] <f.st.... rsync.log
2022/08/31 15:07:01 [18338] .d..t.... .git/
2022/08/31 15:07:01 [18338] <f.st.... css/style.css
2022/08/31 15:07:01 [18338] sent 4.09K bytes  received 472 bytes  3.04K bytes/sec
2022/08/31 15:07:01 [18338] total size is 1.37M  speedup is 301.03
2022/08/31 15:09:49 [18483] building file list
2022/08/31 15:09:49 [18483] 134 files to consider
2022/08/31 15:09:49 [18483] <f.st.... rsync.log
2022/08/31 15:09:49 [18483] .d..t.... .git/
2022/08/31 15:09:49 [18483] <f.st.... css/style.css
2022/08/31 15:09:49 [18483] sent 4.18K bytes  received 478 bytes  3.11K bytes/sec
2022/08/31 15:09:49 [18483] total size is 1.37M  speedup is 294.85
2022/08/31 15:10:35 [18601] building file list
2022/08/31 15:10:35 [18601] 134 files to consider
2022/08/31 15:10:35 [18601] <f.st.... rsync.log
2022/08/31 15:10:35 [18601] .d..t.... .git/
2022/08/31 15:10:35 [18601] <f.st.... css/style.css
2022/08/31 15:10:35 [18601] sent 4.23K bytes  received 478 bytes  9.42K bytes/sec
2022/08/31 15:10:35 [18601] total size is 1.37M  speedup is 291.87
2022/08/31 15:16:17 [18798] building file list
2022/08/31 15:16:17 [18798] 134 files to consider
2022/08/31 15:16:17 [18798] <f.st.... rsync.log
2022/08/31 15:16:17 [18798] .d..t.... .git/
2022/08/31 15:16:17 [18798] <f.st.... js/mcf-script.js
2022/08/31 15:16:18 [18798] sent 4.04K bytes  received 502 bytes  9.09K bytes/sec
2022/08/31 15:16:18 [18798] total size is 1.37M  speedup is 302.36
2022/08/31 15:17:35 [18926] building file list
2022/08/31 15:17:35 [18926] 134 files to consider
2022/08/31 15:17:35 [18926] <f.st.... mcf-form.php
2022/08/31 15:17:35 [18926] <f.st.... rsync.log
2022/08/31 15:17:35 [18926] .d..t.... .git/
2022/08/31 15:17:35 [18926] sent 4.05K bytes  received 532 bytes  3.05K bytes/sec
2022/08/31 15:17:35 [18926] total size is 1.37M  speedup is 300.33
2022/08/31 15:18:56 [19049] building file list
2022/08/31 15:18:56 [19049] 134 files to consider
2022/08/31 15:18:56 [19049] <f.st.... mcf-form.php
2022/08/31 15:18:56 [19049] <f.st.... rsync.log
2022/08/31 15:18:56 [19049] .d..t.... .git/
2022/08/31 15:18:56 [19049] sent 4.12K bytes  received 532 bytes  3.10K bytes/sec
2022/08/31 15:18:56 [19049] total size is 1.38M  speedup is 295.96
2022/08/31 15:19:40 [19160] building file list
2022/08/31 15:19:40 [19160] 134 files to consider
2022/08/31 15:19:40 [19160] <f.st.... mcf-form.php
2022/08/31 15:19:40 [19160] <f.st.... rsync.log
2022/08/31 15:19:40 [19160] .d..t.... .git/
2022/08/31 15:19:40 [19160] sent 4.07K bytes  received 538 bytes  3.07K bytes/sec
2022/08/31 15:19:40 [19160] total size is 1.38M  speedup is 298.55
2022/08/31 15:22:05 [19357] building file list
2022/08/31 15:22:05 [19357] 134 files to consider
2022/08/31 15:22:05 [19357] <f.st.... mcf-form.php
2022/08/31 15:22:05 [19357] <f.st.... rsync.log
2022/08/31 15:22:05 [19357] .d..t.... .git/
2022/08/31 15:22:05 [19357] <f.st.... js/mcf-script.js
2022/08/31 15:22:05 [19357] sent 4.33K bytes  received 602 bytes  3.29K bytes/sec
2022/08/31 15:22:05 [19357] total size is 1.38M  speedup is 278.84
2022/08/31 15:28:35 [19566] building file list
2022/08/31 15:28:35 [19566] 134 files to consider
2022/08/31 15:28:35 [19566] <f.st.... mcf.php
2022/08/31 15:28:35 [19566] <f.st.... rsync.log
2022/08/31 15:28:35 [19566] .d..t.... .git/
2022/08/31 15:28:35 [19566] <f..t.... .git/index
2022/08/31 15:28:35 [19566] sent 4.90K bytes  received 572 bytes  3.65K bytes/sec
2022/08/31 15:28:35 [19566] total size is 1.38M  speedup is 251.48
2022/08/31 15:29:21 [19681] building file list
2022/08/31 15:29:21 [19681] 134 files to consider
2022/08/31 15:29:21 [19681] <f.st.... mcf.php
2022/08/31 15:29:21 [19681] <f.st.... rsync.log
2022/08/31 15:29:21 [19681] .d..t.... .git/
2022/08/31 15:29:22 [19681] sent 4.05K bytes  received 526 bytes  3.05K bytes/sec
2022/08/31 15:29:22 [19681] total size is 1.38M  speedup is 300.71
2022/08/31 15:32:10 [19816] building file list
2022/08/31 15:32:10 [19816] 134 files to consider
2022/08/31 15:32:11 [19816] <f.st.... mcf.php
2022/08/31 15:32:11 [19816] <f.st.... rsync.log
2022/08/31 15:32:11 [19816] .d..t.... .git/
2022/08/31 15:32:11 [19816] sent 4.01K bytes  received 532 bytes  3.03K bytes/sec
2022/08/31 15:32:11 [19816] total size is 1.38M  speedup is 303.11
2022/08/31 15:36:07 [19991] building file list
2022/08/31 15:36:07 [19991] 134 files to consider
2022/08/31 15:36:07 [19991] <f.st.... mcf.php
2022/08/31 15:36:07 [19991] <f.st.... rsync.log
2022/08/31 15:36:07 [19991] .d..t.... .git/
2022/08/31 15:36:07 [19991] sent 3.99K bytes  received 538 bytes  3.02K bytes/sec
2022/08/31 15:36:07 [19991] total size is 1.38M  speedup is 304.13
2022/08/31 15:37:15 [20111] building file list
2022/08/31 15:37:15 [20111] 134 files to consider
2022/08/31 15:37:15 [20111] <f.st.... mcf.php
2022/08/31 15:37:15 [20111] <f.st.... rsync.log
2022/08/31 15:37:15 [20111] .d..t.... .git/
2022/08/31 15:37:16 [20111] sent 4.03K bytes  received 538 bytes  9.13K bytes/sec
2022/08/31 15:37:16 [20111] total size is 1.38M  speedup is 301.82
2022/08/31 15:41:49 [20275] building file list
2022/08/31 15:41:49 [20275] 134 files to consider
2022/08/31 15:41:49 [20275] <f.st.... mcf.php
2022/08/31 15:41:49 [20275] <f.st.... rsync.log
2022/08/31 15:41:49 [20275] .d..t.... .git/
2022/08/31 15:41:49 [20275] sent 4.24K bytes  received 544 bytes  9.57K bytes/sec
2022/08/31 15:41:49 [20275] total size is 1.38M  speedup is 288.25
2022/08/31 15:42:11 [20382] building file list
2022/08/31 15:42:11 [20382] 134 files to consider
2022/08/31 15:42:11 [20382] <f.st.... mcf.php
2022/08/31 15:42:11 [20382] <f.st.... rsync.log
2022/08/31 15:42:11 [20382] .d..t.... .git/
2022/08/31 15:42:11 [20382] sent 4.08K bytes  received 544 bytes  3.08K bytes/sec
2022/08/31 15:42:11 [20382] total size is 1.38M  speedup is 298.44
2022/08/31 15:43:38 [20509] building file list
2022/08/31 15:43:38 [20509] 134 files to consider
2022/08/31 15:43:38 [20509] <f.st.... mcf.php
2022/08/31 15:43:38 [20509] <f.st.... rsync.log
2022/08/31 15:43:38 [20509] .d..t.... .git/
2022/08/31 15:43:38 [20509] sent 4.04K bytes  received 550 bytes  9.18K bytes/sec
2022/08/31 15:43:38 [20509] total size is 1.38M  speedup is 300.67
2022/08/31 15:45:12 [20625] building file list
2022/08/31 15:45:12 [20625] 134 files to consider
2022/08/31 15:45:12 [20625] <f.st.... mcf.php
2022/08/31 15:45:12 [20625] <f.st.... rsync.log
2022/08/31 15:45:12 [20625] .d..t.... .git/
2022/08/31 15:45:12 [20625] sent 4.04K bytes  received 550 bytes  9.18K bytes/sec
2022/08/31 15:45:12 [20625] total size is 1.38M  speedup is 300.48
2022/08/31 15:47:20 [20761] building file list
2022/08/31 15:47:20 [20761] 134 files to consider
2022/08/31 15:47:20 [20761] <f..t.... mcf.php
2022/08/31 15:47:20 [20761] <f.st.... rsync.log
2022/08/31 15:47:20 [20761] .d..t.... .git/
2022/08/31 15:47:21 [20761] sent 4.29K bytes  received 556 bytes  3.23K bytes/sec
2022/08/31 15:47:21 [20761] total size is 1.38M  speedup is 284.69
2022/08/31 15:51:32 [20930] building file list
2022/08/31 15:51:32 [20930] 134 files to consider
2022/08/31 15:51:32 [20930] <f.st.... mcf.php
2022/08/31 15:51:32 [20930] <f.st.... rsync.log
2022/08/31 15:51:32 [20930] .d..t.... .git/
2022/08/31 15:51:33 [20930] sent 4.35K bytes  received 556 bytes  9.81K bytes/sec
2022/08/31 15:51:33 [20930] total size is 1.38M  speedup is 281.46
2022/08/31 15:54:16 [21062] building file list
2022/08/31 15:54:16 [21062] 134 files to consider
2022/08/31 15:54:16 [21062] <f.st.... mcf.php
2022/08/31 15:54:16 [21062] <f.st.... rsync.log
2022/08/31 15:54:16 [21062] .d..t.... .git/
2022/08/31 15:54:16 [21062] sent 4.05K bytes  received 562 bytes  3.08K bytes/sec
2022/08/31 15:54:16 [21062] total size is 1.38M  speedup is 299.36
2022/08/31 15:55:34 [21191] building file list
2022/08/31 15:55:34 [21191] 134 files to consider
2022/08/31 15:55:34 [21191] <f.st.... mcf.php
2022/08/31 15:55:34 [21191] <f.st.... rsync.log
2022/08/31 15:55:34 [21191] .d..t.... .git/
2022/08/31 15:55:34 [21191] sent 3.98K bytes  received 568 bytes  3.03K bytes/sec
2022/08/31 15:55:34 [21191] total size is 1.38M  speedup is 303.72
2022/08/31 15:57:49 [21325] building file list
2022/08/31 15:57:49 [21325] 134 files to consider
2022/08/31 15:57:49 [21325] <f.st.... rsync.log
2022/08/31 15:57:49 [21325] .d..t.... .git/
2022/08/31 15:57:49 [21325] <f.st.... css/style.css
2022/08/31 15:57:49 [21325] sent 4.26K bytes  received 544 bytes  3.20K bytes/sec
2022/08/31 15:57:49 [21325] total size is 1.38M  speedup is 287.77
2022/08/31 15:58:34 [21436] building file list
2022/08/31 15:58:34 [21436] 134 files to consider
2022/08/31 15:58:34 [21436] <f.st.... rsync.log
2022/08/31 15:58:34 [21436] .d..t.... .git/
2022/08/31 15:58:34 [21436] <f.st.... css/style.css
2022/08/31 15:58:34 [21436] sent 4.03K bytes  received 550 bytes  3.06K bytes/sec
2022/08/31 15:58:34 [21436] total size is 1.38M  speedup is 301.55
2022/08/31 15:59:23 [21548] building file list
2022/08/31 15:59:23 [21548] 134 files to consider
2022/08/31 15:59:23 [21548] <f.st.... rsync.log
2022/08/31 15:59:23 [21548] .d..t.... .git/
2022/08/31 15:59:23 [21548] <f.st.... css/style.css
2022/08/31 15:59:23 [21548] sent 4.29K bytes  received 550 bytes  3.23K bytes/sec
2022/08/31 15:59:23 [21548] total size is 1.38M  speedup is 285.32
2022/08/31 16:02:49 [21701] building file list
2022/08/31 16:02:49 [21701] 134 files to consider
2022/08/31 16:02:50 [21701] <f.st.... rsync.log
2022/08/31 16:02:50 [21701] .d..t.... .git/
2022/08/31 16:02:50 [21701] <f.st.... css/style.css
2022/08/31 16:02:50 [21701] sent 4.16K bytes  received 556 bytes  1.35K bytes/sec
2022/08/31 16:02:50 [21701] total size is 1.38M  speedup is 293.40
2022/08/31 16:09:29 [21899] building file list
2022/08/31 16:09:29 [21899] 134 files to consider
2022/08/31 16:09:29 [21899] <f.st.... rsync.log
2022/08/31 16:09:29 [21899] .d..t.... .git/
2022/08/31 16:09:29 [21899] <f.st.... css/style.css
2022/08/31 16:09:29 [21899] sent 4.04K bytes  received 556 bytes  3.06K bytes/sec
2022/08/31 16:09:29 [21899] total size is 1.38M  speedup is 300.91
2022/08/31 16:12:06 [22041] building file list
2022/08/31 16:12:06 [22041] 134 files to consider
2022/08/31 16:12:06 [22041] <f.st.... rsync.log
2022/08/31 16:12:06 [22041] .d..t.... .git/
2022/08/31 16:12:06 [22041] <f.st.... css/style.css
2022/08/31 16:12:06 [22041] sent 4.00K bytes  received 568 bytes  3.04K bytes/sec
2022/08/31 16:12:06 [22041] total size is 1.38M  speedup is 303.18
2022/08/31 16:13:52 [22181] building file list
2022/08/31 16:13:52 [22181] 134 files to consider
2022/08/31 16:13:52 [22181] <f.st.... mcf-form.php
2022/08/31 16:13:52 [22181] <f.st.... rsync.log
2022/08/31 16:13:52 [22181] .d..t.... .git/
2022/08/31 16:13:52 [22181] sent 4.11K bytes  received 604 bytes  3.14K bytes/sec
2022/08/31 16:13:52 [22181] total size is 1.38M  speedup is 293.42
2022/08/31 16:16:09 [22310] building file list
2022/08/31 16:16:09 [22310] 134 files to consider
2022/08/31 16:16:09 [22310] <f.st.... mcf-form.php
2022/08/31 16:16:09 [22310] <f.st.... rsync.log
2022/08/31 16:16:09 [22310] .d..t.... .git/
2022/08/31 16:16:09 [22310] sent 4.04K bytes  received 610 bytes  3.10K bytes/sec
2022/08/31 16:16:09 [22310] total size is 1.38M  speedup is 297.55
2022/08/31 16:17:49 [22435] building file list
2022/08/31 16:17:49 [22435] 134 files to consider
2022/08/31 16:17:49 [22435] <f.st.... mcf-form.php
2022/08/31 16:17:49 [22435] <f.st.... rsync.log
2022/08/31 16:17:49 [22435] .d..t.... .git/
2022/08/31 16:17:49 [22435] sent 4.26K bytes  received 616 bytes  3.25K bytes/sec
2022/08/31 16:17:49 [22435] total size is 1.38M  speedup is 283.73
2022/08/31 16:19:21 [22561] building file list
2022/08/31 16:19:21 [22561] 134 files to consider
2022/08/31 16:19:21 [22561] <f.st.... rsync.log
2022/08/31 16:19:21 [22561] .d..t.... .git/
2022/08/31 16:19:21 [22561] <f.st.... css/style.css
2022/08/31 16:19:21 [22561] sent 4.09K bytes  received 580 bytes  9.35K bytes/sec
2022/08/31 16:19:21 [22561] total size is 1.39M  speedup is 296.32
2022/08/31 16:20:47 [22680] building file list
2022/08/31 16:20:47 [22680] 134 files to consider
2022/08/31 16:20:47 [22680] <f.st.... rsync.log
2022/08/31 16:20:47 [22680] .d..t.... .git/
2022/08/31 16:20:47 [22680] <f.st.... css/style.css
2022/08/31 16:20:47 [22680] sent 4.05K bytes  received 586 bytes  3.09K bytes/sec
2022/08/31 16:20:47 [22680] total size is 1.39M  speedup is 298.96
2022/08/31 16:23:40 [22821] building file list
2022/08/31 16:23:40 [22821] 134 files to consider
2022/08/31 16:23:40 [22821] <f.st.... rsync.log
2022/08/31 16:23:40 [22821] .d..t.... .git/
2022/08/31 16:23:40 [22821] <f.st.... css/style.css
2022/08/31 16:23:41 [22821] sent 4.02K bytes  received 586 bytes  3.07K bytes/sec
2022/08/31 16:23:41 [22821] total size is 1.39M  speedup is 300.88
2022/08/31 16:25:41 [22961] building file list
2022/08/31 16:25:41 [22961] 134 files to consider
2022/08/31 16:25:41 [22961] <f.st.... mcf.php
2022/08/31 16:25:41 [22961] <f.st.... rsync.log
2022/08/31 16:25:41 [22961] .d..t.... .git/
2022/08/31 16:25:41 [22961] sent 4.09K bytes  received 610 bytes  3.14K bytes/sec
2022/08/31 16:25:41 [22961] total size is 1.39M  speedup is 294.70
2022/08/31 16:52:46 [23434] building file list
2022/08/31 16:52:46 [23434] 134 files to consider
2022/08/31 16:52:46 [23434] <f.st.... rsync.log
2022/08/31 16:52:46 [23434] .d..t.... .git/
2022/08/31 16:52:46 [23434] .d..t.... languages/
2022/08/31 16:52:46 [23434] <f..t.... languages/mcf-de_DE.mo
2022/08/31 16:52:46 [23434] <f..t.... languages/mcf-de_DE.po
2022/08/31 16:52:46 [23434] <f..t.... languages/mcf-de_DE_formal.mo
2022/08/31 16:52:46 [23434] <f..t.... languages/mcf-de_DE_formal.po
2022/08/31 16:52:46 [23434] <f..t.... languages/mcf.pot
2022/08/31 16:52:46 [23434] sent 4.01K bytes  received 890 bytes  3.27K bytes/sec
2022/08/31 16:52:46 [23434] total size is 1.38M  speedup is 281.40
2022/09/12 09:51:06 [24355] building file list
2022/09/12 09:51:06 [24355] 172 files to consider
2022/09/12 09:51:06 [24355] <f.st.... mcf-form.php
2022/09/12 09:51:06 [24355] <f.st.... readme.txt
2022/09/12 09:51:06 [24355] <f.st.... rsync.log
2022/09/12 09:51:06 [24355] .d..t.... .git/
2022/09/12 09:51:06 [24355] <f.st.... .git/COMMIT_EDITMSG
2022/09/12 09:51:06 [24355] <f..t.... .git/index
2022/09/12 09:51:06 [24355] <f.st.... .git/logs/HEAD
2022/09/12 09:51:06 [24355] <f.st.... .git/logs/refs/heads/master
2022/09/12 09:51:06 [24355] <f.st.... .git/logs/refs/remotes/origin/master
2022/09/12 09:51:06 [24355] .d..t.... .git/objects/
2022/09/12 09:51:06 [24355] cd+++++++ .git/objects/02/
2022/09/12 09:51:06 [24355] <f+++++++ .git/objects/02/1b908187a25b8f361b77a81c5ef3a9e77308aa
2022/09/12 09:51:06 [24355] cd+++++++ .git/objects/07/
2022/09/12 09:51:06 [24355] <f+++++++ .git/objects/07/b381a5892e907738f66d7c0f48f97ca3a9cc30
2022/09/12 09:51:06 [24355] cd+++++++ .git/objects/09/
2022/09/12 09:51:06 [24355] <f+++++++ .git/objects/09/68affcc6f4b3b6723008c512e8b07e75a67781
2022/09/12 09:51:06 [24355] cd+++++++ .git/objects/19/
2022/09/12 09:51:06 [24355] <f+++++++ .git/objects/19/cdcbf9bf1ab020a60602c5c4c98d394d7a2ead
2022/09/12 09:51:06 [24355] cd+++++++ .git/objects/52/
2022/09/12 09:51:06 [24355] <f+++++++ .git/objects/52/088703c2e58dccac6540f0c89a7bbd8c910604
2022/09/12 09:51:06 [24355] cd+++++++ .git/objects/54/
2022/09/12 09:51:06 [24355] <f+++++++ .git/objects/54/ab2d73d48f5558ff52320c3cbe8e3b0ba2f89b
2022/09/12 09:51:06 [24355] cd+++++++ .git/objects/57/
2022/09/12 09:51:06 [24355] <f+++++++ .git/objects/57/808534cfb9d4c4141c090763539db5250c49f1
2022/09/12 09:51:06 [24355] cd+++++++ .git/objects/76/
2022/09/12 09:51:06 [24355] <f+++++++ .git/objects/76/34686a3f63c37ed388d4d6ab18f902798606ef
2022/09/12 09:51:06 [24355] cd+++++++ .git/objects/78/
2022/09/12 09:51:06 [24355] <f+++++++ .git/objects/78/3bc120e2fe71d7ed9603c9bc8c609b57abd6d8
2022/09/12 09:51:06 [24355] cd+++++++ .git/objects/7e/
2022/09/12 09:51:06 [24355] <f+++++++ .git/objects/7e/4d8486e0745d9b482fdaf3faad1920263d3ba1
2022/09/12 09:51:06 [24355] cd+++++++ .git/objects/9c/
2022/09/12 09:51:06 [24355] <f+++++++ .git/objects/9c/61e823d2fe621bd5d3bc9d3bbe3c47dbe55e26
2022/09/12 09:51:06 [24355] cd+++++++ .git/objects/b8/
2022/09/12 09:51:06 [24355] <f+++++++ .git/objects/b8/8d61eb8b3e750ce4c3c21b92d646c4d98d375f
2022/09/12 09:51:06 [24355] cd+++++++ .git/objects/c5/
2022/09/12 09:51:06 [24355] <f+++++++ .git/objects/c5/7db1c63a95ea8bfbbcc82c1d7ed3f6ed69b5b0
2022/09/12 09:51:06 [24355] cd+++++++ .git/objects/c6/
2022/09/12 09:51:06 [24355] <f+++++++ .git/objects/c6/824553e528886e2638383dbacb61c53af7b1bb
2022/09/12 09:51:06 [24355] <f+++++++ .git/objects/c6/e3cdd927ae009eff394585e39fc4e355b88b58
2022/09/12 09:51:06 [24355] cd+++++++ .git/objects/c9/
2022/09/12 09:51:06 [24355] <f+++++++ .git/objects/c9/73d62751d052b0bb01e1abddfa3278b9247c09
2022/09/12 09:51:06 [24355] cd+++++++ .git/objects/db/
2022/09/12 09:51:06 [24355] <f+++++++ .git/objects/db/1a36411af1c330fea20720bf520b031b250b65
2022/09/12 09:51:06 [24355] cd+++++++ .git/objects/df/
2022/09/12 09:51:06 [24355] <f+++++++ .git/objects/df/36241327e8212d05c69be60a897b7baa1b4207
2022/09/12 09:51:06 [24355] .d..t.... .git/objects/fa/
2022/09/12 09:51:06 [24355] <f+++++++ .git/objects/fa/89be8b62673bc3c0f0552b18fe87ba9ca083ae
2022/09/12 09:51:06 [24355] cd+++++++ .git/objects/ff/
2022/09/12 09:51:06 [24355] <f+++++++ .git/objects/ff/c14c3ebea69ee1c22cf41a28e9fedf4b0e06a4
2022/09/12 09:51:06 [24355] .d..t.... .git/refs/heads/
2022/09/12 09:51:06 [24355] <f..t.... .git/refs/heads/master
2022/09/12 09:51:06 [24355] .d..t.... .git/refs/remotes/origin/
2022/09/12 09:51:06 [24355] <f..t.... .git/refs/remotes/origin/master
2022/09/12 09:51:06 [24355] sent 41.98K bytes  received 1.50K bytes  86.95K bytes/sec
2022/09/12 09:51:06 [24355] total size is 1.41M  speedup is 32.52
2022/09/12 09:53:42 [24513] building file list
2022/09/12 09:53:42 [24513] 172 files to consider
2022/09/12 09:53:42 [24513] <f..t.... mcf.php
2022/09/12 09:53:42 [24513] <f.st.... readme.txt
2022/09/12 09:53:42 [24513] <f.st.... rsync.log
2022/09/12 09:53:42 [24513] .d..t.... .git/
2022/09/12 09:53:42 [24513] sent 6.93K bytes  received 686 bytes  15.24K bytes/sec
2022/09/12 09:53:42 [24513] total size is 1.42M  speedup is 186.08
2022/09/12 09:58:24 [24678] building file list
2022/09/12 09:58:24 [24678] 172 files to consider
2022/09/12 09:58:24 [24678] <f..t.... readme.txt
2022/09/12 09:58:24 [24678] <f.st.... rsync.log
2022/09/12 09:58:24 [24678] .d..t.... .git/
2022/09/12 09:58:24 [24678] sent 5.47K bytes  received 652 bytes  12.24K bytes/sec
2022/09/12 09:58:24 [24678] total size is 1.42M  speedup is 231.65
2022/12/13 09:10:47 [79035] building file list
2022/12/13 09:10:47 [79035] 192 files to consider
2022/12/13 09:10:47 [79035] <f.st.... .DS_Store
2022/12/13 09:10:47 [79035] <f.st.... rsync.log
2022/12/13 09:10:47 [79035] .d..t.... .git/
2022/12/13 09:10:47 [79035] <f.st.... .git/COMMIT_EDITMSG
2022/12/13 09:10:47 [79035] <f..t.... .git/index
2022/12/13 09:10:47 [79035] <f.st.... .git/logs/HEAD
2022/12/13 09:10:47 [79035] <f.st.... .git/logs/refs/heads/master
2022/12/13 09:10:47 [79035] <f.st.... .git/logs/refs/remotes/origin/master
2022/12/13 09:10:47 [79035] .d..t.... .git/objects/
2022/12/13 09:10:47 [79035] cd+++++++ .git/objects/0f/
2022/12/13 09:10:48 [79035] <f+++++++ .git/objects/0f/849ffc0f261e6ca3a771584e71a33cc6e1f966
2022/12/13 09:10:48 [79035] cd+++++++ .git/objects/25/
2022/12/13 09:10:48 [79035] <f+++++++ .git/objects/25/9488f0d41a69d679df3db3e1292245ffd10524
2022/12/13 09:10:48 [79035] cd+++++++ .git/objects/6f/
2022/12/13 09:10:48 [79035] <f+++++++ .git/objects/6f/c278f6f5a3dbded3f7171dc7527c69ea72dddf
2022/12/13 09:10:48 [79035] cd+++++++ .git/objects/89/
2022/12/13 09:10:48 [79035] <f+++++++ .git/objects/89/6563be59185d3b632a05f5aa53f39caee33d23
2022/12/13 09:10:48 [79035] cd+++++++ .git/objects/d6/
2022/12/13 09:10:48 [79035] <f+++++++ .git/objects/d6/d7ca4a1c46590993ffbda25ff642da1a895400
2022/12/13 09:10:48 [79035] cd+++++++ .git/objects/f3/
2022/12/13 09:10:48 [79035] <f+++++++ .git/objects/f3/d464cecb35944221746e54ab22d9179eb2c18c
2022/12/13 09:10:48 [79035] .d..t.... .git/refs/heads/
2022/12/13 09:10:48 [79035] <f..t.... .git/refs/heads/master
2022/12/13 09:10:48 [79035] .d..t.... .git/refs/remotes/origin/
2022/12/13 09:10:48 [79035] <f..t.... .git/refs/remotes/origin/master
2022/12/13 09:10:48 [79035] .d..t.... languages/
2022/12/13 09:10:48 [79035] <f+++++++ languages/mcf-es_ES.mo
2022/12/13 09:10:48 [79035] <f+++++++ languages/mcf-es_ES.po
2022/12/13 09:10:48 [79035] <f+++++++ languages/mcf-fr_FR.mo
2022/12/13 09:10:48 [79035] <f+++++++ languages/mcf-fr_FR.po
2022/12/13 09:10:48 [79035] <f+++++++ languages/mcf-it_IT.mo
2022/12/13 09:10:48 [79035] <f+++++++ languages/mcf-it_IT.po
2022/12/13 09:10:48 [79035] <f+++++++ languages/mcf-ru_RU.mo
2022/12/13 09:10:48 [79035] <f+++++++ languages/mcf-ru_RU.po
2022/12/13 09:10:48 [79035] sent 36.63K bytes  received 1.27K bytes  25.27K bytes/sec
2022/12/13 09:10:48 [79035] total size is 1.47M  speedup is 38.68
2022/12/13 10:20:47 [80792] building file list
2022/12/13 10:20:47 [80792] 192 files to consider
2022/12/13 10:20:47 [80792] *deleting languages/mcf-es_ES-backup-202212130902100.po~
2022/12/13 10:20:47 [80792] <f.st.... mcf-form.php
2022/12/13 10:20:47 [80792] <f.st.... rsync.log
2022/12/13 10:20:47 [80792] .d..t.... .git/
2022/12/13 10:20:47 [80792] .d..t.... languages/
2022/12/13 10:20:47 [80792] <f..t.... languages/mcf-es_ES.mo
2022/12/13 10:20:47 [80792] <f..t.... languages/mcf-es_ES.po
2022/12/13 10:20:47 [80792] sent 6.43K bytes  received 828 bytes  14.52K bytes/sec
2022/12/13 10:20:47 [80792] total size is 1.47M  speedup is 202.77
2022/12/13 10:29:58 [81160] building file list
2022/12/13 10:29:58 [81160] 194 files to consider
2022/12/13 10:29:58 [81160] .d..t.... ./
2022/12/13 10:29:58 [81160] <f..t.... .DS_Store
2022/12/13 10:29:58 [81160] <f.st.... rsync.log
2022/12/13 10:29:58 [81160] .d..t.... .git/
2022/12/13 10:29:58 [81160] <f.st.... css/style.css
2022/12/13 10:29:58 [81160] cd+++++++ img/
2022/12/13 10:29:58 [81160] <f+++++++ img/uncheck-switcher.svg
2022/12/13 10:29:58 [81160] sent 7.02K bytes  received 792 bytes  15.62K bytes/sec
2022/12/13 10:29:58 [81160] total size is 1.47M  speedup is 188.69
2022/12/13 10:31:57 [81305] building file list
2022/12/13 10:31:57 [81305] 194 files to consider
2022/12/13 10:31:57 [81305] <f.st.... rsync.log
2022/12/13 10:31:57 [81305] .d..t.... .git/
2022/12/13 10:31:57 [81305] <f..t.... css/style.css
2022/12/13 10:31:57 [81305] sent 6.01K bytes  received 670 bytes  4.45K bytes/sec
2022/12/13 10:31:57 [81305] total size is 1.47M  speedup is 220.83
2022/12/13 10:32:56 [81419] building file list
2022/12/13 10:32:56 [81419] 194 files to consider
2022/12/13 10:32:56 [81419] <f.st.... rsync.log
2022/12/13 10:32:56 [81419] .d..t.... .git/
2022/12/13 10:32:56 [81419] <f.st.... css/style.css
2022/12/13 10:32:56 [81419] sent 5.94K bytes  received 676 bytes  4.41K bytes/sec
2022/12/13 10:32:56 [81419] total size is 1.47M  speedup is 222.79
2022/12/13 10:35:52 [81588] building file list
2022/12/13 10:35:52 [81588] 194 files to consider
2022/12/13 10:35:52 [81588] <f.st.... rsync.log
2022/12/13 10:35:52 [81588] .d..t.... .git/
2022/12/13 10:35:52 [81588] <f.st.... css/style.css
2022/12/13 10:35:52 [81588] sent 6.23K bytes  received 676 bytes  4.60K bytes/sec
2022/12/13 10:35:52 [81588] total size is 1.48M  speedup is 213.72
2022/12/13 10:38:02 [81734] building file list
2022/12/13 10:38:02 [81734] 194 files to consider
2022/12/13 10:38:02 [81734] <f.st.... rsync.log
2022/12/13 10:38:02 [81734] .d..t.... .git/
2022/12/13 10:38:02 [81734] <f.st.... css/style.css
2022/12/13 10:38:02 [81734] sent 6.04K bytes  received 682 bytes  4.48K bytes/sec
2022/12/13 10:38:02 [81734] total size is 1.48M  speedup is 219.73
2022/12/13 10:41:42 [81906] building file list
2022/12/13 10:41:42 [81906] 194 files to consider
2022/12/13 10:41:42 [81906] <f.st.... rsync.log
2022/12/13 10:41:42 [81906] .d..t.... .git/
2022/12/13 10:41:42 [81906] <f.st.... css/style.css
2022/12/13 10:41:42 [81906] sent 5.92K bytes  received 694 bytes  13.22K bytes/sec
2022/12/13 10:41:42 [81906] total size is 1.48M  speedup is 223.35
2022/12/13 10:42:37 [82020] building file list
2022/12/13 10:42:37 [82020] 194 files to consider
2022/12/13 10:42:37 [82020] <f.st.... rsync.log
2022/12/13 10:42:37 [82020] .d..t.... .git/
2022/12/13 10:42:37 [82020] <f..t.... css/style.css
2022/12/13 10:42:37 [82020] sent 5.73K bytes  received 694 bytes  12.86K bytes/sec
2022/12/13 10:42:37 [82020] total size is 1.48M  speedup is 229.73
2022/12/13 10:44:49 [82164] building file list
2022/12/13 10:44:49 [82164] 194 files to consider
2022/12/13 10:44:49 [82164] <f.st.... rsync.log
2022/12/13 10:44:49 [82164] .d..t.... .git/
2022/12/13 10:44:49 [82164] <f.st.... css/style.css
2022/12/13 10:44:49 [82164] sent 6.09K bytes  received 700 bytes  13.59K bytes/sec
2022/12/13 10:44:49 [82164] total size is 1.48M  speedup is 217.45
2022/12/13 10:45:48 [82277] building file list
2022/12/13 10:45:48 [82277] 194 files to consider
2022/12/13 10:45:48 [82277] <f.st.... rsync.log
2022/12/13 10:45:48 [82277] .d..t.... .git/
2022/12/13 10:45:48 [82277] <f.st.... css/style.css
2022/12/13 10:45:48 [82277] sent 5.98K bytes  received 700 bytes  4.46K bytes/sec
2022/12/13 10:45:48 [82277] total size is 1.48M  speedup is 221.06
2022/12/13 10:47:11 [82409] building file list
2022/12/13 10:47:11 [82409] 194 files to consider
2022/12/13 10:47:11 [82409] <f.st.... rsync.log
2022/12/13 10:47:11 [82409] .d..t.... .git/
2022/12/13 10:47:11 [82409] <f.st.... css/style.css
2022/12/13 10:47:11 [82409] sent 5.91K bytes  received 706 bytes  4.41K bytes/sec
2022/12/13 10:47:11 [82409] total size is 1.48M  speedup is 223.56
2022/12/13 10:57:24 [82731] building file list
2022/12/13 10:57:24 [82731] 194 files to consider
2022/12/13 10:57:24 [82731] <f.st.... rsync.log
2022/12/13 10:57:24 [82731] .d..t.... .git/
2022/12/13 10:57:24 [82731] <f.st.... css/style.css
2022/12/13 10:57:24 [82731] sent 6.27K bytes  received 706 bytes  4.65K bytes/sec
2022/12/13 10:57:24 [82731] total size is 1.48M  speedup is 211.77
2022/12/13 10:58:43 [82851] building file list
2022/12/13 10:58:43 [82851] 194 files to consider
2022/12/13 10:58:43 [82851] <f.st.... rsync.log
2022/12/13 10:58:43 [82851] .d..t.... .git/
2022/12/13 10:58:43 [82851] <f.st.... css/style.css
2022/12/13 10:58:43 [82851] sent 6.01K bytes  received 706 bytes  4.48K bytes/sec
2022/12/13 10:58:43 [82851] total size is 1.48M  speedup is 220.12
2022/12/13 11:01:38 [83007] building file list
2022/12/13 11:01:38 [83007] 194 files to consider
2022/12/13 11:01:38 [83007] <f.st.... rsync.log
2022/12/13 11:01:38 [83007] .d..t.... .git/
2022/12/13 11:01:38 [83007] <f.st.... css/style.css
2022/12/13 11:01:38 [83007] sent 6.01K bytes  received 712 bytes  13.44K bytes/sec
2022/12/13 11:01:38 [83007] total size is 1.48M  speedup is 220.02
2022/12/13 11:03:49 [83144] building file list
2022/12/13 11:03:49 [83144] 194 files to consider
2022/12/13 11:03:49 [83144] <f.st.... rsync.log
2022/12/13 11:03:49 [83144] .d..t.... .git/
2022/12/13 11:03:49 [83144] <f.st.... css/style.css
2022/12/13 11:03:49 [83144] sent 5.95K bytes  received 718 bytes  13.33K bytes/sec
2022/12/13 11:03:49 [83144] total size is 1.48M  speedup is 221.99
2022/12/13 11:05:54 [83281] building file list
2022/12/13 11:05:54 [83281] 194 files to consider
2022/12/13 11:05:54 [83281] <f.st.... rsync.log
2022/12/13 11:05:54 [83281] .d..t.... .git/
2022/12/13 11:05:54 [83281] <f.st.... css/style.css
2022/12/13 11:05:54 [83281] sent 5.92K bytes  received 724 bytes  4.43K bytes/sec
2022/12/13 11:05:54 [83281] total size is 1.48M  speedup is 222.72
2022/12/13 11:10:59 [83485] building file list
2022/12/13 11:10:59 [83485] 194 files to consider
2022/12/13 11:10:59 [83485] <f.st.... rsync.log
2022/12/13 11:10:59 [83485] .d..t.... .git/
2022/12/13 11:10:59 [83485] <f.st.... css/style.css
2022/12/13 11:10:59 [83485] sent 6.00K bytes  received 724 bytes  13.45K bytes/sec
2022/12/13 11:10:59 [83485] total size is 1.48M  speedup is 220.14
2022/12/13 11:11:39 [83592] building file list
2022/12/13 11:11:39 [83592] 194 files to consider
2022/12/13 11:11:39 [83592] <f.st.... rsync.log
2022/12/13 11:11:39 [83592] .d..t.... .git/
2022/12/13 11:11:39 [83592] <f.st.... css/style.css
2022/12/13 11:11:39 [83592] sent 5.95K bytes  received 730 bytes  13.36K bytes/sec
2022/12/13 11:11:39 [83592] total size is 1.48M  speedup is 221.65
2022/12/13 12:37:59 [85713] building file list
2022/12/13 12:37:59 [85713] 194 files to consider
2022/12/13 12:37:59 [85713] <f.st.... mcf-form.php
2022/12/13 12:37:59 [85713] <f.st.... rsync.log
2022/12/13 12:37:59 [85713] .d..t.... .git/
2022/12/13 12:37:59 [85713] sent 6.16K bytes  received 760 bytes  13.85K bytes/sec
2022/12/13 12:37:59 [85713] total size is 1.48M  speedup is 213.92
2022/12/13 12:38:47 [85821] building file list
2022/12/13 12:38:47 [85821] 194 files to consider
2022/12/13 12:38:47 [85821] <f.st.... rsync.log
2022/12/13 12:38:47 [85821] .d..t.... .git/
2022/12/13 12:38:47 [85821] <f.st.... css/style.css
2022/12/13 12:38:47 [85821] sent 5.86K bytes  received 736 bytes  13.19K bytes/sec
2022/12/13 12:38:47 [85821] total size is 1.48M  speedup is 224.54
2022/12/13 12:39:23 [85930] building file list
2022/12/13 12:39:23 [85930] 194 files to consider
2022/12/13 12:39:23 [85930] <f.st.... rsync.log
2022/12/13 12:39:23 [85930] .d..t.... .git/
2022/12/13 12:39:23 [85930] <f..t.... css/style.css
2022/12/13 12:39:23 [85930] sent 6.21K bytes  received 736 bytes  13.88K bytes/sec
2022/12/13 12:39:23 [85930] total size is 1.48M  speedup is 213.44
2022/12/13 12:42:57 [86101] building file list
2022/12/13 12:42:57 [86101] 194 files to consider
2022/12/13 12:42:57 [86101] <f.st.... rsync.log
2022/12/13 12:42:57 [86101] .d..t.... .git/
2022/12/13 12:42:57 [86101] <f.st.... css/style.css
2022/12/13 12:42:57 [86101] sent 6.20K bytes  received 742 bytes  4.62K bytes/sec
2022/12/13 12:42:57 [86101] total size is 1.48M  speedup is 213.65
2022/12/13 12:47:56 [86321] building file list
2022/12/13 12:47:56 [86321] 194 files to consider
2022/12/13 12:47:56 [86321] <f.st.... rsync.log
2022/12/13 12:47:56 [86321] .d..t.... .git/
2022/12/13 12:47:56 [86321] <f.st.... css/style.css
2022/12/13 12:47:56 [86321] sent 6.14K bytes  received 742 bytes  13.76K bytes/sec
2022/12/13 12:47:56 [86321] total size is 1.48M  speedup is 215.49
2022/12/13 13:04:43 [86929] building file list
2022/12/13 13:04:43 [86929] 194 files to consider
2022/12/13 13:04:43 [86929] <f.st.... rsync.log
2022/12/13 13:04:43 [86929] .d..t.... .git/
2022/12/13 13:04:43 [86929] <f.st.... css/style.css
2022/12/13 13:04:43 [86929] sent 5.94K bytes  received 748 bytes  4.46K bytes/sec
2022/12/13 13:04:43 [86929] total size is 1.48M  speedup is 221.74
2022/12/13 13:08:41 [87109] building file list
2022/12/13 13:08:41 [87109] 194 files to consider
2022/12/13 13:08:41 [87109] <f.st.... rsync.log
2022/12/13 13:08:41 [87109] .d..t.... .git/
2022/12/13 13:08:41 [87109] <f.st.... css/style.css
2022/12/13 13:08:41 [87109] sent 5.88K bytes  received 754 bytes  4.42K bytes/sec
2022/12/13 13:08:41 [87109] total size is 1.48M  speedup is 223.83
2022/12/13 13:11:23 [87269] building file list
2022/12/13 13:11:23 [87269] 194 files to consider
2022/12/13 13:11:23 [87269] <f.st.... mcf-form.php
2022/12/13 13:11:23 [87269] <f.st.... rsync.log
2022/12/13 13:11:23 [87269] .d..t.... .git/
2022/12/13 13:11:23 [87269] <f.st.... css/style.css
2022/12/13 13:11:23 [87269] sent 6.29K bytes  received 842 bytes  4.75K bytes/sec
2022/12/13 13:11:23 [87269] total size is 1.48M  speedup is 208.21
2022/12/13 13:14:04 [87423] building file list
2022/12/13 13:14:04 [87423] 194 files to consider
2022/12/13 13:14:04 [87423] <f.st.... rsync.log
2022/12/13 13:14:04 [87423] .d..t.... .git/
2022/12/13 13:14:04 [87423] <f.st.... css/style.css
2022/12/13 13:14:04 [87423] sent 6.05K bytes  received 760 bytes  13.62K bytes/sec
2022/12/13 13:14:04 [87423] total size is 1.48M  speedup is 218.07
2022/12/13 13:15:13 [87549] building file list
2022/12/13 13:15:13 [87549] 194 files to consider
2022/12/13 13:15:13 [87549] <f.st.... rsync.log
2022/12/13 13:15:13 [87549] .d..t.... .git/
2022/12/13 13:15:13 [87549] <f.st.... css/style.css
2022/12/13 13:15:13 [87549] sent 5.95K bytes  received 766 bytes  13.43K bytes/sec
2022/12/13 13:15:13 [87549] total size is 1.49M  speedup is 221.09
2022/12/13 13:16:44 [87673] building file list
2022/12/13 13:16:44 [87673] 194 files to consider
2022/12/13 13:16:44 [87673] <f.st.... rsync.log
2022/12/13 13:16:44 [87673] .d..t.... .git/
2022/12/13 13:16:44 [87673] <f.st.... css/style.css
2022/12/13 13:16:44 [87673] sent 5.91K bytes  received 772 bytes  4.45K bytes/sec
2022/12/13 13:16:44 [87673] total size is 1.49M  speedup is 222.41
2022/12/13 15:08:08 [90582] building file list
2022/12/13 15:08:08 [90582] 194 files to consider
2022/12/13 15:08:08 [90582] <f.st.... rsync.log
2022/12/13 15:08:08 [90582] .d..t.... .git/
2022/12/13 15:08:08 [90582] <f.st.... css/style.css
2022/12/13 15:08:08 [90582] sent 5.94K bytes  received 772 bytes  13.42K bytes/sec
2022/12/13 15:08:08 [90582] total size is 1.49M  speedup is 221.37
2022/12/13 15:14:53 [90811] building file list
2022/12/13 15:14:53 [90811] 194 files to consider
2022/12/13 15:14:53 [90811] <f.st.... rsync.log
2022/12/13 15:14:53 [90811] .d..t.... .git/
2022/12/13 15:14:53 [90811] <f.st.... css/style.css
2022/12/13 15:14:53 [90811] sent 5.92K bytes  received 778 bytes  4.47K bytes/sec
2022/12/13 15:14:53 [90811] total size is 1.49M  speedup is 221.86
2022/12/13 15:15:28 [90924] building file list
2022/12/13 15:15:28 [90924] 194 files to consider
2022/12/13 15:15:28 [90924] <f.st.... rsync.log
2022/12/13 15:15:28 [90924] .d..t.... .git/
2022/12/13 15:15:28 [90924] <f.st.... css/style.css
2022/12/13 15:15:28 [90924] sent 5.87K bytes  received 784 bytes  4.43K bytes/sec
2022/12/13 15:15:28 [90924] total size is 1.49M  speedup is 223.56
2022/12/13 15:16:18 [91038] building file list
2022/12/13 15:16:18 [91038] 194 files to consider
2022/12/13 15:16:18 [91038] <f.st.... rsync.log
2022/12/13 15:16:18 [91038] .d..t.... .git/
2022/12/13 15:16:18 [91038] <f.st.... css/style.css
2022/12/13 15:16:18 [91038] sent 5.92K bytes  received 784 bytes  13.40K bytes/sec
2022/12/13 15:16:18 [91038] total size is 1.49M  speedup is 221.92
2022/12/13 15:18:01 [91170] building file list
2022/12/13 15:18:01 [91170] 194 files to consider
2022/12/13 15:18:01 [91170] <f.st.... rsync.log
2022/12/13 15:18:01 [91170] .d..t.... .git/
2022/12/13 15:18:01 [91170] <f.st.... css/style.css
2022/12/13 15:18:01 [91170] sent 6.04K bytes  received 790 bytes  4.55K bytes/sec
2022/12/13 15:18:01 [91170] total size is 1.49M  speedup is 217.82
2022/12/13 15:20:01 [91304] building file list
2022/12/13 15:20:01 [91304] 194 files to consider
2022/12/13 15:20:01 [91304] <f.st.... rsync.log
2022/12/13 15:20:01 [91304] .d..t.... .git/
2022/12/13 15:20:01 [91304] <f.st.... css/style.css
2022/12/13 15:20:01 [91304] sent 5.91K bytes  received 790 bytes  4.47K bytes/sec
2022/12/13 15:20:01 [91304] total size is 1.49M  speedup is 221.97
2022/12/13 15:22:54 [91450] building file list
2022/12/13 15:22:54 [91450] 194 files to consider
2022/12/13 15:22:54 [91450] <f.st.... rsync.log
2022/12/13 15:22:54 [91450] .d..t.... .git/
2022/12/13 15:22:54 [91450] <f.st.... css/style.css
2022/12/13 15:22:54 [91450] sent 5.90K bytes  received 796 bytes  13.39K bytes/sec
2022/12/13 15:22:54 [91450] total size is 1.49M  speedup is 222.23
2022/12/13 15:35:24 [91815] building file list
2022/12/13 15:35:24 [91815] 194 files to consider
2022/12/13 15:35:24 [91815] <f.st.... rsync.log
2022/12/13 15:35:24 [91815] .d..t.... .git/
2022/12/13 15:35:24 [91815] <f..t.... css/style.css
2022/12/13 15:35:24 [91815] sent 5.95K bytes  received 796 bytes  4.50K bytes/sec
2022/12/13 15:35:24 [91815] total size is 1.49M  speedup is 220.74
2022/12/13 15:36:47 [91933] building file list
2022/12/13 15:36:47 [91933] 194 files to consider
2022/12/13 15:36:47 [91933] <f.st.... rsync.log
2022/12/13 15:36:47 [91933] .d..t.... .git/
2022/12/13 15:36:47 [91933] <f.st.... css/style.css
2022/12/13 15:36:47 [91933] sent 6.06K bytes  received 802 bytes  13.72K bytes/sec
2022/12/13 15:36:47 [91933] total size is 1.49M  speedup is 217.12
2022/12/13 15:43:19 [92189] building file list
2022/12/13 15:43:19 [92189] 194 files to consider
2022/12/13 15:43:19 [92189] <f.st.... rsync.log
2022/12/13 15:43:19 [92189] .d..t.... .git/
2022/12/13 15:43:19 [92189] <f.st.... css/style.css
2022/12/13 15:43:19 [92189] sent 5.94K bytes  received 802 bytes  4.50K bytes/sec
2022/12/13 15:43:19 [92189] total size is 1.49M  speedup is 220.85
2022/12/13 15:44:29 [92307] building file list
2022/12/13 15:44:29 [92307] 194 files to consider
2022/12/13 15:44:29 [92307] <f.st.... rsync.log
2022/12/13 15:44:29 [92307] .d..t.... .git/
2022/12/13 15:44:29 [92307] <f.st.... css/style.css
2022/12/13 15:44:29 [92307] sent 5.90K bytes  received 808 bytes  4.47K bytes/sec
2022/12/13 15:44:29 [92307] total size is 1.49M  speedup is 222.03
2022/12/13 15:45:25 [92422] building file list
2022/12/13 15:45:25 [92422] 194 files to consider
2022/12/13 15:45:25 [92422] <f.st.... rsync.log
2022/12/13 15:45:25 [92422] .d..t.... .git/
2022/12/13 15:45:25 [92422] <f.st.... css/style.css
2022/12/13 15:45:25 [92422] sent 5.85K bytes  received 814 bytes  13.33K bytes/sec
2022/12/13 15:45:25 [92422] total size is 1.49M  speedup is 223.55
2022/12/13 15:46:38 [92540] building file list
2022/12/13 15:46:38 [92540] 194 files to consider
2022/12/13 15:46:38 [92540] <f.st.... rsync.log
2022/12/13 15:46:38 [92540] .d..t.... .git/
2022/12/13 15:46:38 [92540] <f.st.... css/style.css
2022/12/13 15:46:38 [92540] sent 5.89K bytes  received 814 bytes  4.47K bytes/sec
2022/12/13 15:46:38 [92540] total size is 1.49M  speedup is 222.27
2022/12/13 15:49:04 [92690] building file list
2022/12/13 15:49:04 [92690] 194 files to consider
2022/12/13 15:49:04 [92690] <f.st.... rsync.log
2022/12/13 15:49:04 [92690] .d..t.... .git/
2022/12/13 15:49:04 [92690] <f.st.... css/style.css
2022/12/13 15:49:04 [92690] sent 6.08K bytes  received 820 bytes  13.79K bytes/sec
2022/12/13 15:49:04 [92690] total size is 1.49M  speedup is 216.23
2022/12/13 15:50:03 [92801] building file list
2022/12/13 15:50:03 [92801] 194 files to consider
2022/12/13 15:50:03 [92801] <f.st.... rsync.log
2022/12/13 15:50:03 [92801] .d..t.... .git/
2022/12/13 15:50:03 [92801] <f.st.... css/style.css
2022/12/13 15:50:03 [92801] sent 5.93K bytes  received 820 bytes  13.51K bytes/sec
2022/12/13 15:50:03 [92801] total size is 1.49M  speedup is 220.77
2022/12/13 15:51:59 [92932] building file list
2022/12/13 15:51:59 [92932] 194 files to consider
2022/12/13 15:51:59 [92932] <f.st.... rsync.log
2022/12/13 15:51:59 [92932] .d..t.... .git/
2022/12/13 15:51:59 [92932] <f.st.... js/mcf-script.js
2022/12/13 15:51:59 [92932] sent 6.13K bytes  received 826 bytes  4.64K bytes/sec
2022/12/13 15:51:59 [92932] total size is 1.49M  speedup is 214.35
2022/12/13 15:53:45 [93062] building file list
2022/12/13 15:53:46 [93062] 194 files to consider
2022/12/13 15:53:46 [93062] <f.st.... rsync.log
2022/12/13 15:53:46 [93062] .d..t.... .git/
2022/12/13 15:53:46 [93062] <f.st.... css/style.css
2022/12/13 15:53:46 [93062] sent 5.97K bytes  received 826 bytes  4.53K bytes/sec
2022/12/13 15:53:46 [93062] total size is 1.49M  speedup is 219.66
2022/12/13 15:55:45 [93208] building file list
2022/12/13 15:55:45 [93208] 194 files to consider
2022/12/13 15:55:45 [93208] <f.st.... rsync.log
2022/12/13 15:55:45 [93208] .d..t.... .git/
2022/12/13 15:55:45 [93208] <f.st.... css/style.css
2022/12/13 15:55:45 [93208] sent 6.07K bytes  received 832 bytes  13.80K bytes/sec
2022/12/13 15:55:45 [93208] total size is 1.49M  speedup is 216.31
2022/12/13 16:03:07 [93463] building file list
2022/12/13 16:03:07 [93463] 194 files to consider
2022/12/13 16:03:07 [93463] <f.st.... rsync.log
2022/12/13 16:03:07 [93463] .d..t.... .git/
2022/12/13 16:03:07 [93463] <f.st.... css/style.css
2022/12/13 16:03:07 [93463] sent 6.64K bytes  received 832 bytes  14.95K bytes/sec
2022/12/13 16:03:07 [93463] total size is 1.49M  speedup is 199.83
2022/12/13 16:08:14 [93670] building file list
2022/12/13 16:08:14 [93670] 194 files to consider
2022/12/13 16:08:14 [93670] <f.st.... rsync.log
2022/12/13 16:08:14 [93670] .d..t.... .git/
2022/12/13 16:08:14 [93670] <f.st.... css/style.css
2022/12/13 16:08:14 [93670] sent 6.50K bytes  received 838 bytes  4.89K bytes/sec
2022/12/13 16:08:14 [93670] total size is 1.49M  speedup is 203.50
2022/12/13 16:10:14 [93812] building file list
2022/12/13 16:10:14 [93812] 194 files to consider
2022/12/13 16:10:14 [93812] <f.st.... rsync.log
2022/12/13 16:10:14 [93812] .d..t.... .git/
2022/12/13 16:10:14 [93812] <f.st.... css/style.css
2022/12/13 16:10:14 [93812] sent 6.08K bytes  received 850 bytes  13.86K bytes/sec
2022/12/13 16:10:14 [93812] total size is 1.49M  speedup is 215.60
2022/12/13 16:13:13 [93970] building file list
2022/12/13 16:13:13 [93970] 194 files to consider
2022/12/13 16:13:13 [93970] <f.st.... rsync.log
2022/12/13 16:13:13 [93970] .d..t.... .git/
2022/12/13 16:13:13 [93970] <f.st.... css/style.css
2022/12/13 16:13:13 [93970] sent 6.28K bytes  received 850 bytes  4.75K bytes/sec
2022/12/13 16:13:13 [93970] total size is 1.49M  speedup is 209.73
2022/12/13 16:18:57 [94192] building file list
2022/12/13 16:18:57 [94192] 194 files to consider
2022/12/13 16:18:57 [94192] <f.st.... rsync.log
2022/12/13 16:18:57 [94192] .d..t.... .git/
2022/12/13 16:18:57 [94192] <f.st.... css/style.css
2022/12/13 16:18:57 [94192] sent 6.68K bytes  received 856 bytes  5.03K bytes/sec
2022/12/13 16:18:57 [94192] total size is 1.50M  speedup is 198.32
2022/12/13 16:25:04 [94426] building file list
2022/12/13 16:25:04 [94426] 194 files to consider
2022/12/13 16:25:04 [94426] <f.st.... rsync.log
2022/12/13 16:25:04 [94426] .d..t.... .git/
2022/12/13 16:25:04 [94426] <f.st.... css/style.css
2022/12/13 16:25:05 [94426] sent 6.65K bytes  received 856 bytes  15.02K bytes/sec
2022/12/13 16:25:05 [94426] total size is 1.50M  speedup is 199.22
2022/12/13 16:27:27 [94570] building file list
2022/12/13 16:27:27 [94570] 194 files to consider
2022/12/13 16:27:27 [94570] <f.st.... rsync.log
2022/12/13 16:27:27 [94570] .d..t.... .git/
2022/12/13 16:27:27 [94570] <f.st.... css/style.css
2022/12/13 16:27:27 [94570] sent 5.88K bytes  received 862 bytes  13.49K bytes/sec
2022/12/13 16:27:27 [94570] total size is 1.50M  speedup is 221.81
2022/12/13 16:29:23 [94710] building file list
2022/12/13 16:29:23 [94710] 194 files to consider
2022/12/13 16:29:23 [94710] <f.st.... rsync.log
2022/12/13 16:29:23 [94710] .d..t.... .git/
2022/12/13 16:29:23 [94710] <f.st.... css/style.css
2022/12/13 16:29:23 [94710] sent 5.91K bytes  received 868 bytes  4.52K bytes/sec
2022/12/13 16:29:23 [94710] total size is 1.50M  speedup is 220.90
2022/12/13 16:31:54 [94855] building file list
2022/12/13 16:31:54 [94855] 194 files to consider
2022/12/13 16:31:54 [94855] <f.st.... rsync.log
2022/12/13 16:31:54 [94855] .d..t.... .git/
2022/12/13 16:31:54 [94855] <f.st.... css/style.css
2022/12/13 16:31:54 [94855] sent 5.91K bytes  received 868 bytes  4.52K bytes/sec
2022/12/13 16:31:54 [94855] total size is 1.50M  speedup is 220.93
2022/12/13 16:34:17 [95003] building file list
2022/12/13 16:34:17 [95003] 194 files to consider
2022/12/13 16:34:17 [95003] <f.st.... rsync.log
2022/12/13 16:34:17 [95003] .d..t.... .git/
2022/12/13 16:34:17 [95003] <f.st.... css/style.css
2022/12/13 16:34:17 [95003] sent 6.03K bytes  received 868 bytes  13.80K bytes/sec
2022/12/13 16:34:17 [95003] total size is 1.50M  speedup is 217.08
2022/12/13 16:34:53 [95103] building file list
2022/12/13 16:34:53 [95103] 194 files to consider
2022/12/13 16:34:53 [95103] <f.st.... rsync.log
2022/12/13 16:34:53 [95103] .d..t.... .git/
2022/12/13 16:34:53 [95103] <f.st.... css/style.css
2022/12/13 16:34:53 [95103] sent 5.86K bytes  received 874 bytes  4.49K bytes/sec
2022/12/13 16:34:53 [95103] total size is 1.50M  speedup is 222.36
2022/12/13 16:39:41 [95299] building file list
2022/12/13 16:39:41 [95299] 194 files to consider
2022/12/13 16:39:41 [95299] <f.st.... rsync.log
2022/12/13 16:39:41 [95299] .d..t.... .git/
2022/12/13 16:39:41 [95299] <f.st.... css/style.css
2022/12/13 16:39:41 [95299] sent 5.97K bytes  received 880 bytes  4.57K bytes/sec
2022/12/13 16:39:41 [95299] total size is 1.50M  speedup is 218.63
2022/12/13 16:42:44 [95455] building file list
2022/12/13 16:42:44 [95455] 194 files to consider
2022/12/13 16:42:44 [95455] <f.st.... rsync.log
2022/12/13 16:42:44 [95455] .d..t.... .git/
2022/12/13 16:42:44 [95455] <f.st.... css/style.css
2022/12/13 16:42:44 [95455] sent 6.03K bytes  received 886 bytes  4.61K bytes/sec
2022/12/13 16:42:44 [95455] total size is 1.50M  speedup is 216.84
2022/12/13 16:45:30 [95613] building file list
2022/12/13 16:45:30 [95613] 194 files to consider
2022/12/13 16:45:30 [95613] <f.st.... rsync.log
2022/12/13 16:45:30 [95613] .d..t.... .git/
2022/12/13 16:45:30 [95613] <f.st.... css/style.css
2022/12/13 16:45:30 [95613] sent 5.99K bytes  received 886 bytes  13.76K bytes/sec
2022/12/13 16:45:30 [95613] total size is 1.50M  speedup is 217.98
2022/12/13 16:47:53 [95750] building file list
2022/12/13 16:47:53 [95750] 194 files to consider
2022/12/13 16:47:53 [95750] <f.st.... rsync.log
2022/12/13 16:47:53 [95750] .d..t.... .git/
2022/12/13 16:47:53 [95750] <f.st.... css/style.css
2022/12/13 16:47:53 [95750] sent 5.97K bytes  received 886 bytes  4.57K bytes/sec
2022/12/13 16:47:53 [95750] total size is 1.50M  speedup is 218.72
2022/12/13 17:34:11 [96864] building file list
2022/12/13 17:34:11 [96864] 194 files to consider
2022/12/13 17:34:11 [96864] <f.st.... mcf-options.php
2022/12/13 17:34:11 [96864] <f.st.... rsync.log
2022/12/13 17:34:11 [96864] .d..t.... .git/
2022/12/13 17:34:11 [96864] <f.st.... css/style.css
2022/12/13 17:34:11 [96864] sent 6.72K bytes  received 956 bytes  3.07K bytes/sec
2022/12/13 17:34:11 [96864] total size is 1.50M  speedup is 195.35
2022/12/13 17:34:36 [96964] building file list
2022/12/13 17:34:36 [96964] 194 files to consider
2022/12/13 17:34:36 [96964] <f.st.... mcf-options.php
2022/12/13 17:34:36 [96964] <f.st.... rsync.log
2022/12/13 17:34:36 [96964] .d..t.... .git/
2022/12/13 17:34:36 [96964] sent 6.00K bytes  received 880 bytes  4.58K bytes/sec
2022/12/13 17:34:36 [96964] total size is 1.50M  speedup is 218.23
2022/12/13 17:37:44 [97120] building file list
2022/12/13 17:37:44 [97120] 194 files to consider
2022/12/13 17:37:44 [97120] <f.st.... mcf-options.php
2022/12/13 17:37:44 [97120] <f.st.... rsync.log
2022/12/13 17:37:44 [97120] .d..t.... .git/
2022/12/13 17:37:44 [97120] sent 6.02K bytes  received 886 bytes  4.60K bytes/sec
2022/12/13 17:37:44 [97120] total size is 1.50M  speedup is 217.30
2022/12/13 17:37:53 [97209] building file list
2022/12/13 17:37:53 [97209] 194 files to consider
2022/12/13 17:37:53 [97209] <f.st.... mcf-options.php
2022/12/13 17:37:53 [97209] <f.st.... rsync.log
2022/12/13 17:37:53 [97209] .d..t.... .git/
2022/12/13 17:37:53 [97209] sent 5.90K bytes  received 892 bytes  4.53K bytes/sec
2022/12/13 17:37:53 [97209] total size is 1.50M  speedup is 220.94
2022/12/13 17:40:37 [97376] building file list
2022/12/13 17:40:37 [97376] 194 files to consider
2022/12/13 17:40:37 [97376] <f.st.... mcf-options.php
2022/12/13 17:40:37 [97376] <f.st.... rsync.log
2022/12/13 17:40:37 [97376] .d..t.... .git/
2022/12/13 17:40:38 [97376] sent 6.00K bytes  received 892 bytes  4.59K bytes/sec
2022/12/13 17:40:38 [97376] total size is 1.50M  speedup is 217.87
2022/12/13 17:41:16 [97485] building file list
2022/12/13 17:41:16 [97485] 194 files to consider
2022/12/13 17:41:16 [97485] <f..t.... mcf-options.php
2022/12/13 17:41:16 [97485] <f.st.... rsync.log
2022/12/13 17:41:16 [97485] .d..t.... .git/
2022/12/13 17:41:16 [97485] sent 5.95K bytes  received 904 bytes  4.57K bytes/sec
2022/12/13 17:41:16 [97485] total size is 1.50M  speedup is 219.13
2022/12/13 17:41:44 [97583] building file list
2022/12/13 17:41:44 [97583] 194 files to consider
2022/12/13 17:41:44 [97583] <f.st.... mcf-options.php
2022/12/13 17:41:44 [97583] <f.st.... rsync.log
2022/12/13 17:41:44 [97583] .d..t.... .git/
2022/12/13 17:41:44 [97583] sent 5.99K bytes  received 904 bytes  13.79K bytes/sec
2022/12/13 17:41:44 [97583] total size is 1.50M  speedup is 217.98
2022/12/13 17:42:28 [97695] building file list
2022/12/13 17:42:28 [97695] 194 files to consider
2022/12/13 17:42:28 [97695] <f.st.... mcf-options.php
2022/12/13 17:42:28 [97695] <f.st.... rsync.log
2022/12/13 17:42:28 [97695] .d..t.... .git/
2022/12/13 17:42:28 [97695] sent 5.93K bytes  received 910 bytes  4.56K bytes/sec
2022/12/13 17:42:28 [97695] total size is 1.50M  speedup is 219.59
2022/12/13 17:44:40 [97832] building file list
2022/12/13 17:44:40 [97832] 194 files to consider
2022/12/13 17:44:40 [97832] <f.st.... mcf-options.php
2022/12/13 17:44:40 [97832] <f.st.... rsync.log
2022/12/13 17:44:40 [97832] .d..t.... .git/
2022/12/13 17:44:40 [97832] sent 6.03K bytes  received 904 bytes  2.77K bytes/sec
2022/12/13 17:44:40 [97832] total size is 1.50M  speedup is 216.94
2022/12/13 17:45:57 [97955] building file list
2022/12/13 17:45:57 [97955] 194 files to consider
2022/12/13 17:45:57 [97955] <f.st.... mcf-options.php
2022/12/13 17:45:57 [97955] <f.st.... rsync.log
2022/12/13 17:45:57 [97955] .d..t.... .git/
2022/12/13 17:45:57 [97955] sent 5.99K bytes  received 916 bytes  4.60K bytes/sec
2022/12/13 17:45:57 [97955] total size is 1.50M  speedup is 217.85
2022/12/13 17:48:31 [98106] building file list
2022/12/13 17:48:31 [98106] 194 files to consider
2022/12/13 17:48:31 [98106] <f.st.... mcf-options.php
2022/12/13 17:48:31 [98106] <f.st.... rsync.log
2022/12/13 17:48:31 [98106] .d..t.... .git/
2022/12/13 17:48:31 [98106] sent 5.96K bytes  received 922 bytes  4.59K bytes/sec
2022/12/13 17:48:31 [98106] total size is 1.50M  speedup is 218.67
2022/12/13 17:51:11 [98280] building file list
2022/12/13 17:51:11 [98280] 194 files to consider
2022/12/13 17:51:11 [98280] <f.st.... mcf-options.php
2022/12/13 17:51:11 [98280] <f.st.... rsync.log
2022/12/13 17:51:11 [98280] .d..t.... .git/
2022/12/13 17:51:11 [98280] <f.st.... css/admin.css
2022/12/13 17:51:12 [98280] sent 6.34K bytes  received 950 bytes  14.58K bytes/sec
2022/12/13 17:51:12 [98280] total size is 1.50M  speedup is 206.45
2022/12/13 17:51:53 [98379] building file list
2022/12/13 17:51:53 [98379] 194 files to consider
2022/12/13 17:51:53 [98379] <f.st.... rsync.log
2022/12/13 17:51:53 [98379] .d..t.... .git/
2022/12/13 17:51:53 [98379] <f.st.... css/admin.css
2022/12/13 17:51:53 [98379] sent 5.99K bytes  received 892 bytes  13.77K bytes/sec
2022/12/13 17:51:53 [98379] total size is 1.51M  speedup is 218.59
2022/12/13 17:52:55 [98494] building file list
2022/12/13 17:52:55 [98494] 194 files to consider
2022/12/13 17:52:55 [98494] <f.st.... rsync.log
2022/12/13 17:52:55 [98494] .d..t.... .git/
2022/12/13 17:52:55 [98494] <f.st.... css/admin.css
2022/12/13 17:52:55 [98494] sent 6.06K bytes  received 892 bytes  13.91K bytes/sec
2022/12/13 17:52:55 [98494] total size is 1.51M  speedup is 216.50
2022/12/13 17:53:34 [98607] building file list
2022/12/13 17:53:35 [98607] 194 files to consider
2022/12/13 17:53:35 [98607] <f.st.... rsync.log
2022/12/13 17:53:35 [98607] .d..t.... .git/
2022/12/13 17:53:35 [98607] <f.st.... css/admin.css
2022/12/13 17:53:35 [98607] sent 6.02K bytes  received 898 bytes  4.61K bytes/sec
2022/12/13 17:53:35 [98607] total size is 1.51M  speedup is 217.68
2022/12/13 17:55:44 [98748] building file list
2022/12/13 17:55:44 [98748] 194 files to consider
2022/12/13 17:55:44 [98748] <f.st.... mcf-options.php
2022/12/13 17:55:44 [98748] <f.st.... rsync.log
2022/12/13 17:55:44 [98748] .d..t.... .git/
2022/12/13 17:55:44 [98748] sent 6.04K bytes  received 934 bytes  13.94K bytes/sec
2022/12/13 17:55:44 [98748] total size is 1.51M  speedup is 216.18
2022/12/13 17:58:56 [98916] building file list
2022/12/13 17:58:56 [98916] 194 files to consider
2022/12/13 17:58:56 [98916] <f.st.... mcf-options.php
2022/12/13 17:58:56 [98916] <f.st.... rsync.log
2022/12/13 17:58:56 [98916] .d..t.... .git/
2022/12/13 17:58:57 [98916] sent 6.06K bytes  received 940 bytes  4.67K bytes/sec
2022/12/13 17:58:57 [98916] total size is 1.51M  speedup is 215.34
2022/12/13 18:01:10 [99057] building file list
2022/12/13 18:01:10 [99057] 194 files to consider
2022/12/13 18:01:10 [99057] <f.st.... mcf-options.php
2022/12/13 18:01:10 [99057] <f.st.... rsync.log
2022/12/13 18:01:10 [99057] .d..t.... .git/
2022/12/13 18:01:10 [99057] sent 5.95K bytes  received 952 bytes  13.80K bytes/sec
2022/12/13 18:01:10 [99057] total size is 1.51M  speedup is 218.62
2022/12/13 18:03:08 [99203] building file list
2022/12/13 18:03:08 [99203] 194 files to consider
2022/12/13 18:03:08 [99203] <f.st.... mcf-options.php
2022/12/13 18:03:08 [99203] <f.st.... rsync.log
2022/12/13 18:03:08 [99203] .d..t.... .git/
2022/12/13 18:03:08 [99203] <f.st.... css/admin.css
2022/12/13 18:03:08 [99203] sent 6.37K bytes  received 980 bytes  14.70K bytes/sec
2022/12/13 18:03:08 [99203] total size is 1.51M  speedup is 205.20
2022/12/13 18:03:55 [99307] building file list
2022/12/13 18:03:55 [99307] 194 files to consider
2022/12/13 18:03:55 [99307] <f.st.... rsync.log
2022/12/13 18:03:55 [99307] .d..t.... .git/
2022/12/13 18:03:55 [99307] <f.st.... css/admin.css
2022/12/13 18:03:55 [99307] sent 5.98K bytes  received 922 bytes  4.60K bytes/sec
2022/12/13 18:03:55 [99307] total size is 1.51M  speedup is 218.62
2022/12/13 18:04:42 [99422] building file list
2022/12/13 18:04:42 [99422] 194 files to consider
2022/12/13 18:04:43 [99422] <f.st.... mcf-options.php
2022/12/13 18:04:43 [99422] <f.st.... rsync.log
2022/12/13 18:04:43 [99422] .d..t.... .git/
2022/12/13 18:04:43 [99422] <f.st.... css/admin.css
2022/12/13 18:04:43 [99422] sent 5.98K bytes  received 992 bytes  4.65K bytes/sec
2022/12/13 18:04:43 [99422] total size is 1.51M  speedup is 216.49
2022/12/13 18:13:41 [99743] building file list
2022/12/13 18:13:41 [99743] 194 files to consider
2022/12/13 18:13:41 [99743] <f.st.... mcf-options.php
2022/12/13 18:13:41 [99743] <f.st.... rsync.log
2022/12/13 18:13:41 [99743] .d..t.... .git/
2022/12/13 18:13:41 [99743] sent 6.13K bytes  received 964 bytes  4.73K bytes/sec
2022/12/13 18:13:41 [99743] total size is 1.51M  speedup is 212.82
2022/12/13 18:18:46 [99959] building file list
2022/12/13 18:18:46 [99959] 194 files to consider
2022/12/13 18:18:46 [99959] <f.st.... mcf-options.php
2022/12/13 18:18:46 [99959] <f.st.... rsync.log
2022/12/13 18:18:46 [99959] .d..t.... .git/
2022/12/13 18:18:46 [99959] sent 5.98K bytes  received 976 bytes  13.91K bytes/sec
2022/12/13 18:18:46 [99959] total size is 1.51M  speedup is 217.28
2022/12/13 18:20:25 [270] building file list
2022/12/13 18:20:25 [270] 194 files to consider
2022/12/13 18:20:25 [270] <f.st.... rsync.log
2022/12/13 18:20:25 [270] .d..t.... .git/
2022/12/13 18:20:25 [270] <f.st.... css/admin.css
2022/12/13 18:20:25 [270] sent 5.98K bytes  received 934 bytes  4.61K bytes/sec
2022/12/13 18:20:25 [270] total size is 1.51M  speedup is 218.74
2022/12/13 18:21:11 [467] building file list
2022/12/13 18:21:11 [467] 194 files to consider
2022/12/13 18:21:11 [467] <f.st.... rsync.log
2022/12/13 18:21:11 [467] .d..t.... .git/
2022/12/13 18:21:11 [467] <f.st.... css/admin.css
2022/12/13 18:21:11 [467] sent 5.99K bytes  received 940 bytes  13.86K bytes/sec
2022/12/13 18:21:11 [467] total size is 1.51M  speedup is 218.18
2022/12/13 18:21:48 [593] building file list
2022/12/13 18:21:48 [593] 194 files to consider
2022/12/13 18:21:48 [593] <f.st.... rsync.log
2022/12/13 18:21:48 [593] .d..t.... .git/
2022/12/13 18:21:48 [593] <f.st.... css/admin.css
2022/12/13 18:21:48 [593] sent 6.00K bytes  received 940 bytes  4.63K bytes/sec
2022/12/13 18:21:48 [593] total size is 1.51M  speedup is 217.86
2022/12/13 18:22:36 [707] building file list
2022/12/13 18:22:36 [707] 194 files to consider
2022/12/13 18:22:36 [707] <f.st.... rsync.log
2022/12/13 18:22:36 [707] .d..t.... .git/
2022/12/13 18:22:36 [707] <f.st.... css/admin.css
2022/12/13 18:22:36 [707] sent 5.95K bytes  received 946 bytes  4.60K bytes/sec
2022/12/13 18:22:36 [707] total size is 1.51M  speedup is 219.37
2022/12/13 18:23:05 [817] building file list
2022/12/13 18:23:05 [817] 194 files to consider
2022/12/13 18:23:05 [817] <f.st.... rsync.log
2022/12/13 18:23:05 [817] .d..t.... .git/
2022/12/13 18:23:05 [817] <f.st.... css/admin.css
2022/12/13 18:23:05 [817] sent 5.80K bytes  received 946 bytes  4.50K bytes/sec
2022/12/13 18:23:05 [817] total size is 1.51M  speedup is 224.24
2022/12/13 18:23:26 [924] building file list
2022/12/13 18:23:26 [924] 194 files to consider
2022/12/13 18:23:26 [924] <f.st.... rsync.log
2022/12/13 18:23:26 [924] .d..t.... .git/
2022/12/13 18:23:26 [924] <f..t.... css/admin.css
2022/12/13 18:23:27 [924] sent 5.77K bytes  received 952 bytes  4.48K bytes/sec
2022/12/13 18:23:27 [924] total size is 1.51M  speedup is 225.33
2022/12/13 18:28:30 [1122] building file list
2022/12/13 18:28:30 [1122] 194 files to consider
2022/12/13 18:28:30 [1122] <f.st.... rsync.log
2022/12/13 18:28:30 [1122] .d..t.... .git/
2022/12/13 18:28:30 [1122] <f.st.... css/admin.css
2022/12/13 18:28:30 [1122] sent 6.08K bytes  received 952 bytes  4.69K bytes/sec
2022/12/13 18:28:30 [1122] total size is 1.51M  speedup is 215.23
2022/12/13 18:29:04 [1233] building file list
2022/12/13 18:29:04 [1233] 194 files to consider
2022/12/13 18:29:04 [1233] <f.st.... rsync.log
2022/12/13 18:29:04 [1233] .d..t.... .git/
2022/12/13 18:29:04 [1233] <f.st.... css/admin.css
2022/12/13 18:29:04 [1233] sent 5.98K bytes  received 958 bytes  4.62K bytes/sec
2022/12/13 18:29:04 [1233] total size is 1.51M  speedup is 218.29
2022/12/13 18:33:17 [1432] building file list
2022/12/13 18:33:17 [1432] 194 files to consider
2022/12/13 18:33:17 [1432] <f.st.... mcf-options.php
2022/12/13 18:33:17 [1432] <f.st.... rsync.log
2022/12/13 18:33:17 [1432] .d..t.... .git/
2022/12/13 18:33:17 [1432] <f..t.... css/style.css
2022/12/13 18:33:17 [1432] sent 6.25K bytes  received 1.07K bytes  14.65K bytes/sec
2022/12/13 18:33:17 [1432] total size is 1.52M  speedup is 206.88
2022/12/13 18:35:42 [1578] building file list
2022/12/13 18:35:42 [1578] 194 files to consider
2022/12/13 18:35:42 [1578] <f.st.... mcf.php
2022/12/13 18:35:42 [1578] <f.st.... rsync.log
2022/12/13 18:35:42 [1578] .d..t.... .git/
2022/12/13 18:35:42 [1578] sent 6.05K bytes  received 1000 bytes  4.70K bytes/sec
2022/12/13 18:35:42 [1578] total size is 1.52M  speedup is 215.05
2022/12/13 18:48:57 [1982] building file list
2022/12/13 18:48:57 [1982] 194 files to consider
2022/12/13 18:48:57 [1982] <f.st.... mcf-options.php
2022/12/13 18:48:57 [1982] <f.st.... rsync.log
2022/12/13 18:48:57 [1982] .d..t.... .git/
2022/12/13 18:48:57 [1982] sent 6.11K bytes  received 1.02K bytes  4.75K bytes/sec
2022/12/13 18:48:57 [1982] total size is 1.52M  speedup is 212.60
2022/12/13 18:53:55 [2192] building file list
2022/12/13 18:53:55 [2192] 194 files to consider
2022/12/13 18:53:55 [2192] <f.st.... mcf-options.php
2022/12/13 18:53:55 [2192] <f.st.... rsync.log
2022/12/13 18:53:55 [2192] .d..t.... .git/
2022/12/13 18:53:55 [2192] sent 6.07K bytes  received 1.02K bytes  4.72K bytes/sec
2022/12/13 18:53:55 [2192] total size is 1.52M  speedup is 214.03
2022/12/13 18:57:44 [2375] building file list
2022/12/13 18:57:44 [2375] 194 files to consider
2022/12/13 18:57:44 [2375] *deleting languages/mcf-de_DE-backup-202212131756280.po~
2022/12/13 18:57:44 [2375] *deleting languages/mcf-backup-202212131754230.pot~
2022/12/13 18:57:44 [2375] <f.st.... mcf-options.php
2022/12/13 18:57:44 [2375] <f.st.... rsync.log
2022/12/13 18:57:44 [2375] .d..t.... .git/
2022/12/13 18:57:44 [2375] .d..t.... languages/
2022/12/13 18:57:44 [2375] sent 6.06K bytes  received 1.03K bytes  4.73K bytes/sec
2022/12/13 18:57:44 [2375] total size is 1.52M  speedup is 213.88
2022/12/13 18:58:45 [2494] building file list
2022/12/13 18:58:45 [2494] 194 files to consider
2022/12/13 18:58:45 [2494] <f.st.... mcf-options.php
2022/12/13 18:58:45 [2494] <f.st.... rsync.log
2022/12/13 18:58:45 [2494] .d..t.... .git/
2022/12/13 18:58:45 [2494] sent 6.55K bytes  received 1.02K bytes  5.05K bytes/sec
2022/12/13 18:58:45 [2494] total size is 1.52M  speedup is 200.26
2022/12/14 10:36:52 [23266] rsync: connection unexpectedly closed (0 bytes received so far) [sender]
2022/12/14 10:36:52 [23266] rsync error: unexplained error (code 255) at /AppleInternal/Library/BuildRoots/a0876c02-1788-11ed-b9c4-96898e02b808/Library/Caches/com.apple.xbs/Sources/rsync/rsync/io.c(453) [sender=2.6.9]
2022/12/14 10:37:07 [23369] rsync: connection unexpectedly closed (0 bytes received so far) [sender]
2022/12/14 10:37:07 [23369] rsync error: unexplained error (code 255) at /AppleInternal/Library/BuildRoots/a0876c02-1788-11ed-b9c4-96898e02b808/Library/Caches/com.apple.xbs/Sources/rsync/rsync/io.c(453) [sender=2.6.9]
2022/12/14 10:37:20 [23471] building file list
2022/12/14 10:37:20 [23471] 195 files to consider
2022/12/14 10:37:20 [23471] *deleting languages/mcf-ru_RU-backup-202212140922590.po~
2022/12/14 10:37:20 [23471] *deleting languages/mcf-it_IT-backup-202212140902080.po~
2022/12/14 10:37:20 [23471] *deleting languages/mcf-fr_FR-backup-202212140930030.po~
2022/12/14 10:37:20 [23471] *deleting languages/mcf-fr_FR-backup-202212140913170.po~
2022/12/14 10:37:20 [23471] *deleting languages/mcf-es_ES-backup-202212131826110.po~
2022/12/14 10:37:20 [23471] *deleting languages/mcf-es_ES-backup-202212131818470.po~
2022/12/14 10:37:20 [23471] *deleting languages/mcf-de_DE_formal-backup-202212131815370.po~
2022/12/14 10:37:20 [23471] *deleting languages/mcf-de_DE_formal-backup-202212131812240.po~
2022/12/14 10:37:20 [23471] *deleting languages/mcf-de_DE_formal-backup-202212131810210.po~
2022/12/14 10:37:20 [23471] *deleting languages/mcf-de_DE-backup-202212131812420.po~
2022/12/14 10:37:20 [23471] *deleting languages/mcf-de_DE-backup-202212131806380.po~
2022/12/14 10:37:20 [23471] *deleting languages/mcf-de_DE-backup-202212131805260.po~
2022/12/14 10:37:20 [23471] *deleting languages/mcf-backup-202212131759020.pot~
2022/12/14 10:37:20 [23471] .d..t.... ./
2022/12/14 10:37:20 [23471] <f.st.... .gitignore
2022/12/14 10:37:20 [23471] <f.st.... rsync.log
2022/12/14 10:37:20 [23471] <f+++++++ translation.txt
2022/12/14 10:37:20 [23471] .d..t.... .git/
2022/12/14 10:37:20 [23471] .d..t.... languages/
2022/12/14 10:37:20 [23471] <f..t.... languages/mcf-de_DE.mo
2022/12/14 10:37:20 [23471] <f..t.... languages/mcf-de_DE.po
2022/12/14 10:37:20 [23471] <f..t.... languages/mcf-de_DE_formal.mo
2022/12/14 10:37:20 [23471] <f..t.... languages/mcf-de_DE_formal.po
2022/12/14 10:37:20 [23471] <f..t.... languages/mcf-es_ES.mo
2022/12/14 10:37:20 [23471] <f..t.... languages/mcf-es_ES.po
2022/12/14 10:37:20 [23471] <f..t.... languages/mcf-fr_FR.mo
2022/12/14 10:37:20 [23471] <f..t.... languages/mcf-fr_FR.po
2022/12/14 10:37:20 [23471] <f..t.... languages/mcf-it_IT.mo
2022/12/14 10:37:20 [23471] <f..t.... languages/mcf-it_IT.po
2022/12/14 10:37:20 [23471] <f..t.... languages/mcf-ru_RU.mo
2022/12/14 10:37:20 [23471] <f..t.... languages/mcf-ru_RU.po
2022/12/14 10:37:20 [23471] <f..tp... languages/mcf.pot
2022/12/14 10:37:20 [23471] sent 7.70K bytes  received 2.23K bytes  19.86K bytes/sec
2022/12/14 10:37:20 [23471] total size is 1.57M  speedup is 157.99
2022/12/14 11:22:21 [24724] building file list
2022/12/14 11:22:21 [24724] 195 files to consider
2022/12/14 11:22:21 [24724] <f.st.... mcf.php
2022/12/14 11:22:21 [24724] <f.st.... readme.txt
2022/12/14 11:22:21 [24724] <f.st.... rsync.log
2022/12/14 11:22:21 [24724] .d..t.... .git/
2022/12/14 11:22:21 [24724] sent 8.74K bytes  received 1.10K bytes  6.56K bytes/sec
2022/12/14 11:22:21 [24724] total size is 1.57M  speedup is 159.79
2022/12/14 11:29:14 [24976] building file list
2022/12/14 11:29:14 [24976] 193 files to consider
2022/12/14 11:29:15 [24976] *deleting img/uncheck-switcher.svg
2022/12/14 11:29:15 [24976] *deleting img/
2022/12/14 11:29:15 [24976] .d..t.... ./
2022/12/14 11:29:15 [24976] <f.st.... rsync.log
2022/12/14 11:29:15 [24976] .d..t.... .git/
2022/12/14 11:29:15 [24976] <f.st.... js/mcf-script.js
2022/12/14 11:29:15 [24976] sent 5.87K bytes  received 1.05K bytes  4.61K bytes/sec
2022/12/14 11:29:15 [24976] total size is 1.57M  speedup is 227.43
2023/01/14 13:57:51 [35353] building file list
2023/01/14 13:57:51 [35353] 239 files to consider
2023/01/14 13:57:51 [35353] *deleting lib/mla.php
2023/01/14 13:57:51 [35353] *deleting lib/
2023/01/14 13:57:51 [35353] *deleting lang/
2023/01/14 13:57:51 [35353] *deleting assets/js/
2023/01/14 13:57:51 [35353] *deleting assets/css/
2023/01/14 13:57:51 [35353] *deleting assets/
2023/01/14 13:57:51 [35353] *deleting minimal-login-attempts.php
2023/01/14 13:57:51 [35353] *deleting .git/hooks/push-to-checkout.sample
2023/01/14 13:57:51 [35353] *deleting .git/hooks/pre-merge-commit.sample
2023/01/14 13:57:51 [35353] *deleting .git/logs/refs/heads/main
2023/01/14 13:57:51 [35353] *deleting .git/logs/refs/remotes/origin/main
2023/01/14 13:57:51 [35353] *deleting .git/objects/6e/9446fc3a39918aad8cc90d54595c9df793163d
2023/01/14 13:57:51 [35353] *deleting .git/objects/6e/
2023/01/14 13:57:51 [35353] *deleting .git/objects/5d/d2fa46ce06b0abfa6f536e48fde346d28af8aa
2023/01/14 13:57:51 [35353] *deleting .git/objects/5d/
2023/01/14 13:57:51 [35353] *deleting .git/objects/56/f0b9681595d0789d303fec61091f602d0cd6bb
2023/01/14 13:57:51 [35353] *deleting .git/objects/56/
2023/01/14 13:57:51 [35353] *deleting .git/objects/10/7cb0808d0334a74621ad9d5c2307e8edf82df0
2023/01/14 13:57:51 [35353] *deleting .git/objects/78/9ad0d3340d9303de792df8bef3ec832299b42b
2023/01/14 13:57:51 [35353] *deleting .git/refs/heads/main
2023/01/14 13:57:51 [35353] *deleting .git/refs/remotes/origin/main
2023/01/14 13:57:51 [35353] .d..t.... ./
2023/01/14 13:57:51 [35353] <f+++++++ .DS_Store
2023/01/14 13:57:51 [35353] <f+++++++ .distignore
2023/01/14 13:57:51 [35353] <f+++++++ LICENSE
2023/01/14 13:57:51 [35353] <f+++++++ README.md
2023/01/14 13:57:51 [35353] <f+++++++ deploy.sh
2023/01/14 13:57:51 [35353] <f+++++++ index.php
2023/01/14 13:57:51 [35353] <f+++++++ mcf-form.php
2023/01/14 13:57:51 [35353] <f+++++++ mcf-options-page.php
2023/01/14 13:57:51 [35353] <f+++++++ mcf-options.php
2023/01/14 13:57:51 [35353] <f+++++++ mcf.php
2023/01/14 13:57:51 [35353] <f.st.... rsync.log
2023/01/14 13:57:51 [35353] <f+++++++ translation.txt
2023/01/14 13:57:51 [35353] .d..t.... .git/
2023/01/14 13:57:51 [35353] <f+++++++ .git/.DS_Store
2023/01/14 13:57:51 [35353] <f+++++++ .git/packed-refs
2023/01/14 13:57:51 [35353] .d..t.... .git/hooks/
2023/01/14 13:57:51 [35353] .d..t.... .git/info/
2023/01/14 13:57:51 [35353] .d..t.... .git/logs/
2023/01/14 13:57:51 [35353] .d..t.... .git/logs/refs/
2023/01/14 13:57:51 [35353] .d..t.... .git/logs/refs/heads/
2023/01/14 13:57:51 [35353] <f+++++++ .git/logs/refs/heads/1.0
2023/01/14 13:57:51 [35353] <f+++++++ .git/logs/refs/heads/master
2023/01/14 13:57:51 [35353] .d..t.... .git/logs/refs/remotes/
2023/01/14 13:57:51 [35353] .d..t.... .git/logs/refs/remotes/origin/
2023/01/14 13:57:51 [35353] <f+++++++ .git/logs/refs/remotes/origin/HEAD
2023/01/14 13:57:51 [35353] <f+++++++ .git/logs/refs/remotes/origin/master
2023/01/14 13:57:51 [35353] .d..t.... .git/objects/
2023/01/14 13:57:51 [35353] cd+++++++ .git/objects/01/
2023/01/14 13:57:51 [35353] <f+++++++ .git/objects/01/854b1650bd8b8d89b0e8da9c5681dc67fca317
2023/01/14 13:57:51 [35353] cd+++++++ .git/objects/02/
2023/01/14 13:57:51 [35353] <f+++++++ .git/objects/02/1b908187a25b8f361b77a81c5ef3a9e77308aa
2023/01/14 13:57:51 [35353] cd+++++++ .git/objects/07/
2023/01/14 13:57:51 [35353] <f+++++++ .git/objects/07/b381a5892e907738f66d7c0f48f97ca3a9cc30
2023/01/14 13:57:51 [35353] cd+++++++ .git/objects/09/
2023/01/14 13:57:51 [35353] <f+++++++ .git/objects/09/68affcc6f4b3b6723008c512e8b07e75a67781
2023/01/14 13:57:51 [35353] cd+++++++ .git/objects/0c/
2023/01/14 13:57:51 [35353] <f+++++++ .git/objects/0c/089914a7c7aaaeca458fd4cadb0a370d358f9b
2023/01/14 13:57:51 [35353] <f+++++++ .git/objects/0c/f5d0b363f2b3d4d2c18d861d5ea9c3bb178203
2023/01/14 13:57:51 [35353] <f+++++++ .git/objects/0c/fdf9f7bc65d7741965a5f3a688f41cc942d677
2023/01/14 13:57:51 [35353] cd+++++++ .git/objects/0f/
2023/01/14 13:57:51 [35353] <f+++++++ .git/objects/0f/849ffc0f261e6ca3a771584e71a33cc6e1f966
2023/01/14 13:57:51 [35353] .d..t.... .git/objects/10/
2023/01/14 13:57:51 [35353] <f+++++++ .git/objects/10/d6969e577dda2460e0a885dfce1a4e0eb049fa
2023/01/14 13:57:51 [35353] cd+++++++ .git/objects/18/
2023/01/14 13:57:51 [35353] <f+++++++ .git/objects/18/6096252d356224eb4835341770018a8b25c826
2023/01/14 13:57:51 [35353] cd+++++++ .git/objects/19/
2023/01/14 13:57:51 [35353] <f+++++++ .git/objects/19/cdcbf9bf1ab020a60602c5c4c98d394d7a2ead
2023/01/14 13:57:51 [35353] cd+++++++ .git/objects/24/
2023/01/14 13:57:51 [35353] <f+++++++ .git/objects/24/7c6ee75f508ed39f3fe433ac5f7bf582614122
2023/01/14 13:57:51 [35353] cd+++++++ .git/objects/25/
2023/01/14 13:57:51 [35353] <f+++++++ .git/objects/25/9488f0d41a69d679df3db3e1292245ffd10524
2023/01/14 13:57:51 [35353] cd+++++++ .git/objects/33/
2023/01/14 13:57:51 [35353] <f+++++++ .git/objects/33/ab63da4912231bdac463f84502c0fb56ca3d18
2023/01/14 13:57:51 [35353] cd+++++++ .git/objects/39/
2023/01/14 13:57:51 [35353] <f+++++++ .git/objects/39/a5f8db1e73fe96ae880b18f50d64e28cfeeef3
2023/01/14 13:57:51 [35353] cd+++++++ .git/objects/3c/
2023/01/14 13:57:51 [35353] <f+++++++ .git/objects/3c/0c4e580536127bdc015b15b6b482323c03d63c
2023/01/14 13:57:51 [35353] <f+++++++ .git/objects/3c/1b5713063dbe9afed20bf550c3cc6504f059fc
2023/01/14 13:57:51 [35353] cd+++++++ .git/objects/3d/
2023/01/14 13:57:51 [35353] <f+++++++ .git/objects/3d/2409e7e07398ca0d5ddd04b167fc626b13c594
2023/01/14 13:57:51 [35353] cd+++++++ .git/objects/49/
2023/01/14 13:57:51 [35353] <f+++++++ .git/objects/49/3caff7e3f1f13d062e84112251899f77677cdc
2023/01/14 13:57:51 [35353] cd+++++++ .git/objects/4e/
2023/01/14 13:57:51 [35353] <f+++++++ .git/objects/4e/4027ed5d9038599784c72e8e8ebe9d36152bc1
2023/01/14 13:57:51 [35353] cd+++++++ .git/objects/4f/
2023/01/14 13:57:51 [35353] <f+++++++ .git/objects/4f/1e1a84ff74a32d88ea40cb45995be83849eb50
2023/01/14 13:57:51 [35353] cd+++++++ .git/objects/52/
2023/01/14 13:57:51 [35353] <f+++++++ .git/objects/52/088703c2e58dccac6540f0c89a7bbd8c910604
2023/01/14 13:57:51 [35353] cd+++++++ .git/objects/54/
2023/01/14 13:57:51 [35353] <f+++++++ .git/objects/54/ab2d73d48f5558ff52320c3cbe8e3b0ba2f89b
2023/01/14 13:57:51 [35353] cd+++++++ .git/objects/57/
2023/01/14 13:57:51 [35353] <f+++++++ .git/objects/57/808534cfb9d4c4141c090763539db5250c49f1
2023/01/14 13:57:51 [35353] cd+++++++ .git/objects/58/
2023/01/14 13:57:51 [35353] <f+++++++ .git/objects/58/e421fae3458db417a327cb3fc63b874f0f92a2
2023/01/14 13:57:51 [35353] cd+++++++ .git/objects/59/
2023/01/14 13:57:51 [35353] <f+++++++ .git/objects/59/cef187a8e4f023e00ba95c2da9577c87b6e929
2023/01/14 13:57:51 [35353] cd+++++++ .git/objects/63/
2023/01/14 13:57:51 [35353] <f+++++++ .git/objects/63/153b154918508420a97c5b6116f3abf92fc78b
2023/01/14 13:57:51 [35353] cd+++++++ .git/objects/67/
2023/01/14 13:57:51 [35353] <f+++++++ .git/objects/67/162454c51d6bf8147ccd128f94bfdd40971659
2023/01/14 13:57:51 [35353] <f+++++++ .git/objects/67/a8d11f4b64d0523aebe3c071ef9bd3b9bec7e5
2023/01/14 13:57:51 [35353] <f+++++++ .git/objects/67/b074ecd63fa048877d384ee7a33fbefe4fb878
2023/01/14 13:57:51 [35353] cd+++++++ .git/objects/6b/
2023/01/14 13:57:51 [35353] <f+++++++ .git/objects/6b/92e253bf697f6d324103d74a400496964d35d3
2023/01/14 13:57:51 [35353] <f+++++++ .git/objects/6b/e29f76bb97e6cb8a6958d7d6089dbad275c787
2023/01/14 13:57:51 [35353] cd+++++++ .git/objects/6f/
2023/01/14 13:57:51 [35353] <f+++++++ .git/objects/6f/c278f6f5a3dbded3f7171dc7527c69ea72dddf
2023/01/14 13:57:51 [35353] <f+++++++ .git/objects/6f/f518614de6c70723754be06de8a26c52857cfd
2023/01/14 13:57:51 [35353] cd+++++++ .git/objects/76/
2023/01/14 13:57:51 [35353] <f+++++++ .git/objects/76/34686a3f63c37ed388d4d6ab18f902798606ef
2023/01/14 13:57:51 [35353] .d..t.... .git/objects/78/
2023/01/14 13:57:51 [35353] <f+++++++ .git/objects/78/3bc120e2fe71d7ed9603c9bc8c609b57abd6d8
2023/01/14 13:57:51 [35353] cd+++++++ .git/objects/7b/
2023/01/14 13:57:51 [35353] <f+++++++ .git/objects/7b/a0f752236c3aed8615c776aa8bf2b4a964d912
2023/01/14 13:57:51 [35353] cd+++++++ .git/objects/7e/
2023/01/14 13:57:51 [35353] <f+++++++ .git/objects/7e/4d8486e0745d9b482fdaf3faad1920263d3ba1
2023/01/14 13:57:51 [35353] cd+++++++ .git/objects/83/
2023/01/14 13:57:51 [35353] <f+++++++ .git/objects/83/22c4c26c5253dc9faba5f5071af9b13fbac9e0
2023/01/14 13:57:51 [35353] cd+++++++ .git/objects/86/
2023/01/14 13:57:51 [35353] <f+++++++ .git/objects/86/76243fb98d652e4af5db659f748756d6270b16
2023/01/14 13:57:51 [35353] <f+++++++ .git/objects/86/fb695991554f6db3b449fc1c8d898b08fac70a
2023/01/14 13:57:51 [35353] cd+++++++ .git/objects/88/
2023/01/14 13:57:51 [35353] <f+++++++ .git/objects/88/9bc5e9a6291e01766f3755570c9561eb245613
2023/01/14 13:57:51 [35353] cd+++++++ .git/objects/89/
2023/01/14 13:57:51 [35353] <f+++++++ .git/objects/89/6563be59185d3b632a05f5aa53f39caee33d23
2023/01/14 13:57:51 [35353] cd+++++++ .git/objects/8e/
2023/01/14 13:57:51 [35353] <f+++++++ .git/objects/8e/a20131fc49d01fca486513e17be86882fdeea8
2023/01/14 13:57:51 [35353] cd+++++++ .git/objects/91/
2023/01/14 13:57:51 [35353] <f+++++++ .git/objects/91/5eed91ddcf163ee068ba4bceb54e40ea173fb8
2023/01/14 13:57:51 [35353] <f+++++++ .git/objects/91/fbc297f6a2f07e7f83a439291fba0f5a91683e
2023/01/14 13:57:51 [35353] cd+++++++ .git/objects/92/
2023/01/14 13:57:51 [35353] <f+++++++ .git/objects/92/230bb7f0f7ee8be53ac9c1589432a60a8e6192
2023/01/14 13:57:51 [35353] cd+++++++ .git/objects/9c/
2023/01/14 13:57:51 [35353] <f+++++++ .git/objects/9c/61e823d2fe621bd5d3bc9d3bbe3c47dbe55e26
2023/01/14 13:57:51 [35353] <f+++++++ .git/objects/9c/cf7a3244c5430df2e6a21398afe76ca48e287e
2023/01/14 13:57:51 [35353] cd+++++++ .git/objects/a2/
2023/01/14 13:57:51 [35353] <f+++++++ .git/objects/a2/df02ccc2f22829538a2f43b98b575ab5dba4f3
2023/01/14 13:57:51 [35353] cd+++++++ .git/objects/b1/
2023/01/14 13:57:51 [35353] <f+++++++ .git/objects/b1/019ad8d9ca23ab72e7dadb8884c454d41f0b36
2023/01/14 13:57:51 [35353] <f+++++++ .git/objects/b1/23b05458aac1de3bbbd83fd654d17a7ca76dc4
2023/01/14 13:57:51 [35353] cd+++++++ .git/objects/b2/
2023/01/14 13:57:51 [35353] <f+++++++ .git/objects/b2/e1a7072c2e4e66e0e8a15881082af862e33a99
2023/01/14 13:57:51 [35353] cd+++++++ .git/objects/b8/
2023/01/14 13:57:51 [35353] <f+++++++ .git/objects/b8/8d61eb8b3e750ce4c3c21b92d646c4d98d375f
2023/01/14 13:57:51 [35353] cd+++++++ .git/objects/bc/
2023/01/14 13:57:51 [35353] <f+++++++ .git/objects/bc/9e76b5db40c4932e5a90aa7c71723ce0eb5927
2023/01/14 13:57:51 [35353] cd+++++++ .git/objects/bd/
2023/01/14 13:57:51 [35353] <f+++++++ .git/objects/bd/b086d0554c6a71840c7798b298a2ac1e8de75b
2023/01/14 13:57:51 [35353] cd+++++++ .git/objects/be/
2023/01/14 13:57:51 [35353] <f+++++++ .git/objects/be/bbfe1db92efc1ddc2512e9225c6a04c6753cf9
2023/01/14 13:57:51 [35353] <f+++++++ .git/objects/be/db58b67f597d2b3c45890603b961fa4c8ff428
2023/01/14 13:57:51 [35353] .d..t.... .git/objects/c0/
2023/01/14 13:57:51 [35353] cd+++++++ .git/objects/c4/
2023/01/14 13:57:51 [35353] <f+++++++ .git/objects/c4/0eee2cfafd0d0e4dfa0bb0957d22f227b1d8ff
2023/01/14 13:57:51 [35353] cd+++++++ .git/objects/c5/
2023/01/14 13:57:51 [35353] <f+++++++ .git/objects/c5/7db1c63a95ea8bfbbcc82c1d7ed3f6ed69b5b0
2023/01/14 13:57:51 [35353] cd+++++++ .git/objects/c6/
2023/01/14 13:57:51 [35353] <f+++++++ .git/objects/c6/824553e528886e2638383dbacb61c53af7b1bb
2023/01/14 13:57:51 [35353] <f+++++++ .git/objects/c6/e3cdd927ae009eff394585e39fc4e355b88b58
2023/01/14 13:57:51 [35353] cd+++++++ .git/objects/c8/
2023/01/14 13:57:51 [35353] <f+++++++ .git/objects/c8/162a88f4d7de380ce1348a49e15134d101e39a
2023/01/14 13:57:51 [35353] <f+++++++ .git/objects/c8/d0ad530f7c784fd88b38dfbb6c853ea2545931
2023/01/14 13:57:51 [35353] cd+++++++ .git/objects/c9/
2023/01/14 13:57:51 [35353] <f+++++++ .git/objects/c9/73d62751d052b0bb01e1abddfa3278b9247c09
2023/01/14 13:57:51 [35353] cd+++++++ .git/objects/cb/
2023/01/14 13:57:51 [35353] <f+++++++ .git/objects/cb/7ec80f7567e12b5c902eeaa7237ad451cadf2d
2023/01/14 13:57:51 [35353] cd+++++++ .git/objects/ce/
2023/01/14 13:57:51 [35353] <f+++++++ .git/objects/ce/5240f0e33aee8e51dbfbddb2a751caf9e37c0b
2023/01/14 13:57:51 [35353] .d..t.... .git/objects/d0/
2023/01/14 13:57:51 [35353] cd+++++++ .git/objects/d2/
2023/01/14 13:57:51 [35353] <f+++++++ .git/objects/d2/1acb7b0a3f69f45e0fb54cc070275ad055cd20
2023/01/14 13:57:51 [35353] cd+++++++ .git/objects/d3/
2023/01/14 13:57:51 [35353] <f+++++++ .git/objects/d3/6558ea4d5ff9bf3efdb630e5b8d4464ae7a5e9
2023/01/14 13:57:51 [35353] cd+++++++ .git/objects/d4/
2023/01/14 13:57:51 [35353] <f+++++++ .git/objects/d4/5012a8b51ce51009a9128613fbf204328277b4
2023/01/14 13:57:51 [35353] cd+++++++ .git/objects/d6/
2023/01/14 13:57:51 [35353] <f+++++++ .git/objects/d6/d7ca4a1c46590993ffbda25ff642da1a895400
2023/01/14 13:57:51 [35353] cd+++++++ .git/objects/db/
2023/01/14 13:57:51 [35353] <f+++++++ .git/objects/db/1a36411af1c330fea20720bf520b031b250b65
2023/01/14 13:57:51 [35353] cd+++++++ .git/objects/de/
2023/01/14 13:57:51 [35353] <f+++++++ .git/objects/de/7f75df8ca64ff0d9f8867702b6b122904da05f
2023/01/14 13:57:51 [35353] cd+++++++ .git/objects/df/
2023/01/14 13:57:51 [35353] <f+++++++ .git/objects/df/36241327e8212d05c69be60a897b7baa1b4207
2023/01/14 13:57:51 [35353] cd+++++++ .git/objects/f3/
2023/01/14 13:57:51 [35353] <f+++++++ .git/objects/f3/d464cecb35944221746e54ab22d9179eb2c18c
2023/01/14 13:57:51 [35353] cd+++++++ .git/objects/fa/
2023/01/14 13:57:51 [35353] <f+++++++ .git/objects/fa/28936a274dcd10ed87a68c1bb976e0b2c79fe4
2023/01/14 13:57:51 [35353] <f+++++++ .git/objects/fa/89be8b62673bc3c0f0552b18fe87ba9ca083ae
2023/01/14 13:57:51 [35353] cd+++++++ .git/objects/fe/
2023/01/14 13:57:51 [35353] <f+++++++ .git/objects/fe/dd756717e215c5e68dad0bde44174b1b6eab36
2023/01/14 13:57:51 [35353] cd+++++++ .git/objects/ff/
2023/01/14 13:57:51 [35353] <f+++++++ .git/objects/ff/c14c3ebea69ee1c22cf41a28e9fedf4b0e06a4
2023/01/14 13:57:51 [35353] .d..t.... .git/objects/info/
2023/01/14 13:57:51 [35353] .d..t.... .git/objects/pack/
2023/01/14 13:57:51 [35353] <f+++++++ .git/objects/pack/pack-b5d93f8caed0b69a9dbeaae03b727037f5a4dcd8.idx
2023/01/14 13:57:51 [35353] <f+++++++ .git/objects/pack/pack-b5d93f8caed0b69a9dbeaae03b727037f5a4dcd8.pack
2023/01/14 13:57:51 [35353] .d..t.... .git/refs/
2023/01/14 13:57:51 [35353] .d..t.... .git/refs/heads/
2023/01/14 13:57:51 [35353] <f+++++++ .git/refs/heads/1.0
2023/01/14 13:57:51 [35353] <f+++++++ .git/refs/heads/master
2023/01/14 13:57:51 [35353] .d..t.... .git/refs/remotes/
2023/01/14 13:57:51 [35353] .d..t.... .git/refs/remotes/origin/
2023/01/14 13:57:51 [35353] <f+++++++ .git/refs/remotes/origin/HEAD
2023/01/14 13:57:51 [35353] <f+++++++ .git/refs/remotes/origin/master
2023/01/14 13:57:51 [35353] .d..t.... .git/refs/tags/
2023/01/14 13:57:51 [35353] <f+++++++ .git/refs/tags/0.8.1
2023/01/14 13:57:51 [35353] cd+++++++ .github/
2023/01/14 13:57:51 [35353] cd+++++++ .github/workflows/
2023/01/14 13:57:51 [35353] <f+++++++ .github/workflows/deploy.yaml
2023/01/14 13:57:51 [35353] cd+++++++ .wordpress-org/
2023/01/14 13:57:51 [35353] <f+++++++ .wordpress-org/banner-1544x500.png
2023/01/14 13:57:51 [35353] <f+++++++ .wordpress-org/banner-772x250.png
2023/01/14 13:57:51 [35353] <f+++++++ .wordpress-org/icon-128x128.png
2023/01/14 13:57:51 [35353] <f+++++++ .wordpress-org/icon-256x256.png
2023/01/14 13:57:51 [35353] <f+++++++ .wordpress-org/screenshot-1.png
2023/01/14 13:57:51 [35353] <f+++++++ .wordpress-org/screenshot-2.png
2023/01/14 13:57:51 [35353] cd+++++++ css/
2023/01/14 13:57:51 [35353] <f+++++++ css/admin.css
2023/01/14 13:57:51 [35353] <f+++++++ css/style.css
2023/01/14 13:57:51 [35353] cd+++++++ js/
2023/01/14 13:57:51 [35353] <f+++++++ js/mcf-script.js
2023/01/14 13:57:51 [35353] cd+++++++ languages/
2023/01/14 13:57:51 [35353] <f+++++++ languages/mcf-de_DE.mo
2023/01/14 13:57:51 [35353] <f+++++++ languages/mcf-de_DE.po
2023/01/14 13:57:51 [35353] <f+++++++ languages/mcf-de_DE_formal.mo
2023/01/14 13:57:51 [35353] <f+++++++ languages/mcf-de_DE_formal.po
2023/01/14 13:57:51 [35353] <f+++++++ languages/mcf-es_ES.mo
2023/01/14 13:57:51 [35353] <f+++++++ languages/mcf-es_ES.po
2023/01/14 13:57:51 [35353] <f+++++++ languages/mcf-fr_FR.mo
2023/01/14 13:57:51 [35353] <f+++++++ languages/mcf-fr_FR.po
2023/01/14 13:57:51 [35353] <f+++++++ languages/mcf-it_IT.mo
2023/01/14 13:57:51 [35353] <f+++++++ languages/mcf-it_IT.po
2023/01/14 13:57:51 [35353] <f+++++++ languages/mcf-ru_RU.mo
2023/01/14 13:57:51 [35353] <f+++++++ languages/mcf-ru_RU.po
2023/01/14 13:57:51 [35353] <f+++++++ languages/mcf.pot
2023/01/14 13:57:52 [35353] sent 1.30M bytes  received 3.44K bytes  522.59K bytes/sec
2023/01/14 13:57:52 [35353] total size is 1.65M  speedup is 1.26
.d..t.... ./
<f..tp... .distignore
<f.stp... .gitignore
<f+++++++ composer.json
<f+++++++ composer.lock
<f..t.... mcf-form.php
<f..tp... mcf-options-page.php
<f..t.... mcf-options.php
<f.stp... mcf.php
<f+++++++ push.ps1
<f+++++++ rclone.log
<f..t.... readme.txt
<f.stp... rsync.log
<f..tp... translation.txt
cd+++++++ .git/
<f+++++++ .git/COMMIT_EDITMSG
<f+++++++ .git/FETCH_HEAD
<f+++++++ .git/HEAD
<f+++++++ .git/config
<f+++++++ .git/description
<f+++++++ .git/index
<f+++++++ .git/packed-refs
cd+++++++ .git/hooks/
<f+++++++ .git/hooks/applypatch-msg.sample
<f+++++++ .git/hooks/commit-msg.sample
<f+++++++ .git/hooks/fsmonitor-watchman.sample
<f+++++++ .git/hooks/post-update.sample
<f+++++++ .git/hooks/pre-applypatch.sample
<f+++++++ .git/hooks/pre-commit.sample
<f+++++++ .git/hooks/pre-push.sample
<f+++++++ .git/hooks/pre-rebase.sample
<f+++++++ .git/hooks/pre-receive.sample
<f+++++++ .git/hooks/prepare-commit-msg.sample
<f+++++++ .git/hooks/update.sample
cd+++++++ .git/info/
<f+++++++ .git/info/exclude
cd+++++++ .git/logs/
<f+++++++ .git/logs/HEAD
cd+++++++ .git/logs/refs/
cd+++++++ .git/logs/refs/heads/
<f+++++++ .git/logs/refs/heads/1.0
<f+++++++ .git/logs/refs/heads/master
<f+++++++ .git/logs/refs/heads/v1.0.0
cd+++++++ .git/logs/refs/remotes/
cd+++++++ .git/logs/refs/remotes/origin/
<f+++++++ .git/logs/refs/remotes/origin/HEAD
<f+++++++ .git/logs/refs/remotes/origin/master
<f+++++++ .git/logs/refs/remotes/origin/v1.0.0
cd+++++++ .git/objects/
cd+++++++ .git/objects/01/
<f+++++++ .git/objects/01/854b1650bd8b8d89b0e8da9c5681dc67fca317
cd+++++++ .git/objects/02/
<f+++++++ .git/objects/02/1b908187a25b8f361b77a81c5ef3a9e77308aa
cd+++++++ .git/objects/07/
<f+++++++ .git/objects/07/73ca2da7efb8ebc3f4800d9590111239198aca
<f+++++++ .git/objects/07/b381a5892e907738f66d7c0f48f97ca3a9cc30
cd+++++++ .git/objects/09/
<f+++++++ .git/objects/09/68affcc6f4b3b6723008c512e8b07e75a67781
cd+++++++ .git/objects/0a/
<f+++++++ .git/objects/0a/d2e24030167041b30b7cc5bd4eddf6bfc6ef1f
cd+++++++ .git/objects/0c/
<f+++++++ .git/objects/0c/089914a7c7aaaeca458fd4cadb0a370d358f9b
<f+++++++ .git/objects/0c/f5d0b363f2b3d4d2c18d861d5ea9c3bb178203
<f+++++++ .git/objects/0c/fdf9f7bc65d7741965a5f3a688f41cc942d677
cd+++++++ .git/objects/0f/
<f+++++++ .git/objects/0f/849ffc0f261e6ca3a771584e71a33cc6e1f966
cd+++++++ .git/objects/10/
<f+++++++ .git/objects/10/d6969e577dda2460e0a885dfce1a4e0eb049fa
cd+++++++ .git/objects/12/
<f+++++++ .git/objects/12/36505a4a20afb68e6a37ed1d364d798fafcba4
cd+++++++ .git/objects/18/
<f+++++++ .git/objects/18/6096252d356224eb4835341770018a8b25c826
cd+++++++ .git/objects/19/
<f+++++++ .git/objects/19/9638a4279d12992433870701d73dbfcec4648a
<f+++++++ .git/objects/19/cdcbf9bf1ab020a60602c5c4c98d394d7a2ead
cd+++++++ .git/objects/22/
<f+++++++ .git/objects/22/1d9cb99ac980477adf16ca03dfe06ccaaed7ce
<f+++++++ .git/objects/22/679b4a05fece38ed88b7eced18b775563439b4
<f+++++++ .git/objects/22/e0e0c77ce22b1fdb756112d638462bc691a931
cd+++++++ .git/objects/24/
<f+++++++ .git/objects/24/7c6ee75f508ed39f3fe433ac5f7bf582614122
cd+++++++ .git/objects/25/
<f+++++++ .git/objects/25/9488f0d41a69d679df3db3e1292245ffd10524
cd+++++++ .git/objects/2c/
<f+++++++ .git/objects/2c/47dbe89086ec498c52ddd9a6932113d1bf8b96
<f+++++++ .git/objects/2c/4fa05f6158ad26fac35dac8430f51f549f0e5a
<f+++++++ .git/objects/2c/f736c790fd0031ee90bc88afc9e85b04f35f27
cd+++++++ .git/objects/33/
<f+++++++ .git/objects/33/ab63da4912231bdac463f84502c0fb56ca3d18
cd+++++++ .git/objects/35/
<f+++++++ .git/objects/35/4e9ffb19872726959781e11aa2f3e2c91ce5c2
cd+++++++ .git/objects/39/
<f+++++++ .git/objects/39/a5f8db1e73fe96ae880b18f50d64e28cfeeef3
cd+++++++ .git/objects/3a/
<f+++++++ .git/objects/3a/aae751c194c59352002c0fc3daa7af91510d0a
cd+++++++ .git/objects/3c/
<f+++++++ .git/objects/3c/0c4e580536127bdc015b15b6b482323c03d63c
<f+++++++ .git/objects/3c/1b5713063dbe9afed20bf550c3cc6504f059fc
cd+++++++ .git/objects/3d/
<f+++++++ .git/objects/3d/2409e7e07398ca0d5ddd04b167fc626b13c594
cd+++++++ .git/objects/40/
<f+++++++ .git/objects/40/0d498517490acc083548eb56c2983e57375c03
cd+++++++ .git/objects/42/
<f+++++++ .git/objects/42/1633a13030c17cbada573d049f0ed81574a067
cd+++++++ .git/objects/45/
<f+++++++ .git/objects/45/407e6e89d0cbc05784ed22e418e0f90eb88996
cd+++++++ .git/objects/49/
<f+++++++ .git/objects/49/3caff7e3f1f13d062e84112251899f77677cdc
cd+++++++ .git/objects/4e/
<f+++++++ .git/objects/4e/4027ed5d9038599784c72e8e8ebe9d36152bc1
cd+++++++ .git/objects/4f/
<f+++++++ .git/objects/4f/1e1a84ff74a32d88ea40cb45995be83849eb50
<f+++++++ .git/objects/4f/4b68166e0be44701f9a413a36420fd6f71e6f3
cd+++++++ .git/objects/52/
<f+++++++ .git/objects/52/088703c2e58dccac6540f0c89a7bbd8c910604
cd+++++++ .git/objects/54/
<f+++++++ .git/objects/54/ab2d73d48f5558ff52320c3cbe8e3b0ba2f89b
cd+++++++ .git/objects/57/
<f+++++++ .git/objects/57/808534cfb9d4c4141c090763539db5250c49f1
cd+++++++ .git/objects/58/
<f+++++++ .git/objects/58/e421fae3458db417a327cb3fc63b874f0f92a2
cd+++++++ .git/objects/59/
<f+++++++ .git/objects/59/8194d29f9700a593b409608ed3ef306118b213
<f+++++++ .git/objects/59/cef187a8e4f023e00ba95c2da9577c87b6e929
cd+++++++ .git/objects/5d/
<f+++++++ .git/objects/5d/331408e071ab3f04a64bba3c9850fe90b40a5d
cd+++++++ .git/objects/5f/
<f+++++++ .git/objects/5f/1eec231fd244bb070154041328610d11ff56b7
cd+++++++ .git/objects/61/
<f+++++++ .git/objects/61/a27f9a9d89a529b0fb1a33132fa77a1fa624a6
cd+++++++ .git/objects/63/
<f+++++++ .git/objects/63/153b154918508420a97c5b6116f3abf92fc78b
cd+++++++ .git/objects/67/
<f+++++++ .git/objects/67/162454c51d6bf8147ccd128f94bfdd40971659
<f+++++++ .git/objects/67/a8d11f4b64d0523aebe3c071ef9bd3b9bec7e5
<f+++++++ .git/objects/67/b074ecd63fa048877d384ee7a33fbefe4fb878
cd+++++++ .git/objects/6b/
<f+++++++ .git/objects/6b/92e253bf697f6d324103d74a400496964d35d3
<f+++++++ .git/objects/6b/e29f76bb97e6cb8a6958d7d6089dbad275c787
cd+++++++ .git/objects/6f/
<f+++++++ .git/objects/6f/c278f6f5a3dbded3f7171dc7527c69ea72dddf
<f+++++++ .git/objects/6f/f518614de6c70723754be06de8a26c52857cfd
cd+++++++ .git/objects/76/
<f+++++++ .git/objects/76/34686a3f63c37ed388d4d6ab18f902798606ef
cd+++++++ .git/objects/77/
<f+++++++ .git/objects/77/dc5d88e528dd679d8aa1983bf4321142a21729
cd+++++++ .git/objects/78/
<f+++++++ .git/objects/78/3bc120e2fe71d7ed9603c9bc8c609b57abd6d8
cd+++++++ .git/objects/7b/
<f+++++++ .git/objects/7b/78f3e190c9c921afa85c3806d44384eebc1166
<f+++++++ .git/objects/7b/a0f752236c3aed8615c776aa8bf2b4a964d912
cd+++++++ .git/objects/7e/
<f+++++++ .git/objects/7e/4d8486e0745d9b482fdaf3faad1920263d3ba1
<f+++++++ .git/objects/7e/86105b9586850545f5ac33c50af318c7747c09
cd+++++++ .git/objects/7f/
<f+++++++ .git/objects/7f/45ac6693e7465dad1961ccb475d3d16a2acc8d
cd+++++++ .git/objects/83/
<f+++++++ .git/objects/83/22c4c26c5253dc9faba5f5071af9b13fbac9e0
cd+++++++ .git/objects/86/
<f+++++++ .git/objects/86/76243fb98d652e4af5db659f748756d6270b16
<f+++++++ .git/objects/86/fb695991554f6db3b449fc1c8d898b08fac70a
cd+++++++ .git/objects/88/
<f+++++++ .git/objects/88/9bc5e9a6291e01766f3755570c9561eb245613
cd+++++++ .git/objects/89/
<f+++++++ .git/objects/89/6563be59185d3b632a05f5aa53f39caee33d23
cd+++++++ .git/objects/8e/
<f+++++++ .git/objects/8e/a20131fc49d01fca486513e17be86882fdeea8
cd+++++++ .git/objects/91/
<f+++++++ .git/objects/91/5eed91ddcf163ee068ba4bceb54e40ea173fb8
<f+++++++ .git/objects/91/fbc297f6a2f07e7f83a439291fba0f5a91683e
cd+++++++ .git/objects/92/
<f+++++++ .git/objects/92/230bb7f0f7ee8be53ac9c1589432a60a8e6192
<f+++++++ .git/objects/92/d54f30e8918038f0abf45084c6024d2c4690ec
cd+++++++ .git/objects/94/
<f+++++++ .git/objects/94/1a57072b28296d642515df032c4975e6274667
cd+++++++ .git/objects/96/
<f+++++++ .git/objects/96/1a73adc5a2ab08d634f4784c499bb33ac33d3a
cd+++++++ .git/objects/97/
<f+++++++ .git/objects/97/29f9167277a169fde6eda51729ae9c3894a979
cd+++++++ .git/objects/99/
<f+++++++ .git/objects/99/6d6c4258d10c4249c50ee55e6155b56a1997c9
cd+++++++ .git/objects/9c/
<f+++++++ .git/objects/9c/61e823d2fe621bd5d3bc9d3bbe3c47dbe55e26
<f+++++++ .git/objects/9c/cf7a3244c5430df2e6a21398afe76ca48e287e
cd+++++++ .git/objects/9d/
<f+++++++ .git/objects/9d/474dc42cab5180552e653b7a2487cce23b0611
cd+++++++ .git/objects/a2/
<f+++++++ .git/objects/a2/df02ccc2f22829538a2f43b98b575ab5dba4f3
cd+++++++ .git/objects/ab/
<f+++++++ .git/objects/ab/88e826052f7d12111998467ec21b4b9e4d71aa
cd+++++++ .git/objects/b1/
<f+++++++ .git/objects/b1/019ad8d9ca23ab72e7dadb8884c454d41f0b36
<f+++++++ .git/objects/b1/23b05458aac1de3bbbd83fd654d17a7ca76dc4
cd+++++++ .git/objects/b2/
<f+++++++ .git/objects/b2/e1a7072c2e4e66e0e8a15881082af862e33a99
cd+++++++ .git/objects/b8/
<f+++++++ .git/objects/b8/8d61eb8b3e750ce4c3c21b92d646c4d98d375f
cd+++++++ .git/objects/bc/
<f+++++++ .git/objects/bc/9e76b5db40c4932e5a90aa7c71723ce0eb5927
cd+++++++ .git/objects/bd/
<f+++++++ .git/objects/bd/b086d0554c6a71840c7798b298a2ac1e8de75b
cd+++++++ .git/objects/be/
<f+++++++ .git/objects/be/bbfe1db92efc1ddc2512e9225c6a04c6753cf9
<f+++++++ .git/objects/be/db58b67f597d2b3c45890603b961fa4c8ff428
cd+++++++ .git/objects/c0/
<f+++++++ .git/objects/c0/aa127e8a537b3e9b38181aabae7a7babc0f7a2
cd+++++++ .git/objects/c4/
<f+++++++ .git/objects/c4/0eee2cfafd0d0e4dfa0bb0957d22f227b1d8ff
cd+++++++ .git/objects/c5/
<f+++++++ .git/objects/c5/7db1c63a95ea8bfbbcc82c1d7ed3f6ed69b5b0
cd+++++++ .git/objects/c6/
<f+++++++ .git/objects/c6/824553e528886e2638383dbacb61c53af7b1bb
<f+++++++ .git/objects/c6/e3cdd927ae009eff394585e39fc4e355b88b58
cd+++++++ .git/objects/c8/
<f+++++++ .git/objects/c8/162a88f4d7de380ce1348a49e15134d101e39a
<f+++++++ .git/objects/c8/d0ad530f7c784fd88b38dfbb6c853ea2545931
cd+++++++ .git/objects/c9/
<f+++++++ .git/objects/c9/73d62751d052b0bb01e1abddfa3278b9247c09
cd+++++++ .git/objects/cb/
<f+++++++ .git/objects/cb/7ec80f7567e12b5c902eeaa7237ad451cadf2d
cd+++++++ .git/objects/ce/
<f+++++++ .git/objects/ce/5240f0e33aee8e51dbfbddb2a751caf9e37c0b
cd+++++++ .git/objects/cf/
<f+++++++ .git/objects/cf/c3958adea08a403970a8261bb6e593ec0747b0
cd+++++++ .git/objects/d0/
<f+++++++ .git/objects/d0/3634b20f0254d9e0b035d8baf16bafab357315
cd+++++++ .git/objects/d2/
<f+++++++ .git/objects/d2/1acb7b0a3f69f45e0fb54cc070275ad055cd20
cd+++++++ .git/objects/d3/
<f+++++++ .git/objects/d3/227f8d62eb37fb3d6ba2651466f30d21baf3b2
<f+++++++ .git/objects/d3/6558ea4d5ff9bf3efdb630e5b8d4464ae7a5e9
cd+++++++ .git/objects/d4/
<f+++++++ .git/objects/d4/5012a8b51ce51009a9128613fbf204328277b4
cd+++++++ .git/objects/d6/
<f+++++++ .git/objects/d6/d7ca4a1c46590993ffbda25ff642da1a895400
cd+++++++ .git/objects/da/
<f+++++++ .git/objects/da/6b9282e5e305c07e209f4f3c6aa38cc2ea2cb3
cd+++++++ .git/objects/db/
<f+++++++ .git/objects/db/1a36411af1c330fea20720bf520b031b250b65
cd+++++++ .git/objects/dc/
<f+++++++ .git/objects/dc/2be5bdd597015d63c745924d9ce21c6373ab23
cd+++++++ .git/objects/de/
<f+++++++ .git/objects/de/7f75df8ca64ff0d9f8867702b6b122904da05f
cd+++++++ .git/objects/df/
<f+++++++ .git/objects/df/36241327e8212d05c69be60a897b7baa1b4207
cd+++++++ .git/objects/e7/
<f+++++++ .git/objects/e7/1af0ef21ae90eb61db4b117bfd97b00e65113b
cd+++++++ .git/objects/e9/
<f+++++++ .git/objects/e9/320a08e9d23980d6b8e3843348cc64f3afb546
cd+++++++ .git/objects/ee/
<f+++++++ .git/objects/ee/39a558be9adf6cee234eb722f70e3b99c3b419
cd+++++++ .git/objects/ef/
<f+++++++ .git/objects/ef/47b32444ed31ba0662cb9fa5aa4cd933d27107
cd+++++++ .git/objects/f3/
<f+++++++ .git/objects/f3/d464cecb35944221746e54ab22d9179eb2c18c
cd+++++++ .git/objects/fa/
<f+++++++ .git/objects/fa/28936a274dcd10ed87a68c1bb976e0b2c79fe4
<f+++++++ .git/objects/fa/89be8b62673bc3c0f0552b18fe87ba9ca083ae
cd+++++++ .git/objects/fe/
<f+++++++ .git/objects/fe/dd756717e215c5e68dad0bde44174b1b6eab36
cd+++++++ .git/objects/ff/
<f+++++++ .git/objects/ff/c14c3ebea69ee1c22cf41a28e9fedf4b0e06a4
cd+++++++ .git/objects/info/
cd+++++++ .git/objects/pack/
<f+++++++ .git/objects/pack/pack-b5d93f8caed0b69a9dbeaae03b727037f5a4dcd8.idx
<f+++++++ .git/objects/pack/pack-b5d93f8caed0b69a9dbeaae03b727037f5a4dcd8.pack
cd+++++++ .git/refs/
cd+++++++ .git/refs/heads/
<f+++++++ .git/refs/heads/1.0
<f+++++++ .git/refs/heads/master
<f+++++++ .git/refs/heads/v1.0.0
cd+++++++ .git/refs/remotes/
cd+++++++ .git/refs/remotes/origin/
<f+++++++ .git/refs/remotes/origin/HEAD
<f+++++++ .git/refs/remotes/origin/master
<f+++++++ .git/refs/remotes/origin/v1.0.0
cd+++++++ .git/refs/tags/
<f+++++++ .git/refs/tags/0.8.1
<f+++++++ .git/refs/tags/v0.10.0
<f+++++++ .git/refs/tags/v0.8.1
<f+++++++ .git/refs/tags/v0.8.2
<f+++++++ .git/refs/tags/v0.8.3
<f+++++++ .git/refs/tags/v0.9.0
<f+++++++ .git/refs/tags/v0.9.1
.d..t.... admin/
<f..tp... admin/class-admin.php
<f..tp... admin/index.php
.d..t.... admin/assets/
.d..t.... admin/assets/css/
<f..tp... admin/assets/css/mcf-admin.css
.d..t.... admin/assets/js/
<f..tp... admin/assets/js/mcf-admin.js
.d..t.... admin/views/
<f..tp... admin/views/admin.php
<f..tp... admin/views/partial-layout.php
<f..tp... admin/views/partial-settings.php
<f..tp... admin/views/partial-styling.php
.d..t.... core/
<f..tp... core/class-activator.php
<f..tp... core/class-deactivator.php
<f..tp... core/class-i18n.php
<f..tp... core/class-loader.php
<f..tp... core/class-mcf.php
<f..tp... core/helpers.php
<f..tp... core/index.php
.d..t.... css/
<f..t.... css/admin.css
<f..tp... css/style.css
.d..t.... js/
<f..t.... js/mcf-script.js
.d..t.... languages/
<f..t.... languages/mcf-de_DE.mo
<f..t.... languages/mcf-de_DE.po
<f..t.... languages/mcf-de_DE_formal.mo
<f..t.... languages/mcf-de_DE_formal.po
<f..tp... languages/mcf-es_ES.mo
<f..tp... languages/mcf-es_ES.po
<f..tp... languages/mcf-fr_FR.mo
<f..tp... languages/mcf-fr_FR.po
<f..tp... languages/mcf-it_IT.mo
<f..tp... languages/mcf-it_IT.po
<f..tp... languages/mcf-ru_RU.mo
<f..tp... languages/mcf-ru_RU.po
<f..tp... languages/mcf.pot
cd+++++++ modules/
.d..t.... public/
<f..tp... public/class-form.php
<f..tp... public/class-public.php
<f..tp... public/index.php
.d..t.... public/assets/
.d..t.... public/assets/css/
<f..tp... public/assets/css/mcf-public.css
.d..t.... public/assets/js/
<f..tp... public/assets/js/mcf-public.js
.d..t.... public/views/
<f..tp... public/views/form.php
cd+++++++ src/
cd+++++++ src/Admin/
<f+++++++ src/Admin/AdminPanel.php
cd+++++++ src/Core/
<f+++++++ src/Core/Activator.php
<f+++++++ src/Core/Deactivator.php
<f+++++++ src/Core/Helpers.php
<f+++++++ src/Core/I18n.php
<f+++++++ src/Core/Loader.php
<f+++++++ src/Core/Plugin.php
<f+++++++ src/Core/Requirements.php
<f+++++++ src/Core/Uninstaller.php
cd+++++++ src/Models/
cd+++++++ src/Public/
<f+++++++ src/Public/FormHandler.php
<f+++++++ src/Public/Frontend.php
cd+++++++ vendor/
<f+++++++ vendor/autoload.php
cd+++++++ vendor/bin/
<f+++++++ vendor/bin/phpcbf
<f+++++++ vendor/bin/phpcs
cd+++++++ vendor/composer/
<f+++++++ vendor/composer/ClassLoader.php
<f+++++++ vendor/composer/InstalledVersions.php
<f+++++++ vendor/composer/LICENSE
<f+++++++ vendor/composer/autoload_classmap.php
<f+++++++ vendor/composer/autoload_namespaces.php
<f+++++++ vendor/composer/autoload_psr4.php
<f+++++++ vendor/composer/autoload_real.php
<f+++++++ vendor/composer/autoload_static.php
<f+++++++ vendor/composer/installed.json
<f+++++++ vendor/composer/installed.php
<f+++++++ vendor/composer/platform_check.php
cd+++++++ vendor/squizlabs/
cd+++++++ vendor/squizlabs/php_codesniffer/
<f+++++++ vendor/squizlabs/php_codesniffer/CHANGELOG.md
<f+++++++ vendor/squizlabs/php_codesniffer/CodeSniffer.conf.dist
<f+++++++ vendor/squizlabs/php_codesniffer/README.md
<f+++++++ vendor/squizlabs/php_codesniffer/autoload.php
<f+++++++ vendor/squizlabs/php_codesniffer/composer.json
<f+++++++ vendor/squizlabs/php_codesniffer/licence.txt
<f+++++++ vendor/squizlabs/php_codesniffer/phpcs.xsd
cd+++++++ vendor/squizlabs/php_codesniffer/bin/
<f+++++++ vendor/squizlabs/php_codesniffer/bin/phpcbf
<f+++++++ vendor/squizlabs/php_codesniffer/bin/phpcbf.bat
<f+++++++ vendor/squizlabs/php_codesniffer/bin/phpcs
<f+++++++ vendor/squizlabs/php_codesniffer/bin/phpcs.bat
cd+++++++ vendor/squizlabs/php_codesniffer/src/
<f+++++++ vendor/squizlabs/php_codesniffer/src/Config.php
<f+++++++ vendor/squizlabs/php_codesniffer/src/Fixer.php
<f+++++++ vendor/squizlabs/php_codesniffer/src/Reporter.php
<f+++++++ vendor/squizlabs/php_codesniffer/src/Ruleset.php
<f+++++++ vendor/squizlabs/php_codesniffer/src/Runner.php
cd+++++++ vendor/squizlabs/php_codesniffer/src/Exceptions/
<f+++++++ vendor/squizlabs/php_codesniffer/src/Exceptions/DeepExitException.php
<f+++++++ vendor/squizlabs/php_codesniffer/src/Exceptions/RuntimeException.php
<f+++++++ vendor/squizlabs/php_codesniffer/src/Exceptions/TokenizerException.php
cd+++++++ vendor/squizlabs/php_codesniffer/src/Files/
<f+++++++ vendor/squizlabs/php_codesniffer/src/Files/DummyFile.php
<f+++++++ vendor/squizlabs/php_codesniffer/src/Files/File.php
<f+++++++ vendor/squizlabs/php_codesniffer/src/Files/FileList.php
<f+++++++ vendor/squizlabs/php_codesniffer/src/Files/LocalFile.php
cd+++++++ vendor/squizlabs/php_codesniffer/src/Filters/
<f+++++++ vendor/squizlabs/php_codesniffer/src/Filters/ExactMatch.php
<f+++++++ vendor/squizlabs/php_codesniffer/src/Filters/Filter.php
<f+++++++ vendor/squizlabs/php_codesniffer/src/Filters/GitModified.php
<f+++++++ vendor/squizlabs/php_codesniffer/src/Filters/GitStaged.php
cd+++++++ vendor/squizlabs/php_codesniffer/src/Generators/
<f+++++++ vendor/squizlabs/php_codesniffer/src/Generators/Generator.php
<f+++++++ vendor/squizlabs/php_codesniffer/src/Generators/HTML.php
<f+++++++ vendor/squizlabs/php_codesniffer/src/Generators/Markdown.php
<f+++++++ vendor/squizlabs/php_codesniffer/src/Generators/Text.php
cd+++++++ vendor/squizlabs/php_codesniffer/src/Reports/
<f+++++++ vendor/squizlabs/php_codesniffer/src/Reports/Cbf.php
<f+++++++ vendor/squizlabs/php_codesniffer/src/Reports/Checkstyle.php
<f+++++++ vendor/squizlabs/php_codesniffer/src/Reports/Code.php
<f+++++++ vendor/squizlabs/php_codesniffer/src/Reports/Csv.php
<f+++++++ vendor/squizlabs/php_codesniffer/src/Reports/Diff.php
<f+++++++ vendor/squizlabs/php_codesniffer/src/Reports/Emacs.php
<f+++++++ vendor/squizlabs/php_codesniffer/src/Reports/Full.php
<f+++++++ vendor/squizlabs/php_codesniffer/src/Reports/Gitblame.php
<f+++++++ vendor/squizlabs/php_codesniffer/src/Reports/Hgblame.php
<f+++++++ vendor/squizlabs/php_codesniffer/src/Reports/Info.php
<f+++++++ vendor/squizlabs/php_codesniffer/src/Reports/Json.php
<f+++++++ vendor/squizlabs/php_codesniffer/src/Reports/Junit.php
<f+++++++ vendor/squizlabs/php_codesniffer/src/Reports/Notifysend.php
<f+++++++ vendor/squizlabs/php_codesniffer/src/Reports/Performance.php
<f+++++++ vendor/squizlabs/php_codesniffer/src/Reports/Report.php
<f+++++++ vendor/squizlabs/php_codesniffer/src/Reports/Source.php
<f+++++++ vendor/squizlabs/php_codesniffer/src/Reports/Summary.php
<f+++++++ vendor/squizlabs/php_codesniffer/src/Reports/Svnblame.php
<f+++++++ vendor/squizlabs/php_codesniffer/src/Reports/VersionControl.php
<f+++++++ vendor/squizlabs/php_codesniffer/src/Reports/Xml.php
cd+++++++ vendor/squizlabs/php_codesniffer/src/Sniffs/
<f+++++++ vendor/squizlabs/php_codesniffer/src/Sniffs/AbstractArraySniff.php
<f+++++++ vendor/squizlabs/php_codesniffer/src/Sniffs/AbstractPatternSniff.php
<f+++++++ vendor/squizlabs/php_codesniffer/src/Sniffs/AbstractScopeSniff.php
<f+++++++ vendor/squizlabs/php_codesniffer/src/Sniffs/AbstractVariableSniff.php
<f+++++++ vendor/squizlabs/php_codesniffer/src/Sniffs/DeprecatedSniff.php
<f+++++++ vendor/squizlabs/php_codesniffer/src/Sniffs/Sniff.php
cd+++++++ vendor/squizlabs/php_codesniffer/src/Standards/
cd+++++++ vendor/squizlabs/php_codesniffer/src/Standards/Generic/
<f+++++++ vendor/squizlabs/php_codesniffer/src/Standards/Generic/ruleset.xml
cd+++++++ vendor/squizlabs/php_codesniffer/src/Standards/Generic/Docs/
cd+++++++ vendor/squizlabs/php_codesniffer/src/Standards/Generic/Docs/Arrays/
<f+++++++ vendor/squizlabs/php_codesniffer/src/Standards/Generic/Docs/Arrays/ArrayIndentStandard.xml
<f+++++++ vendor/squizlabs/php_codesniffer/src/Standards/Generic/Docs/Arrays/DisallowLongArraySyntaxStandard.xml
<f+++++++ vendor/squizlabs/php_codesniffer/src/Standards/Generic/Docs/Arrays/DisallowShortArraySyntaxStandard.xml
cd+++++++ vendor/squizlabs/php_codesniffer/src/Standards/Generic/Docs/Classes/
<f+++++++ vendor/squizlabs/php_codesniffer/src/Standards/Generic/Docs/Classes/DuplicateClassNameStandard.xml
<f+++++++ vendor/squizlabs/php_codesniffer/src/Standards/Generic/Docs/Classes/OpeningBraceSameLineStandard.xml
cd+++++++ vendor/squizlabs/php_codesniffer/src/Standards/Generic/Docs/CodeAnalysis/
<f+++++++ vendor/squizlabs/php_codesniffer/src/Standards/Generic/Docs/CodeAnalysis/AssignmentInConditionStandard.xml
<f+++++++ vendor/squizlabs/php_codesniffer/src/Standards/Generic/Docs/CodeAnalysis/EmptyPHPStatementStandard.xml
<f+++++++ vendor/squizlabs/php_codesniffer/src/Standards/Generic/Docs/CodeAnalysis/EmptyStatementStandard.xml
<f+++++++ vendor/squizlabs/php_codesniffer/src/Standards/Generic/Docs/CodeAnalysis/ForLoopShouldBeWhileLoopStandard.xml
<f+++++++ vendor/squizlabs/php_codesniffer/src/Standards/Generic/Docs/CodeAnalysis/ForLoopWithTestFunctionCallStandard.xml
<f+++++++ vendor/squizlabs/php_codesniffer/src/Standards/Generic/Docs/CodeAnalysis/JumbledIncrementerStandard.xml
<f+++++++ vendor/squizlabs/php_codesniffer/src/Standards/Generic/Docs/CodeAnalysis/RequireExplicitBooleanOperatorPrecedenceStandard.xml
<f+++++++ vendor/squizlabs/php_codesniffer/src/Standards/Generic/Docs/CodeAnalysis/UnconditionalIfStatementStandard.xml
<f+++++++ vendor/squizlabs/php_codesniffer/src/Standards/Generic/Docs/CodeAnalysis/UnnecessaryFinalModifierStandard.xml
<f+++++++ vendor/squizlabs/php_codesniffer/src/Standards/Generic/Docs/CodeAnalysis/UnusedFunctionParameterStandard.xml
<f+++++++ vendor/squizlabs/php_codesniffer/src/Standards/Generic/Docs/CodeAnalysis/UselessOverridingMethodStandard.xml
cd+++++++ vendor/squizlabs/php_codesniffer/src/Standards/Generic/Docs/Commenting/
<f+++++++ vendor/squizlabs/php_codesniffer/src/Standards/Generic/Docs/Commenting/DocCommentStandard.xml
<f+++++++ vendor/squizlabs/php_codesniffer/src/Standards/Generic/Docs/Commenting/FixmeStandard.xml
<f+++++++ vendor/squizlabs/php_codesniffer/src/Standards/Generic/Docs/Commenting/TodoStandard.xml
cd+++++++ vendor/squizlabs/php_codesniffer/src/Standards/Generic/Docs/ControlStructures/
<f+++++++ vendor/squizlabs/php_codesniffer/src/Standards/Generic/Docs/ControlStructures/DisallowYodaConditionsStandard.xml
<f+++++++ vendor/squizlabs/php_codesniffer/src/Standards/Generic/Docs/ControlStructures/InlineControlStructureStandard.xml
cd+++++++ vendor/squizlabs/php_codesniffer/src/Standards/Generic/Docs/Debug/
<f+++++++ vendor/squizlabs/php_codesniffer/src/Standards/Generic/Docs/Debug/CSSLintStandard.xml
<f+++++++ vendor/squizlabs/php_codesniffer/src/Standards/Generic/Docs/Debug/ClosureLinterStandard.xml
<f+++++++ vendor/squizlabs/php_codesniffer/src/Standards/Generic/Docs/Debug/JSHintStandard.xml
cd+++++++ vendor/squizlabs/php_codesniffer/src/Standards/Generic/Docs/Files/
<f+++++++ vendor/squizlabs/php_codesniffer/src/Standards/Generic/Docs/Files/ByteOrderMarkStandard.xml
<f+++++++ vendor/squizlabs/php_codesniffer/src/Standards/Generic/Docs/Files/EndFileNewlineStandard.xml
<f+++++++ vendor/squizlabs/php_codesniffer/src/Standards/Generic/Docs/Files/EndFileNoNewlineStandard.xml
<f+++++++ vendor/squizlabs/php_codesniffer/src/Standards/Generic/Docs/Files/ExecutableFileStandard.xml
<f+++++++ vendor/squizlabs/php_codesniffer/src/Standards/Generic/Docs/Files/InlineHTMLStandard.xml
<f+++++++ vendor/squizlabs/php_codesniffer/src/Standards/Generic/Docs/Files/LineEndingsStandard.xml
<f+++++++ vendor/squizlabs/php_codesniffer/src/Standards/Generic/Docs/Files/LineLengthStandard.xml
<f+++++++ vendor/squizlabs/php_codesniffer/src/Standards/Generic/Docs/Files/LowercasedFilenameStandard.xml
<f+++++++ vendor/squizlabs/php_codesniffer/src/Standards/Generic/Docs/Files/OneClassPerFileStandard.xml
<f+++++++ vendor/squizlabs/php_codesniffer/src/Standards/Generic/Docs/Files/OneInterfacePerFileStandard.xml
<f+++++++ vendor/squizlabs/php_codesniffer/src/Standards/Generic/Docs/Files/OneObjectStructurePerFileStandard.xml
<f+++++++ vendor/squizlabs/php_codesniffer/src/Standards/Generic/Docs/Files/OneTraitPerFileStandard.xml
cd+++++++ vendor/squizlabs/php_codesniffer/src/Standards/Generic/Docs/Formatting/
<f+++++++ vendor/squizlabs/php_codesniffer/src/Standards/Generic/Docs/Formatting/DisallowMultipleStatementsStandard.xml
<f+++++++ vendor/squizlabs/php_codesniffer/src/Standards/Generic/Docs/Formatting/MultipleStatementAlignmentStandard.xml
<f+++++++ vendor/squizlabs/php_codesniffer/src/Standards/Generic/Docs/Formatting/NoSpaceAfterCastStandard.xml
<f+++++++ vendor/squizlabs/php_codesniffer/src/Standards/Generic/Docs/Formatting/SpaceAfterCastStandard.xml
<f+++++++ vendor/squizlabs/php_codesniffer/src/Standards/Generic/Docs/Formatting/SpaceAfterNotStandard.xml
<f+++++++ vendor/squizlabs/php_codesniffer/src/Standards/Generic/Docs/Formatting/SpaceBeforeCastStandard.xml
cd+++++++ vendor/squizlabs/php_codesniffer/src/Standards/Generic/Docs/Functions/
<f+++++++ vendor/squizlabs/php_codesniffer/src/Standards/Generic/Docs/Functions/CallTimePassByReferenceStandard.xml
<f+++++++ vendor/squizlabs/php_codesniffer/src/Standards/Generic/Docs/Functions/FunctionCallArgumentSpacingStandard.xml
<f+++++++ vendor/squizlabs/php_codesniffer/src/Standards/Generic/Docs/Functions/OpeningFunctionBraceBsdAllmanStandard.xml
<f+++++++ vendor/squizlabs/php_codesniffer/src/Standards/Generic/Docs/Functions/OpeningFunctionBraceKernighanRitchieStandard.xml
cd+++++++ vendor/squizlabs/php_codesniffer/src/Standards/Generic/Docs/Metrics/
<f+++++++ vendor/squizlabs/php_codesniffer/src/Standards/Generic/Docs/Metrics/CyclomaticComplexityStandard.xml
<f+++++++ vendor/squizlabs/php_codesniffer/src/Standards/Generic/Docs/Metrics/NestingLevelStandard.xml
cd+++++++ vendor/squizlabs/php_codesniffer/src/Standards/Generic/Docs/NamingConventions/
<f+++++++ vendor/squizlabs/php_codesniffer/src/Standards/Generic/Docs/NamingConventions/AbstractClassNamePrefixStandard.xml
<f+++++++ vendor/squizlabs/php_codesniffer/src/Standards/Generic/Docs/NamingConventions/CamelCapsFunctionNameStandard.xml
<f+++++++ vendor/squizlabs/php_codesniffer/src/Standards/Generic/Docs/NamingConventions/ConstructorNameStandard.xml
<f+++++++ vendor/squizlabs/php_codesniffer/src/Standards/Generic/Docs/NamingConventions/InterfaceNameSuffixStandard.xml
<f+++++++ vendor/squizlabs/php_codesniffer/src/Standards/Generic/Docs/NamingConventions/TraitNameSuffixStandard.xml
<f+++++++ vendor/squizlabs/php_codesniffer/src/Standards/Generic/Docs/NamingConventions/UpperCaseConstantNameStandard.xml
cd+++++++ vendor/squizlabs/php_codesniffer/src/Standards/Generic/Docs/PHP/
<f+++++++ vendor/squizlabs/php_codesniffer/src/Standards/Generic/Docs/PHP/BacktickOperatorStandard.xml
<f+++++++ vendor/squizlabs/php_codesniffer/src/Standards/Generic/Docs/PHP/CharacterBeforePHPOpeningTagStandard.xml
<f+++++++ vendor/squizlabs/php_codesniffer/src/Standards/Generic/Docs/PHP/ClosingPHPTagStandard.xml
<f+++++++ vendor/squizlabs/php_codesniffer/src/Standards/Generic/Docs/PHP/DeprecatedFunctionsStandard.xml
<f+++++++ vendor/squizlabs/php_codesniffer/src/Standards/Generic/Docs/PHP/DisallowAlternativePHPTagsStandard.xml
<f+++++++ vendor/squizlabs/php_codesniffer/src/Standards/Generic/Docs/PHP/DisallowRequestSuperglobalStandard.xml
<f+++++++ vendor/squizlabs/php_codesniffer/src/Standards/Generic/Docs/PHP/DisallowShortOpenTagStandard.xml
<f+++++++ vendor/squizlabs/php_codesniffer/src/Standards/Generic/Docs/PHP/DiscourageGotoStandard.xml
<f+++++++ vendor/squizlabs/php_codesniffer/src/Standards/Generic/Docs/PHP/ForbiddenFunctionsStandard.xml
<f+++++++ vendor/squizlabs/php_codesniffer/src/Standards/Generic/Docs/PHP/LowerCaseConstantStandard.xml
<f+++++++ vendor/squizlabs/php_codesniffer/src/Standards/Generic/Docs/PHP/LowerCaseKeywordStandard.xml
<f+++++++ vendor/squizlabs/php_codesniffer/src/Standards/Generic/Docs/PHP/LowerCaseTypeStandard.xml
<f+++++++ vendor/squizlabs/php_codesniffer/src/Standards/Generic/Docs/PHP/NoSilencedErrorsStandard.xml
<f+++++++ vendor/squizlabs/php_codesniffer/src/Standards/Generic/Docs/PHP/RequireStrictTypesStandard.xml
<f+++++++ vendor/squizlabs/php_codesniffer/src/Standards/Generic/Docs/PHP/SAPIUsageStandard.xml
<f+++++++ vendor/squizlabs/php_codesniffer/src/Standards/Generic/Docs/PHP/SyntaxStandard.xml
<f+++++++ vendor/squizlabs/php_codesniffer/src/Standards/Generic/Docs/PHP/UpperCaseConstantStandard.xml
cd+++++++ vendor/squizlabs/php_codesniffer/src/Standards/Generic/Docs/Strings/
<f+++++++ vendor/squizlabs/php_codesniffer/src/Standards/Generic/Docs/Strings/UnnecessaryHeredocStandard.xml
<f+++++++ vendor/squizlabs/php_codesniffer/src/Standards/Generic/Docs/Strings/UnnecessaryStringConcatStandard.xml
cd+++++++ vendor/squizlabs/php_codesniffer/src/Standards/Generic/Docs/VersionControl/
<f+++++++ vendor/squizlabs/php_codesniffer/src/Standards/Generic/Docs/VersionControl/SubversionPropertiesStandard.xml
cd+++++++ vendor/squizlabs/php_codesniffer/src/Standards/Generic/Docs/WhiteSpace/
<f+++++++ vendor/squizlabs/php_codesniffer/src/Standards/Generic/Docs/WhiteSpace/ArbitraryParenthesesSpacingStandard.xml
<f+++++++ vendor/squizlabs/php_codesniffer/src/Standards/Generic/Docs/WhiteSpace/DisallowSpaceIndentStandard.xml
<f+++++++ vendor/squizlabs/php_codesniffer/src/Standards/Generic/Docs/WhiteSpace/DisallowTabIndentStandard.xml
<f+++++++ vendor/squizlabs/php_codesniffer/src/Standards/Generic/Docs/WhiteSpace/HereNowdocIdentifierSpacingStandard.xml
<f+++++++ vendor/squizlabs/php_codesniffer/src/Standards/Generic/Docs/WhiteSpace/IncrementDecrementSpacingStandard.xml
<f+++++++ vendor/squizlabs/php_codesniffer/src/Standards/Generic/Docs/WhiteSpace/LanguageConstructSpacingStandard.xml
<f+++++++ vendor/squizlabs/php_codesniffer/src/Standards/Generic/Docs/WhiteSpace/ScopeIndentStandard.xml
<f+++++++ vendor/squizlabs/php_codesniffer/src/Standards/Generic/Docs/WhiteSpace/SpreadOperatorSpacingAfterStandard.xml
cd+++++++ vendor/squizlabs/php_codesniffer/src/Standards/Generic/Sniffs/
cd+++++++ vendor/squizlabs/php_codesniffer/src/Standards/Generic/Sniffs/Arrays/
<f+++++++ vendor/squizlabs/php_codesniffer/src/Standards/Generic/Sniffs/Arrays/ArrayIndentSniff.php
<f+++++++ vendor/squizlabs/php_codesniffer/src/Standards/Generic/Sniffs/Arrays/DisallowLongArraySyntaxSniff.php
<f+++++++ vendor/squizlabs/php_codesniffer/src/Standards/Generic/Sniffs/Arrays/DisallowShortArraySyntaxSniff.php
cd+++++++ vendor/squizlabs/php_codesniffer/src/Standards/Generic/Sniffs/Classes/
<f+++++++ vendor/squizlabs/php_codesniffer/src/Standards/Generic/Sniffs/Classes/DuplicateClassNameSniff.php
<f+++++++ vendor/squizlabs/php_codesniffer/src/Standards/Generic/Sniffs/Classes/OpeningBraceSameLineSniff.php
cd+++++++ vendor/squizlabs/php_codesniffer/src/Standards/Generic/Sniffs/CodeAnalysis/
<f+++++++ vendor/squizlabs/php_codesniffer/src/Standards/Generic/Sniffs/CodeAnalysis/AssignmentInConditionSniff.php
<f+++++++ vendor/squizlabs/php_codesniffer/src/Standards/Generic/Sniffs/CodeAnalysis/EmptyPHPStatementSniff.php
<f+++++++ vendor/squizlabs/php_codesniffer/src/Standards/Generic/Sniffs/CodeAnalysis/EmptyStatementSniff.php
<f+++++++ vendor/squizlabs/php_codesniffer/src/Standards/Generic/Sniffs/CodeAnalysis/ForLoopShouldBeWhileLoopSniff.php
<f+++++++ vendor/squizlabs/php_codesniffer/src/Standards/Generic/Sniffs/CodeAnalysis/ForLoopWithTestFunctionCallSniff.php
<f+++++++ vendor/squizlabs/php_codesniffer/src/Standards/Generic/Sniffs/CodeAnalysis/JumbledIncrementerSniff.php
<f+++++++ vendor/squizlabs/php_codesniffer/src/Standards/Generic/Sniffs/CodeAnalysis/RequireExplicitBooleanOperatorPrecedenceSniff.php
<f+++++++ vendor/squizlabs/php_codesniffer/src/Standards/Generic/Sniffs/CodeAnalysis/UnconditionalIfStatementSniff.php
<f+++++++ vendor/squizlabs/php_codesniffer/src/Standards/Generic/Sniffs/CodeAnalysis/UnnecessaryFinalModifierSniff.php
<f+++++++ vendor/squizlabs/php_codesniffer/src/Standards/Generic/Sniffs/CodeAnalysis/UnusedFunctionParameterSniff.php
<f+++++++ vendor/squizlabs/php_codesniffer/src/Standards/Generic/Sniffs/CodeAnalysis/UselessOverridingMethodSniff.php
cd+++++++ vendor/squizlabs/php_codesniffer/src/Standards/Generic/Sniffs/Commenting/
<f+++++++ vendor/squizlabs/php_codesniffer/src/Standards/Generic/Sniffs/Commenting/DocCommentSniff.php
<f+++++++ vendor/squizlabs/php_codesniffer/src/Standards/Generic/Sniffs/Commenting/FixmeSniff.php
<f+++++++ vendor/squizlabs/php_codesniffer/src/Standards/Generic/Sniffs/Commenting/TodoSniff.php
cd+++++++ vendor/squizlabs/php_codesniffer/src/Standards/Generic/Sniffs/ControlStructures/
<f+++++++ vendor/squizlabs/php_codesniffer/src/Standards/Generic/Sniffs/ControlStructures/DisallowYodaConditionsSniff.php
<f+++++++ vendor/squizlabs/php_codesniffer/src/Standards/Generic/Sniffs/ControlStructures/InlineControlStructureSniff.php
cd+++++++ vendor/squizlabs/php_codesniffer/src/Standards/Generic/Sniffs/Debug/
<f+++++++ vendor/squizlabs/php_codesniffer/src/Standards/Generic/Sniffs/Debug/CSSLintSniff.php
<f+++++++ vendor/squizlabs/php_codesniffer/src/Standards/Generic/Sniffs/Debug/ClosureLinterSniff.php
<f+++++++ vendor/squizlabs/php_codesniffer/src/Standards/Generic/Sniffs/Debug/ESLintSniff.php
<f+++++++ vendor/squizlabs/php_codesniffer/src/Standards/Generic/Sniffs/Debug/JSHintSniff.php
cd+++++++ vendor/squizlabs/php_codesniffer/src/Standards/Generic/Sniffs/Files/
<f+++++++ vendor/squizlabs/php_codesniffer/src/Standards/Generic/Sniffs/Files/ByteOrderMarkSniff.php
<f+++++++ vendor/squizlabs/php_codesniffer/src/Standards/Generic/Sniffs/Files/EndFileNewlineSniff.php
<f+++++++ vendor/squizlabs/php_codesniffer/src/Standards/Generic/Sniffs/Files/EndFileNoNewlineSniff.php
<f+++++++ vendor/squizlabs/php_codesniffer/src/Standards/Generic/Sniffs/Files/ExecutableFileSniff.php
<f+++++++ vendor/squizlabs/php_codesniffer/src/Standards/Generic/Sniffs/Files/InlineHTMLSniff.php
<f+++++++ vendor/squizlabs/php_codesniffer/src/Standards/Generic/Sniffs/Files/LineEndingsSniff.php
<f+++++++ vendor/squizlabs/php_codesniffer/src/Standards/Generic/Sniffs/Files/LineLengthSniff.php
<f+++++++ vendor/squizlabs/php_codesniffer/src/Standards/Generic/Sniffs/Files/LowercasedFilenameSniff.php
<f+++++++ vendor/squizlabs/php_codesniffer/src/Standards/Generic/Sniffs/Files/OneClassPerFileSniff.php
<f+++++++ vendor/squizlabs/php_codesniffer/src/Standards/Generic/Sniffs/Files/OneInterfacePerFileSniff.php
<f+++++++ vendor/squizlabs/php_codesniffer/src/Standards/Generic/Sniffs/Files/OneObjectStructurePerFileSniff.php
<f+++++++ vendor/squizlabs/php_codesniffer/src/Standards/Generic/Sniffs/Files/OneTraitPerFileSniff.php
cd+++++++ vendor/squizlabs/php_codesniffer/src/Standards/Generic/Sniffs/Formatting/
<f+++++++ vendor/squizlabs/php_codesniffer/src/Standards/Generic/Sniffs/Formatting/DisallowMultipleStatementsSniff.php
<f+++++++ vendor/squizlabs/php_codesniffer/src/Standards/Generic/Sniffs/Formatting/MultipleStatementAlignmentSniff.php
<f+++++++ vendor/squizlabs/php_codesniffer/src/Standards/Generic/Sniffs/Formatting/NoSpaceAfterCastSniff.php
<f+++++++ vendor/squizlabs/php_codesniffer/src/Standards/Generic/Sniffs/Formatting/SpaceAfterCastSniff.php
<f+++++++ vendor/squizlabs/php_codesniffer/src/Standards/Generic/Sniffs/Formatting/SpaceAfterNotSniff.php
<f+++++++ vendor/squizlabs/php_codesniffer/src/Standards/Generic/Sniffs/Formatting/SpaceBeforeCastSniff.php
cd+++++++ vendor/squizlabs/php_codesniffer/src/Standards/Generic/Sniffs/Functions/
<f+++++++ vendor/squizlabs/php_codesniffer/src/Standards/Generic/Sniffs/Functions/CallTimePassByReferenceSniff.php
<f+++++++ vendor/squizlabs/php_codesniffer/src/Standards/Generic/Sniffs/Functions/FunctionCallArgumentSpacingSniff.php
<f+++++++ vendor/squizlabs/php_codesniffer/src/Standards/Generic/Sniffs/Functions/OpeningFunctionBraceBsdAllmanSniff.php
<f+++++++ vendor/squizlabs/php_codesniffer/src/Standards/Generic/Sniffs/Functions/OpeningFunctionBraceKernighanRitchieSniff.php
cd+++++++ vendor/squizlabs/php_codesniffer/src/Standards/Generic/Sniffs/Metrics/
<f+++++++ vendor/squizlabs/php_codesniffer/src/Standards/Generic/Sniffs/Metrics/CyclomaticComplexitySniff.php
<f+++++++ vendor/squizlabs/php_codesniffer/src/Standards/Generic/Sniffs/Metrics/NestingLevelSniff.php
cd+++++++ vendor/squizlabs/php_codesniffer/src/Standards/Generic/Sniffs/NamingConventions/
<f+++++++ vendor/squizlabs/php_codesniffer/src/Standards/Generic/Sniffs/NamingConventions/AbstractClassNamePrefixSniff.php
<f+++++++ vendor/squizlabs/php_codesniffer/src/Standards/Generic/Sniffs/NamingConventions/CamelCapsFunctionNameSniff.php
<f+++++++ vendor/squizlabs/php_codesniffer/src/Standards/Generic/Sniffs/NamingConventions/ConstructorNameSniff.php
<f+++++++ vendor/squizlabs/php_codesniffer/src/Standards/Generic/Sniffs/NamingConventions/InterfaceNameSuffixSniff.php
<f+++++++ vendor/squizlabs/php_codesniffer/src/Standards/Generic/Sniffs/NamingConventions/TraitNameSuffixSniff.php
<f+++++++ vendor/squizlabs/php_codesniffer/src/Standards/Generic/Sniffs/NamingConventions/UpperCaseConstantNameSniff.php
cd+++++++ vendor/squizlabs/php_codesniffer/src/Standards/Generic/Sniffs/PHP/
<f+++++++ vendor/squizlabs/php_codesniffer/src/Standards/Generic/Sniffs/PHP/BacktickOperatorSniff.php
<f+++++++ vendor/squizlabs/php_codesniffer/src/Standards/Generic/Sniffs/PHP/CharacterBeforePHPOpeningTagSniff.php
<f+++++++ vendor/squizlabs/php_codesniffer/src/Standards/Generic/Sniffs/PHP/ClosingPHPTagSniff.php
<f+++++++ vendor/squizlabs/php_codesniffer/src/Standards/Generic/Sniffs/PHP/DeprecatedFunctionsSniff.php
<f+++++++ vendor/squizlabs/php_codesniffer/src/Standards/Generic/Sniffs/PHP/DisallowAlternativePHPTagsSniff.php
<f+++++++ vendor/squizlabs/php_codesniffer/src/Standards/Generic/Sniffs/PHP/DisallowRequestSuperglobalSniff.php
<f+++++++ vendor/squizlabs/php_codesniffer/src/Standards/Generic/Sniffs/PHP/DisallowShortOpenTagSniff.php
<f+++++++ vendor/squizlabs/php_codesniffer/src/Standards/Generic/Sniffs/PHP/DiscourageGotoSniff.php
<f+++++++ vendor/squizlabs/php_codesniffer/src/Standards/Generic/Sniffs/PHP/ForbiddenFunctionsSniff.php
<f+++++++ vendor/squizlabs/php_codesniffer/src/Standards/Generic/Sniffs/PHP/LowerCaseConstantSniff.php
<f+++++++ vendor/squizlabs/php_codesniffer/src/Standards/Generic/Sniffs/PHP/LowerCaseKeywordSniff.php
<f+++++++ vendor/squizlabs/php_codesniffer/src/Standards/Generic/Sniffs/PHP/LowerCaseTypeSniff.php
<f+++++++ vendor/squizlabs/php_codesniffer/src/Standards/Generic/Sniffs/PHP/NoSilencedErrorsSniff.php
<f+++++++ vendor/squizlabs/php_codesniffer/src/Standards/Generic/Sniffs/PHP/RequireStrictTypesSniff.php
<f+++++++ vendor/squizlabs/php_codesniffer/src/Standards/Generic/Sniffs/PHP/SAPIUsageSniff.php
<f+++++++ vendor/squizlabs/php_codesniffer/src/Standards/Generic/Sniffs/PHP/SyntaxSniff.php
<f+++++++ vendor/squizlabs/php_codesniffer/src/Standards/Generic/Sniffs/PHP/UpperCaseConstantSniff.php
cd+++++++ vendor/squizlabs/php_codesniffer/src/Standards/Generic/Sniffs/Strings/
<f+++++++ vendor/squizlabs/php_codesniffer/src/Standards/Generic/Sniffs/Strings/UnnecessaryHeredocSniff.php
<f+++++++ vendor/squizlabs/php_codesniffer/src/Standards/Generic/Sniffs/Strings/UnnecessaryStringConcatSniff.php
cd+++++++ vendor/squizlabs/php_codesniffer/src/Standards/Generic/Sniffs/VersionControl/
<f+++++++ vendor/squizlabs/php_codesniffer/src/Standards/Generic/Sniffs/VersionControl/GitMergeConflictSniff.php
<f+++++++ vendor/squizlabs/php_codesniffer/src/Standards/Generic/Sniffs/VersionControl/SubversionPropertiesSniff.php
cd+++++++ vendor/squizlabs/php_codesniffer/src/Standards/Generic/Sniffs/WhiteSpace/
<f+++++++ vendor/squizlabs/php_codesniffer/src/Standards/Generic/Sniffs/WhiteSpace/ArbitraryParenthesesSpacingSniff.php
<f+++++++ vendor/squizlabs/php_codesniffer/src/Standards/Generic/Sniffs/WhiteSpace/DisallowSpaceIndentSniff.php
<f+++++++ vendor/squizlabs/php_codesniffer/src/Standards/Generic/Sniffs/WhiteSpace/DisallowTabIndentSniff.php
<f+++++++ vendor/squizlabs/php_codesniffer/src/Standards/Generic/Sniffs/WhiteSpace/HereNowdocIdentifierSpacingSniff.php
<f+++++++ vendor/squizlabs/php_codesniffer/src/Standards/Generic/Sniffs/WhiteSpace/IncrementDecrementSpacingSniff.php
<f+++++++ vendor/squizlabs/php_codesniffer/src/Standards/Generic/Sniffs/WhiteSpace/LanguageConstructSpacingSniff.php
<f+++++++ vendor/squizlabs/php_codesniffer/src/Standards/Generic/Sniffs/WhiteSpace/ScopeIndentSniff.php
<f+++++++ vendor/squizlabs/php_codesniffer/src/Standards/Generic/Sniffs/WhiteSpace/SpreadOperatorSpacingAfterSniff.php
cd+++++++ vendor/squizlabs/php_codesniffer/src/Standards/Generic/Tests/
cd+++++++ vendor/squizlabs/php_codesniffer/src/Standards/Generic/Tests/Arrays/
<f+++++++ vendor/squizlabs/php_codesniffer/src/Standards/Generic/Tests/Arrays/ArrayIndentUnitTest.inc
<f+++++++ vendor/squizlabs/php_codesniffer/src/Standards/Generic/Tests/Arrays/ArrayIndentUnitTest.inc.fixed
<f+++++++ vendor/squizlabs/php_codesniffer/src/Standards/Generic/Tests/Arrays/ArrayIndentUnitTest.php
<f+++++++ vendor/squizlabs/php_codesniffer/src/Standards/Generic/Tests/Arrays/DisallowLongArraySyntaxUnitTest.1.inc
<f+++++++ vendor/squizlabs/php_codesniffer/src/Standards/Generic/Tests/Arrays/DisallowLongArraySyntaxUnitTest.1.inc.fixed
<f+++++++ vendor/squizlabs/php_codesniffer/src/Standards/Generic/Tests/Arrays/DisallowLongArraySyntaxUnitTest.2.inc
<f+++++++ vendor/squizlabs/php_codesniffer/src/Standards/Generic/Tests/Arrays/DisallowLongArraySyntaxUnitTest.2.inc.fixed
<f+++++++ vendor/squizlabs/php_codesniffer/src/Standards/Generic/Tests/Arrays/DisallowLongArraySyntaxUnitTest.3.inc
<f+++++++ vendor/squizlabs/php_codesniffer/src/Standards/Generic/Tests/Arrays/DisallowLongArraySyntaxUnitTest.php
<f+++++++ vendor/squizlabs/php_codesniffer/src/Standards/Generic/Tests/Arrays/DisallowShortArraySyntaxUnitTest.inc
<f+++++++ vendor/squizlabs/php_codesniffer/src/Standards/Generic/Tests/Arrays/DisallowShortArraySyntaxUnitTest.inc.fixed
<f+++++++ vendor/squizlabs/php_codesniffer/src/Standards/Generic/Tests/Arrays/DisallowShortArraySyntaxUnitTest.php
cd+++++++ vendor/squizlabs/php_codesniffer/src/Standards/Generic/Tests/Classes/
<f+++++++ vendor/squizlabs/php_codesniffer/src/Standards/Generic/Tests/Classes/DuplicateClassNameUnitTest.1.inc
<f+++++++ vendor/squizlabs/php_codesniffer/src/Standards/Generic/Tests/Classes/DuplicateClassNameUnitTest.10.inc
<f+++++++ vendor/squizlabs/php_codesniffer/src/Standards/Generic/Tests/Classes/DuplicateClassNameUnitTest.11.inc
<f+++++++ vendor/squizlabs/php_codesniffer/src/Standards/Generic/Tests/Classes/DuplicateClassNameUnitTest.2.inc
<f+++++++ vendor/squizlabs/php_codesniffer/src/Standards/Generic/Tests/Classes/DuplicateClassNameUnitTest.3.inc
<f+++++++ vendor/squizlabs/php_codesniffer/src/Standards/Generic/Tests/Classes/DuplicateClassNameUnitTest.4.inc
<f+++++++ vendor/squizlabs/php_codesniffer/src/Standards/Generic/Tests/Classes/DuplicateClassNameUnitTest.5.inc
<f+++++++ vendor/squizlabs/php_codesniffer/src/Standards/Generic/Tests/Classes/DuplicateClassNameUnitTest.6.inc
<f+++++++ vendor/squizlabs/php_codesniffer/src/Standards/Generic/Tests/Classes/DuplicateClassNameUnitTest.7.inc
<f+++++++ vendor/squizlabs/php_codesniffer/src/Standards/Generic/Tests/Classes/DuplicateClassNameUnitTest.8.inc
<f+++++++ vendor/squizlabs/php_codesniffer/src/Standards/Generic/Tests/Classes/DuplicateClassNameUnitTest.9.inc
<f+++++++ vendor/squizlabs/php_codesniffer/src/Standards/Generic/Tests/Classes/DuplicateClassNameUnitTest.97.inc
<f+++++++ vendor/squizlabs/php_codesniffer/src/Standards/Generic/Tests/Classes/DuplicateClassNameUnitTest.98.inc
<f+++++++ vendor/squizlabs/php_codesniffer/src/Standards/Generic/Tests/Classes/DuplicateClassNameUnitTest.99.inc
<f+++++++ vendor/squizlabs/php_codesniffer/src/Standards/Generic/Tests/Classes/DuplicateClassNameUnitTest.php
<f+++++++ vendor/squizlabs/php_codesniffer/src/Standards/Generic/Tests/Classes/OpeningBraceSameLineUnitTest.inc
<f+++++++ vendor/squizlabs/php_codesniffer/src/Standards/Generic/Tests/Classes/OpeningBraceSameLineUnitTest.inc.fixed
<f+++++++ vendor/squizlabs/php_codesniffer/src/Standards/Generic/Tests/Classes/OpeningBraceSameLineUnitTest.php
cd+++++++ vendor/squizlabs/php_codesniffer/src/Standards/Generic/Tests/CodeAnalysis/
<f+++++++ vendor/squizlabs/php_codesniffer/src/Standards/Generic/Tests/CodeAnalysis/AssignmentInConditionUnitTest.1.inc
<f+++++++ vendor/squizlabs/php_codesniffer/src/Standards/Generic/Tests/CodeAnalysis/AssignmentInConditionUnitTest.2.inc
<f+++++++ vendor/squizlabs/php_codesniffer/src/Standards/Generic/Tests/CodeAnalysis/AssignmentInConditionUnitTest.3.inc
<f+++++++ vendor/squizlabs/php_codesniffer/src/Standards/Generic/Tests/CodeAnalysis/AssignmentInConditionUnitTest.4.inc
<f+++++++ vendor/squizlabs/php_codesniffer/src/Standards/Generic/Tests/CodeAnalysis/AssignmentInConditionUnitTest.5.inc
<f+++++++ vendor/squizlabs/php_codesniffer/src/Standards/Generic/Tests/CodeAnalysis/AssignmentInConditionUnitTest.6.inc
<f+++++++ vendor/squizlabs/php_codesniffer/src/Standards/Generic/Tests/CodeAnalysis/AssignmentInConditionUnitTest.php
<f+++++++ vendor/squizlabs/php_codesniffer/src/Standards/Generic/Tests/CodeAnalysis/EmptyPHPStatementUnitTest.1.inc
<f+++++++ vendor/squizlabs/php_codesniffer/src/Standards/Generic/Tests/CodeAnalysis/EmptyPHPStatementUnitTest.1.inc.fixed
<f+++++++ vendor/squizlabs/php_codesniffer/src/Standards/Generic/Tests/CodeAnalysis/EmptyPHPStatementUnitTest.2.inc
<f+++++++ vendor/squizlabs/php_codesniffer/src/Standards/Generic/Tests/CodeAnalysis/EmptyPHPStatementUnitTest.2.inc.fixed
<f+++++++ vendor/squizlabs/php_codesniffer/src/Standards/Generic/Tests/CodeAnalysis/EmptyPHPStatementUnitTest.php
<f+++++++ vendor/squizlabs/php_codesniffer/src/Standards/Generic/Tests/CodeAnalysis/EmptyStatementUnitTest.inc
<f+++++++ vendor/squizlabs/php_codesniffer/src/Standards/Generic/Tests/CodeAnalysis/EmptyStatementUnitTest.php
<f+++++++ vendor/squizlabs/php_codesniffer/src/Standards/Generic/Tests/CodeAnalysis/ForLoopShouldBeWhileLoopUnitTest.1.inc
<f+++++++ vendor/squizlabs/php_codesniffer/src/Standards/Generic/Tests/CodeAnalysis/ForLoopShouldBeWhileLoopUnitTest.2.inc
<f+++++++ vendor/squizlabs/php_codesniffer/src/Standards/Generic/Tests/CodeAnalysis/ForLoopShouldBeWhileLoopUnitTest.3.inc
<f+++++++ vendor/squizlabs/php_codesniffer/src/Standards/Generic/Tests/CodeAnalysis/ForLoopShouldBeWhileLoopUnitTest.php
<f+++++++ vendor/squizlabs/php_codesniffer/src/Standards/Generic/Tests/CodeAnalysis/ForLoopWithTestFunctionCallUnitTest.1.inc
<f+++++++ vendor/squizlabs/php_codesniffer/src/Standards/Generic/Tests/CodeAnalysis/ForLoopWithTestFunctionCallUnitTest.2.inc
<f+++++++ vendor/squizlabs/php_codesniffer/src/Standards/Generic/Tests/CodeAnalysis/ForLoopWithTestFunctionCallUnitTest.3.inc
<f+++++++ vendor/squizlabs/php_codesniffer/src/Standards/Generic/Tests/CodeAnalysis/ForLoopWithTestFunctionCallUnitTest.php
<f+++++++ vendor/squizlabs/php_codesniffer/src/Standards/Generic/Tests/CodeAnalysis/JumbledIncrementerUnitTest.1.inc
<f+++++++ vendor/squizlabs/php_codesniffer/src/Standards/Generic/Tests/CodeAnalysis/JumbledIncrementerUnitTest.2.inc
<f+++++++ vendor/squizlabs/php_codesniffer/src/Standards/Generic/Tests/CodeAnalysis/JumbledIncrementerUnitTest.3.inc
<f+++++++ vendor/squizlabs/php_codesniffer/src/Standards/Generic/Tests/CodeAnalysis/JumbledIncrementerUnitTest.4.inc
<f+++++++ vendor/squizlabs/php_codesniffer/src/Standards/Generic/Tests/CodeAnalysis/JumbledIncrementerUnitTest.php
<f+++++++ vendor/squizlabs/php_codesniffer/src/Standards/Generic/Tests/CodeAnalysis/RequireExplicitBooleanOperatorPrecedenceUnitTest.inc
<f+++++++ vendor/squizlabs/php_codesniffer/src/Standards/Generic/Tests/CodeAnalysis/RequireExplicitBooleanOperatorPrecedenceUnitTest.php
<f+++++++ vendor/squizlabs/php_codesniffer/src/Standards/Generic/Tests/CodeAnalysis/UnconditionalIfStatementUnitTest.1.inc
<f+++++++ vendor/squizlabs/php_codesniffer/src/Standards/Generic/Tests/CodeAnalysis/UnconditionalIfStatementUnitTest.2.inc
<f+++++++ vendor/squizlabs/php_codesniffer/src/Standards/Generic/Tests/CodeAnalysis/UnconditionalIfStatementUnitTest.php
<f+++++++ vendor/squizlabs/php_codesniffer/src/Standards/Generic/Tests/CodeAnalysis/UnnecessaryFinalModifierUnitTest.1.inc
<f+++++++ vendor/squizlabs/php_codesniffer/src/Standards/Generic/Tests/CodeAnalysis/UnnecessaryFinalModifierUnitTest.2.inc
<f+++++++ vendor/squizlabs/php_codesniffer/src/Standards/Generic/Tests/CodeAnalysis/UnnecessaryFinalModifierUnitTest.php
<f+++++++ vendor/squizlabs/php_codesniffer/src/Standards/Generic/Tests/CodeAnalysis/UnusedFunctionParameterUnitTest.1.inc
<f+++++++ vendor/squizlabs/php_codesniffer/src/Standards/Generic/Tests/CodeAnalysis/UnusedFunctionParameterUnitTest.2.inc
<f+++++++ vendor/squizlabs/php_codesniffer/src/Standards/Generic/Tests/CodeAnalysis/UnusedFunctionParameterUnitTest.3.inc
<f+++++++ vendor/squizlabs/php_codesniffer/src/Standards/Generic/Tests/CodeAnalysis/UnusedFunctionParameterUnitTest.php
<f+++++++ vendor/squizlabs/php_codesniffer/src/Standards/Generic/Tests/CodeAnalysis/UselessOverridingMethodUnitTest.1.inc
<f+++++++ vendor/squizlabs/php_codesniffer/src/Standards/Generic/Tests/CodeAnalysis/UselessOverridingMethodUnitTest.2.inc
<f+++++++ vendor/squizlabs/php_codesniffer/src/Standards/Generic/Tests/CodeAnalysis/UselessOverridingMethodUnitTest.3.inc
<f+++++++ vendor/squizlabs/php_codesniffer/src/Standards/Generic/Tests/CodeAnalysis/UselessOverridingMethodUnitTest.4.inc
<f+++++++ vendor/squizlabs/php_codesniffer/src/Standards/Generic/Tests/CodeAnalysis/UselessOverridingMethodUnitTest.5.inc
<f+++++++ vendor/squizlabs/php_codesniffer/src/Standards/Generic/Tests/CodeAnalysis/UselessOverridingMethodUnitTest.6.inc
<f+++++++ vendor/squizlabs/php_codesniffer/src/Standards/Generic/Tests/CodeAnalysis/UselessOverridingMethodUnitTest.php
cd+++++++ vendor/squizlabs/php_codesniffer/src/Standards/Generic/Tests/Commenting/
<f+++++++ vendor/squizlabs/php_codesniffer/src/Standards/Generic/Tests/Commenting/DocCommentUnitTest.1.inc
<f+++++++ vendor/squizlabs/php_codesniffer/src/Standards/Generic/Tests/Commenting/DocCommentUnitTest.1.inc.fixed
<f+++++++ vendor/squizlabs/php_codesniffer/src/Standards/Generic/Tests/Commenting/DocCommentUnitTest.1.js
<f+++++++ vendor/squizlabs/php_codesniffer/src/Standards/Generic/Tests/Commenting/DocCommentUnitTest.1.js.fixed
<f+++++++ vendor/squizlabs/php_codesniffer/src/Standards/Generic/Tests/Commenting/DocCommentUnitTest.2.inc
<f+++++++ vendor/squizlabs/php_codesniffer/src/Standards/Generic/Tests/Commenting/DocCommentUnitTest.2.js
<f+++++++ vendor/squizlabs/php_codesniffer/src/Standards/Generic/Tests/Commenting/DocCommentUnitTest.php
<f+++++++ vendor/squizlabs/php_codesniffer/src/Standards/Generic/Tests/Commenting/FixmeUnitTest.inc
<f+++++++ vendor/squizlabs/php_codesniffer/src/Standards/Generic/Tests/Commenting/FixmeUnitTest.js
<f+++++++ vendor/squizlabs/php_codesniffer/src/Standards/Generic/Tests/Commenting/FixmeUnitTest.php
<f+++++++ vendor/squizlabs/php_codesniffer/src/Standards/Generic/Tests/Commenting/TodoUnitTest.inc
<f+++++++ vendor/squizlabs/php_codesniffer/src/Standards/Generic/Tests/Commenting/TodoUnitTest.js
<f+++++++ vendor/squizlabs/php_codesniffer/src/Standards/Generic/Tests/Commenting/TodoUnitTest.php
cd+++++++ vendor/squizlabs/php_codesniffer/src/Standards/Generic/Tests/ControlStructures/
<f+++++++ vendor/squizlabs/php_codesniffer/src/Standards/Generic/Tests/ControlStructures/DisallowYodaConditionsUnitTest.inc
<f+++++++ vendor/squizlabs/php_codesniffer/src/Standards/Generic/Tests/ControlStructures/DisallowYodaConditionsUnitTest.php
<f+++++++ vendor/squizlabs/php_codesniffer/src/Standards/Generic/Tests/ControlStructures/InlineControlStructureUnitTest.1.inc
<f+++++++ vendor/squizlabs/php_codesniffer/src/Standards/Generic/Tests/ControlStructures/InlineControlStructureUnitTest.1.inc.fixed
<f+++++++ vendor/squizlabs/php_codesniffer/src/Standards/Generic/Tests/ControlStructures/InlineControlStructureUnitTest.1.js
<f+++++++ vendor/squizlabs/php_codesniffer/src/Standards/Generic/Tests/ControlStructures/InlineControlStructureUnitTest.1.js.fixed
<f+++++++ vendor/squizlabs/php_codesniffer/src/Standards/Generic/Tests/ControlStructures/InlineControlStructureUnitTest.2.inc
<f+++++++ vendor/squizlabs/php_codesniffer/src/Standards/Generic/Tests/ControlStructures/InlineControlStructureUnitTest.2.js
<f+++++++ vendor/squizlabs/php_codesniffer/src/Standards/Generic/Tests/ControlStructures/InlineControlStructureUnitTest.3.inc
<f+++++++ vendor/squizlabs/php_codesniffer/src/Standards/Generic/Tests/ControlStructures/InlineControlStructureUnitTest.3.js
<f+++++++ vendor/squizlabs/php_codesniffer/src/Standards/Generic/Tests/ControlStructures/InlineControlStructureUnitTest.4.inc
<f+++++++ vendor/squizlabs/php_codesniffer/src/Standards/Generic/Tests/ControlStructures/InlineControlStructureUnitTest.5.inc
<f+++++++ vendor/squizlabs/php_codesniffer/src/Standards/Generic/Tests/ControlStructures/InlineControlStructureUnitTest.6.inc
<f+++++++ vendor/squizlabs/php_codesniffer/src/Standards/Generic/Tests/ControlStructures/InlineControlStructureUnitTest.7.inc
<f+++++++ vendor/squizlabs/php_codesniffer/src/Standards/Generic/Tests/ControlStructures/InlineControlStructureUnitTest.php
cd+++++++ vendor/squizlabs/php_codesniffer/src/Standards/Generic/Tests/Debug/
<f+++++++ vendor/squizlabs/php_codesniffer/src/Standards/Generic/Tests/Debug/CSSLintUnitTest.css
<f+++++++ vendor/squizlabs/php_codesniffer/src/Standards/Generic/Tests/Debug/CSSLintUnitTest.php
<f+++++++ vendor/squizlabs/php_codesniffer/src/Standards/Generic/Tests/Debug/ClosureLinterUnitTest.js
<f+++++++ vendor/squizlabs/php_codesniffer/src/Standards/Generic/Tests/Debug/ClosureLinterUnitTest.php
<f+++++++ vendor/squizlabs/php_codesniffer/src/Standards/Generic/Tests/Debug/ESLintUnitTest.js
<f+++++++ vendor/squizlabs/php_codesniffer/src/Standards/Generic/Tests/Debug/ESLintUnitTest.php
<f+++++++ vendor/squizlabs/php_codesniffer/src/Standards/Generic/Tests/Debug/JSHintUnitTest.js
<f+++++++ vendor/squizlabs/php_codesniffer/src/Standards/Generic/Tests/Debug/JSHintUnitTest.php
cd+++++++ vendor/squizlabs/php_codesniffer/src/Standards/Generic/Tests/Files/
<f+++++++ vendor/squizlabs/php_codesniffer/src/Standards/Generic/Tests/Files/ByteOrderMarkUnitTest.1.inc
<f+++++++ vendor/squizlabs/php_codesniffer/src/Standards/Generic/Tests/Files/ByteOrderMarkUnitTest.2.inc
<f+++++++ vendor/squizlabs/php_codesniffer/src/Standards/Generic/Tests/Files/ByteOrderMarkUnitTest.3.inc
<f+++++++ vendor/squizlabs/php_codesniffer/src/Standards/Generic/Tests/Files/ByteOrderMarkUnitTest.4.inc
<f+++++++ vendor/squizlabs/php_codesniffer/src/Standards/Generic/Tests/Files/ByteOrderMarkUnitTest.5.inc
<f+++++++ vendor/squizlabs/php_codesniffer/src/Standards/Generic/Tests/Files/ByteOrderMarkUnitTest.php
<f+++++++ vendor/squizlabs/php_codesniffer/src/Standards/Generic/Tests/Files/EndFileNewlineUnitTest.1.css
<f+++++++ vendor/squizlabs/php_codesniffer/src/Standards/Generic/Tests/Files/EndFileNewlineUnitTest.1.inc
<f+++++++ vendor/squizlabs/php_codesniffer/src/Standards/Generic/Tests/Files/EndFileNewlineUnitTest.1.js
<f+++++++ vendor/squizlabs/php_codesniffer/src/Standards/Generic/Tests/Files/EndFileNewlineUnitTest.2.css
<f+++++++ vendor/squizlabs/php_codesniffer/src/Standards/Generic/Tests/Files/EndFileNewlineUnitTest.2.inc
<f+++++++ vendor/squizlabs/php_codesniffer/src/Standards/Generic/Tests/Files/EndFileNewlineUnitTest.2.js
<f+++++++ vendor/squizlabs/php_codesniffer/src/Standards/Generic/Tests/Files/EndFileNewlineUnitTest.3.css
<f+++++++ vendor/squizlabs/php_codesniffer/src/Standards/Generic/Tests/Files/EndFileNewlineUnitTest.3.css.fixed
<f+++++++ vendor/squizlabs/php_codesniffer/src/Standards/Generic/Tests/Files/EndFileNewlineUnitTest.3.inc
<f+++++++ vendor/squizlabs/php_codesniffer/src/Standards/Generic/Tests/Files/EndFileNewlineUnitTest.3.inc.fixed
<f+++++++ vendor/squizlabs/php_codesniffer/src/Standards/Generic/Tests/Files/EndFileNewlineUnitTest.3.js
<f+++++++ vendor/squizlabs/php_codesniffer/src/Standards/Generic/Tests/Files/EndFileNewlineUnitTest.3.js.fixed
<f+++++++ vendor/squizlabs/php_codesniffer/src/Standards/Generic/Tests/Files/EndFileNewlineUnitTest.4.inc
<f+++++++ vendor/squizlabs/php_codesniffer/src/Standards/Generic/Tests/Files/EndFileNewlineUnitTest.4.inc.fixed
<f+++++++ vendor/squizlabs/php_codesniffer/src/Standards/Generic/Tests/Files/EndFileNewlineUnitTest.5.inc
<f+++++++ vendor/squizlabs/php_codesniffer/src/Standards/Generic/Tests/Files/EndFileNewlineUnitTest.6.inc
<f+++++++ vendor/squizlabs/php_codesniffer/src/Standards/Generic/Tests/Files/EndFileNewlineUnitTest.6.inc.fixed
<f+++++++ vendor/squizlabs/php_codesniffer/src/Standards/Generic/Tests/Files/EndFileNewlineUnitTest.7.inc
<f+++++++ vendor/squizlabs/php_codesniffer/src/Standards/Generic/Tests/Files/EndFileNewlineUnitTest.7.inc.fixed
<f+++++++ vendor/squizlabs/php_codesniffer/src/Standards/Generic/Tests/Files/EndFileNewlineUnitTest.8.inc
<f+++++++ vendor/squizlabs/php_codesniffer/src/Standards/Generic/Tests/Files/EndFileNewlineUnitTest.php
<f+++++++ vendor/squizlabs/php_codesniffer/src/Standards/Generic/Tests/Files/EndFileNoNewlineUnitTest.1.css
<f+++++++ vendor/squizlabs/php_codesniffer/src/Standards/Generic/Tests/Files/EndFileNoNewlineUnitTest.1.css.fixed
<f+++++++ vendor/squizlabs/php_codesniffer/src/Standards/Generic/Tests/Files/EndFileNoNewlineUnitTest.1.inc
<f+++++++ vendor/squizlabs/php_codesniffer/src/Standards/Generic/Tests/Files/EndFileNoNewlineUnitTest.1.inc.fixed
<f+++++++ vendor/squizlabs/php_codesniffer/src/Standards/Generic/Tests/Files/EndFileNoNewlineUnitTest.1.js
<f+++++++ vendor/squizlabs/php_codesniffer/src/Standards/Generic/Tests/Files/EndFileNoNewlineUnitTest.1.js.fixed
<f+++++++ vendor/squizlabs/php_codesniffer/src/Standards/Generic/Tests/Files/EndFileNoNewlineUnitTest.10.inc
<f+++++++ vendor/squizlabs/php_codesniffer/src/Standards/Generic/Tests/Files/EndFileNoNewlineUnitTest.2.css
<f+++++++ vendor/squizlabs/php_codesniffer/src/Standards/Generic/Tests/Files/EndFileNoNewlineUnitTest.2.css.fixed
<f+++++++ vendor/squizlabs/php_codesniffer/src/Standards/Generic/Tests/Files/EndFileNoNewlineUnitTest.2.inc
<f+++++++ vendor/squizlabs/php_codesniffer/src/Standards/Generic/Tests/Files/EndFileNoNewlineUnitTest.2.inc.fixed
<f+++++++ vendor/squizlabs/php_codesniffer/src/Standards/Generic/Tests/Files/EndFileNoNewlineUnitTest.2.js
<f+++++++ vendor/squizlabs/php_codesniffer/src/Standards/Generic/Tests/Files/EndFileNoNewlineUnitTest.2.js.fixed
<f+++++++ vendor/squizlabs/php_codesniffer/src/Standards/Generic/Tests/Files/EndFileNoNewlineUnitTest.3.css
<f+++++++ vendor/squizlabs/php_codesniffer/src/Standards/Generic/Tests/Files/EndFileNoNewlineUnitTest.3.inc
<f+++++++ vendor/squizlabs/php_codesniffer/src/Standards/Generic/Tests/Files/EndFileNoNewlineUnitTest.3.js
<f+++++++ vendor/squizlabs/php_codesniffer/src/Standards/Generic/Tests/Files/EndFileNoNewlineUnitTest.4.inc
<f+++++++ vendor/squizlabs/php_codesniffer/src/Standards/Generic/Tests/Files/EndFileNoNewlineUnitTest.5.inc
<f+++++++ vendor/squizlabs/php_codesniffer/src/Standards/Generic/Tests/Files/EndFileNoNewlineUnitTest.6.inc
<f+++++++ vendor/squizlabs/php_codesniffer/src/Standards/Generic/Tests/Files/EndFileNoNewlineUnitTest.6.inc.fixed
<f+++++++ vendor/squizlabs/php_codesniffer/src/Standards/Generic/Tests/Files/EndFileNoNewlineUnitTest.7.inc
<f+++++++ vendor/squizlabs/php_codesniffer/src/Standards/Generic/Tests/Files/EndFileNoNewlineUnitTest.8.inc
<f+++++++ vendor/squizlabs/php_codesniffer/src/Standards/Generic/Tests/Files/EndFileNoNewlineUnitTest.8.inc.fixed
<f+++++++ vendor/squizlabs/php_codesniffer/src/Standards/Generic/Tests/Files/EndFileNoNewlineUnitTest.9.inc
<f+++++++ vendor/squizlabs/php_codesniffer/src/Standards/Generic/Tests/Files/EndFileNoNewlineUnitTest.9.inc.fixed
<f+++++++ vendor/squizlabs/php_codesniffer/src/Standards/Generic/Tests/Files/EndFileNoNewlineUnitTest.php
<f+++++++ vendor/squizlabs/php_codesniffer/src/Standards/Generic/Tests/Files/ExecutableFileUnitTest.1.inc
<f+++++++ vendor/squizlabs/php_codesniffer/src/Standards/Generic/Tests/Files/ExecutableFileUnitTest.2.inc
<f+++++++ vendor/squizlabs/php_codesniffer/src/Standards/Generic/Tests/Files/ExecutableFileUnitTest.3.inc
<f+++++++ vendor/squizlabs/php_codesniffer/src/Standards/Generic/Tests/Files/ExecutableFileUnitTest.4.inc
<f+++++++ vendor/squizlabs/php_codesniffer/src/Standards/Generic/Tests/Files/ExecutableFileUnitTest.php
<f+++++++ vendor/squizlabs/php_codesniffer/src/Standards/Generic/Tests/Files/InlineHTMLUnitTest.1.inc
<f+++++++ vendor/squizlabs/php_codesniffer/src/Standards/Generic/Tests/Files/InlineHTMLUnitTest.2.inc
<f+++++++ vendor/squizlabs/php_codesniffer/src/Standards/Generic/Tests/Files/InlineHTMLUnitTest.3.inc
<f+++++++ vendor/squizlabs/php_codesniffer/src/Standards/Generic/Tests/Files/InlineHTMLUnitTest.4.inc
<f+++++++ vendor/squizlabs/php_codesniffer/src/Standards/Generic/Tests/Files/InlineHTMLUnitTest.5.inc
<f+++++++ vendor/squizlabs/php_codesniffer/src/Standards/Generic/Tests/Files/InlineHTMLUnitTest.6.inc
<f+++++++ vendor/squizlabs/php_codesniffer/src/Standards/Generic/Tests/Files/InlineHTMLUnitTest.7.inc
<f+++++++ vendor/squizlabs/php_codesniffer/src/Standards/Generic/Tests/Files/InlineHTMLUnitTest.php
<f+++++++ vendor/squizlabs/php_codesniffer/src/Standards/Generic/Tests/Files/LineEndingsUnitTest.1.inc
<f+++++++ vendor/squizlabs/php_codesniffer/src/Standards/Generic/Tests/Files/LineEndingsUnitTest.1.inc.fixed
<f+++++++ vendor/squizlabs/php_codesniffer/src/Standards/Generic/Tests/Files/LineEndingsUnitTest.2.inc
<f+++++++ vendor/squizlabs/php_codesniffer/src/Standards/Generic/Tests/Files/LineEndingsUnitTest.2.inc.fixed
<f+++++++ vendor/squizlabs/php_codesniffer/src/Standards/Generic/Tests/Files/LineEndingsUnitTest.css
<f+++++++ vendor/squizlabs/php_codesniffer/src/Standards/Generic/Tests/Files/LineEndingsUnitTest.css.fixed
<f+++++++ vendor/squizlabs/php_codesniffer/src/Standards/Generic/Tests/Files/LineEndingsUnitTest.js
<f+++++++ vendor/squizlabs/php_codesniffer/src/Standards/Generic/Tests/Files/LineEndingsUnitTest.js.fixed
<f+++++++ vendor/squizlabs/php_codesniffer/src/Standards/Generic/Tests/Files/LineEndingsUnitTest.php
<f+++++++ vendor/squizlabs/php_codesniffer/src/Standards/Generic/Tests/Files/LineLengthUnitTest.1.inc
<f+++++++ vendor/squizlabs/php_codesniffer/src/Standards/Generic/Tests/Files/LineLengthUnitTest.2.inc
<f+++++++ vendor/squizlabs/php_codesniffer/src/Standards/Generic/Tests/Files/LineLengthUnitTest.3.inc
<f+++++++ vendor/squizlabs/php_codesniffer/src/Standards/Generic/Tests/Files/LineLengthUnitTest.4.inc
<f+++++++ vendor/squizlabs/php_codesniffer/src/Standards/Generic/Tests/Files/LineLengthUnitTest.php
<f+++++++ vendor/squizlabs/php_codesniffer/src/Standards/Generic/Tests/Files/LowercasedFilenameUnitTest.1.inc
<f+++++++ vendor/squizlabs/php_codesniffer/src/Standards/Generic/Tests/Files/LowercasedFilenameUnitTest.2.inc
<f+++++++ vendor/squizlabs/php_codesniffer/src/Standards/Generic/Tests/Files/LowercasedFilenameUnitTest.php
<f+++++++ vendor/squizlabs/php_codesniffer/src/Standards/Generic/Tests/Files/OneClassPerFileUnitTest.inc
<f+++++++ vendor/squizlabs/php_codesniffer/src/Standards/Generic/Tests/Files/OneClassPerFileUnitTest.php
<f+++++++ vendor/squizlabs/php_codesniffer/src/Standards/Generic/Tests/Files/OneInterfacePerFileUnitTest.inc
<f+++++++ vendor/squizlabs/php_codesniffer/src/Standards/Generic/Tests/Files/OneInterfacePerFileUnitTest.php
<f+++++++ vendor/squizlabs/php_codesniffer/src/Standards/Generic/Tests/Files/OneObjectStructurePerFileUnitTest.inc
<f+++++++ vendor/squizlabs/php_codesniffer/src/Standards/Generic/Tests/Files/OneObjectStructurePerFileUnitTest.php
<f+++++++ vendor/squizlabs/php_codesniffer/src/Standards/Generic/Tests/Files/OneTraitPerFileUnitTest.inc
<f+++++++ vendor/squizlabs/php_codesniffer/src/Standards/Generic/Tests/Files/OneTraitPerFileUnitTest.php
<f+++++++ vendor/squizlabs/php_codesniffer/src/Standards/Generic/Tests/Files/lowercased_filename_unit_test.inc
cd+++++++ vendor/squizlabs/php_codesniffer/src/Standards/Generic/Tests/Formatting/
<f+++++++ vendor/squizlabs/php_codesniffer/src/Standards/Generic/Tests/Formatting/DisallowMultipleStatementsUnitTest.inc
<f+++++++ vendor/squizlabs/php_codesniffer/src/Standards/Generic/Tests/Formatting/DisallowMultipleStatementsUnitTest.inc.fixed
<f+++++++ vendor/squizlabs/php_codesniffer/src/Standards/Generic/Tests/Formatting/DisallowMultipleStatementsUnitTest.php
<f+++++++ vendor/squizlabs/php_codesniffer/src/Standards/Generic/Tests/Formatting/MultipleStatementAlignmentUnitTest.inc
<f+++++++ vendor/squizlabs/php_codesniffer/src/Standards/Generic/Tests/Formatting/MultipleStatementAlignmentUnitTest.inc.fixed
<f+++++++ vendor/squizlabs/php_codesniffer/src/Standards/Generic/Tests/Formatting/MultipleStatementAlignmentUnitTest.js
<f+++++++ vendor/squizlabs/php_codesniffer/src/Standards/Generic/Tests/Formatting/MultipleStatementAlignmentUnitTest.js.fixed
<f+++++++ vendor/squizlabs/php_codesniffer/src/Standards/Generic/Tests/Formatting/MultipleStatementAlignmentUnitTest.php
<f+++++++ vendor/squizlabs/php_codesniffer/src/Standards/Generic/Tests/Formatting/NoSpaceAfterCastUnitTest.inc
<f+++++++ vendor/squizlabs/php_codesniffer/src/Standards/Generic/Tests/Formatting/NoSpaceAfterCastUnitTest.inc.fixed
<f+++++++ vendor/squizlabs/php_codesniffer/src/Standards/Generic/Tests/Formatting/NoSpaceAfterCastUnitTest.php
<f+++++++ vendor/squizlabs/php_codesniffer/src/Standards/Generic/Tests/Formatting/SpaceAfterCastUnitTest.1.inc
<f+++++++ vendor/squizlabs/php_codesniffer/src/Standards/Generic/Tests/Formatting/SpaceAfterCastUnitTest.1.inc.fixed
<f+++++++ vendor/squizlabs/php_codesniffer/src/Standards/Generic/Tests/Formatting/SpaceAfterCastUnitTest.2.inc
<f+++++++ vendor/squizlabs/php_codesniffer/src/Standards/Generic/Tests/Formatting/SpaceAfterCastUnitTest.php
<f+++++++ vendor/squizlabs/php_codesniffer/src/Standards/Generic/Tests/Formatting/SpaceAfterNotUnitTest.1.inc
<f+++++++ vendor/squizlabs/php_codesniffer/src/Standards/Generic/Tests/Formatting/SpaceAfterNotUnitTest.1.inc.fixed
<f+++++++ vendor/squizlabs/php_codesniffer/src/Standards/Generic/Tests/Formatting/SpaceAfterNotUnitTest.2.inc
<f+++++++ vendor/squizlabs/php_codesniffer/src/Standards/Generic/Tests/Formatting/SpaceAfterNotUnitTest.js
<f+++++++ vendor/squizlabs/php_codesniffer/src/Standards/Generic/Tests/Formatting/SpaceAfterNotUnitTest.js.fixed
<f+++++++ vendor/squizlabs/php_codesniffer/src/Standards/Generic/Tests/Formatting/SpaceAfterNotUnitTest.php
<f+++++++ vendor/squizlabs/php_codesniffer/src/Standards/Generic/Tests/Formatting/SpaceBeforeCastUnitTest.inc
<f+++++++ vendor/squizlabs/php_codesniffer/src/Standards/Generic/Tests/Formatting/SpaceBeforeCastUnitTest.inc.fixed
<f+++++++ vendor/squizlabs/php_codesniffer/src/Standards/Generic/Tests/Formatting/SpaceBeforeCastUnitTest.php
cd+++++++ vendor/squizlabs/php_codesniffer/src/Standards/Generic/Tests/Functions/
<f+++++++ vendor/squizlabs/php_codesniffer/src/Standards/Generic/Tests/Functions/CallTimePassByReferenceUnitTest.1.inc
<f+++++++ vendor/squizlabs/php_codesniffer/src/Standards/Generic/Tests/Functions/CallTimePassByReferenceUnitTest.2.inc
<f+++++++ vendor/squizlabs/php_codesniffer/src/Standards/Generic/Tests/Functions/CallTimePassByReferenceUnitTest.3.inc
<f+++++++ vendor/squizlabs/php_codesniffer/src/Standards/Generic/Tests/Functions/CallTimePassByReferenceUnitTest.php
<f+++++++ vendor/squizlabs/php_codesniffer/src/Standards/Generic/Tests/Functions/FunctionCallArgumentSpacingUnitTest.1.inc
<f+++++++ vendor/squizlabs/php_codesniffer/src/Standards/Generic/Tests/Functions/FunctionCallArgumentSpacingUnitTest.1.inc.fixed
<f+++++++ vendor/squizlabs/php_codesniffer/src/Standards/Generic/Tests/Functions/FunctionCallArgumentSpacingUnitTest.2.inc
<f+++++++ vendor/squizlabs/php_codesniffer/src/Standards/Generic/Tests/Functions/FunctionCallArgumentSpacingUnitTest.php
<f+++++++ vendor/squizlabs/php_codesniffer/src/Standards/Generic/Tests/Functions/OpeningFunctionBraceBsdAllmanUnitTest.inc
<f+++++++ vendor/squizlabs/php_codesniffer/src/Standards/Generic/Tests/Functions/OpeningFunctionBraceBsdAllmanUnitTest.inc.fixed
<f+++++++ vendor/squizlabs/php_codesniffer/src/Standards/Generic/Tests/Functions/OpeningFunctionBraceBsdAllmanUnitTest.php
<f+++++++ vendor/squizlabs/php_codesniffer/src/Standards/Generic/Tests/Functions/OpeningFunctionBraceKernighanRitchieUnitTest.1.inc
<f+++++++ vendor/squizlabs/php_codesniffer/src/Standards/Generic/Tests/Functions/OpeningFunctionBraceKernighanRitchieUnitTest.1.inc.fixed
<f+++++++ vendor/squizlabs/php_codesniffer/src/Standards/Generic/Tests/Functions/OpeningFunctionBraceKernighanRitchieUnitTest.2.inc
<f+++++++ vendor/squizlabs/php_codesniffer/src/Standards/Generic/Tests/Functions/OpeningFunctionBraceKernighanRitchieUnitTest.2.inc.fixed
<f+++++++ vendor/squizlabs/php_codesniffer/src/Standards/Generic/Tests/Functions/OpeningFunctionBraceKernighanRitchieUnitTest.3.inc
<f+++++++ vendor/squizlabs/php_codesniffer/src/Standards/Generic/Tests/Functions/OpeningFunctionBraceKernighanRitchieUnitTest.php
cd+++++++ vendor/squizlabs/php_codesniffer/src/Standards/Generic/Tests/Metrics/
<f+++++++ vendor/squizlabs/php_codesniffer/src/Standards/Generic/Tests/Metrics/CyclomaticComplexityUnitTest.1.inc
<f+++++++ vendor/squizlabs/php_codesniffer/src/Standards/Generic/Tests/Metrics/CyclomaticComplexityUnitTest.2.inc
<f+++++++ vendor/squizlabs/php_codesniffer/src/Standards/Generic/Tests/Metrics/CyclomaticComplexityUnitTest.3.inc
<f+++++++ vendor/squizlabs/php_codesniffer/src/Standards/Generic/Tests/Metrics/CyclomaticComplexityUnitTest.php
<f+++++++ vendor/squizlabs/php_codesniffer/src/Standards/Generic/Tests/Metrics/NestingLevelUnitTest.1.inc
<f+++++++ vendor/squizlabs/php_codesniffer/src/Standards/Generic/Tests/Metrics/NestingLevelUnitTest.2.inc
<f+++++++ vendor/squizlabs/php_codesniffer/src/Standards/Generic/Tests/Metrics/NestingLevelUnitTest.3.inc
<f+++++++ vendor/squizlabs/php_codesniffer/src/Standards/Generic/Tests/Metrics/NestingLevelUnitTest.php
cd+++++++ vendor/squizlabs/php_codesniffer/src/Standards/Generic/Tests/NamingConventions/
<f+++++++ vendor/squizlabs/php_codesniffer/src/Standards/Generic/Tests/NamingConventions/AbstractClassNamePrefixUnitTest.1.inc
<f+++++++ vendor/squizlabs/php_codesniffer/src/Standards/Generic/Tests/NamingConventions/AbstractClassNamePrefixUnitTest.2.inc
<f+++++++ vendor/squizlabs/php_codesniffer/src/Standards/Generic/Tests/NamingConventions/AbstractClassNamePrefixUnitTest.php
<f+++++++ vendor/squizlabs/php_codesniffer/src/Standards/Generic/Tests/NamingConventions/CamelCapsFunctionNameUnitTest.1.inc
<f+++++++ vendor/squizlabs/php_codesniffer/src/Standards/Generic/Tests/NamingConventions/CamelCapsFunctionNameUnitTest.2.inc
<f+++++++ vendor/squizlabs/php_codesniffer/src/Standards/Generic/Tests/NamingConventions/CamelCapsFunctionNameUnitTest.3.inc
<f+++++++ vendor/squizlabs/php_codesniffer/src/Standards/Generic/Tests/NamingConventions/CamelCapsFunctionNameUnitTest.php
<f+++++++ vendor/squizlabs/php_codesniffer/src/Standards/Generic/Tests/NamingConventions/ConstructorNameUnitTest.1.inc
<f+++++++ vendor/squizlabs/php_codesniffer/src/Standards/Generic/Tests/NamingConventions/ConstructorNameUnitTest.2.inc
<f+++++++ vendor/squizlabs/php_codesniffer/src/Standards/Generic/Tests/NamingConventions/ConstructorNameUnitTest.php
<f+++++++ vendor/squizlabs/php_codesniffer/src/Standards/Generic/Tests/NamingConventions/InterfaceNameSuffixUnitTest.1.inc
<f+++++++ vendor/squizlabs/php_codesniffer/src/Standards/Generic/Tests/NamingConventions/InterfaceNameSuffixUnitTest.2.inc
<f+++++++ vendor/squizlabs/php_codesniffer/src/Standards/Generic/Tests/NamingConventions/InterfaceNameSuffixUnitTest.php
<f+++++++ vendor/squizlabs/php_codesniffer/src/Standards/Generic/Tests/NamingConventions/TraitNameSuffixUnitTest.1.inc
<f+++++++ vendor/squizlabs/php_codesniffer/src/Standards/Generic/Tests/NamingConventions/TraitNameSuffixUnitTest.2.inc
<f+++++++ vendor/squizlabs/php_codesniffer/src/Standards/Generic/Tests/NamingConventions/TraitNameSuffixUnitTest.php
<f+++++++ vendor/squizlabs/php_codesniffer/src/Standards/Generic/Tests/NamingConventions/UpperCaseConstantNameUnitTest.1.inc
<f+++++++ vendor/squizlabs/php_codesniffer/src/Standards/Generic/Tests/NamingConventions/UpperCaseConstantNameUnitTest.2.inc
<f+++++++ vendor/squizlabs/php_codesniffer/src/Standards/Generic/Tests/NamingConventions/UpperCaseConstantNameUnitTest.3.inc
<f+++++++ vendor/squizlabs/php_codesniffer/src/Standards/Generic/Tests/NamingConventions/UpperCaseConstantNameUnitTest.4.inc
<f+++++++ vendor/squizlabs/php_codesniffer/src/Standards/Generic/Tests/NamingConventions/UpperCaseConstantNameUnitTest.5.inc
<f+++++++ vendor/squizlabs/php_codesniffer/src/Standards/Generic/Tests/NamingConventions/UpperCaseConstantNameUnitTest.php
cd+++++++ vendor/squizlabs/php_codesniffer/src/Standards/Generic/Tests/PHP/
<f+++++++ vendor/squizlabs/php_codesniffer/src/Standards/Generic/Tests/PHP/BacktickOperatorUnitTest.inc
<f+++++++ vendor/squizlabs/php_codesniffer/src/Standards/Generic/Tests/PHP/BacktickOperatorUnitTest.php
<f+++++++ vendor/squizlabs/php_codesniffer/src/Standards/Generic/Tests/PHP/CharacterBeforePHPOpeningTagUnitTest.1.inc
<f+++++++ vendor/squizlabs/php_codesniffer/src/Standards/Generic/Tests/PHP/CharacterBeforePHPOpeningTagUnitTest.2.inc
<f+++++++ vendor/squizlabs/php_codesniffer/src/Standards/Generic/Tests/PHP/CharacterBeforePHPOpeningTagUnitTest.3.inc
<f+++++++ vendor/squizlabs/php_codesniffer/src/Standards/Generic/Tests/PHP/CharacterBeforePHPOpeningTagUnitTest.php
<f+++++++ vendor/squizlabs/php_codesniffer/src/Standards/Generic/Tests/PHP/ClosingPHPTagUnitTest.1.inc
<f+++++++ vendor/squizlabs/php_codesniffer/src/Standards/Generic/Tests/PHP/ClosingPHPTagUnitTest.2.inc
<f+++++++ vendor/squizlabs/php_codesniffer/src/Standards/Generic/Tests/PHP/ClosingPHPTagUnitTest.php
<f+++++++ vendor/squizlabs/php_codesniffer/src/Standards/Generic/Tests/PHP/DeprecatedFunctionsUnitTest.inc
<f+++++++ vendor/squizlabs/php_codesniffer/src/Standards/Generic/Tests/PHP/DeprecatedFunctionsUnitTest.php
<f+++++++ vendor/squizlabs/php_codesniffer/src/Standards/Generic/Tests/PHP/DisallowAlternativePHPTagsUnitTest.1.inc
<f+++++++ vendor/squizlabs/php_codesniffer/src/Standards/Generic/Tests/PHP/DisallowAlternativePHPTagsUnitTest.1.inc.fixed
<f+++++++ vendor/squizlabs/php_codesniffer/src/Standards/Generic/Tests/PHP/DisallowAlternativePHPTagsUnitTest.2.inc
<f+++++++ vendor/squizlabs/php_codesniffer/src/Standards/Generic/Tests/PHP/DisallowAlternativePHPTagsUnitTest.2.inc.fixed
<f+++++++ vendor/squizlabs/php_codesniffer/src/Standards/Generic/Tests/PHP/DisallowAlternativePHPTagsUnitTest.3.inc
<f+++++++ vendor/squizlabs/php_codesniffer/src/Standards/Generic/Tests/PHP/DisallowAlternativePHPTagsUnitTest.php
<f+++++++ vendor/squizlabs/php_codesniffer/src/Standards/Generic/Tests/PHP/DisallowRequestSuperglobalUnitTest.inc
<f+++++++ vendor/squizlabs/php_codesniffer/src/Standards/Generic/Tests/PHP/DisallowRequestSuperglobalUnitTest.php
<f+++++++ vendor/squizlabs/php_codesniffer/src/Standards/Generic/Tests/PHP/DisallowShortOpenTagUnitTest.1.inc
<f+++++++ vendor/squizlabs/php_codesniffer/src/Standards/Generic/Tests/PHP/DisallowShortOpenTagUnitTest.1.inc.fixed
<f+++++++ vendor/squizlabs/php_codesniffer/src/Standards/Generic/Tests/PHP/DisallowShortOpenTagUnitTest.2.inc
<f+++++++ vendor/squizlabs/php_codesniffer/src/Standards/Generic/Tests/PHP/DisallowShortOpenTagUnitTest.2.inc.fixed
<f+++++++ vendor/squizlabs/php_codesniffer/src/Standards/Generic/Tests/PHP/DisallowShortOpenTagUnitTest.3.inc
<f+++++++ vendor/squizlabs/php_codesniffer/src/Standards/Generic/Tests/PHP/DisallowShortOpenTagUnitTest.4.inc
<f+++++++ vendor/squizlabs/php_codesniffer/src/Standards/Generic/Tests/PHP/DisallowShortOpenTagUnitTest.5.inc
<f+++++++ vendor/squizlabs/php_codesniffer/src/Standards/Generic/Tests/PHP/DisallowShortOpenTagUnitTest.php
<f+++++++ vendor/squizlabs/php_codesniffer/src/Standards/Generic/Tests/PHP/DiscourageGotoUnitTest.inc
<f+++++++ vendor/squizlabs/php_codesniffer/src/Standards/Generic/Tests/PHP/DiscourageGotoUnitTest.php
<f+++++++ vendor/squizlabs/php_codesniffer/src/Standards/Generic/Tests/PHP/ForbiddenFunctionsUnitTest.inc
<f+++++++ vendor/squizlabs/php_codesniffer/src/Standards/Generic/Tests/PHP/ForbiddenFunctionsUnitTest.php
<f+++++++ vendor/squizlabs/php_codesniffer/src/Standards/Generic/Tests/PHP/LowerCaseConstantUnitTest.1.inc
<f+++++++ vendor/squizlabs/php_codesniffer/src/Standards/Generic/Tests/PHP/LowerCaseConstantUnitTest.1.inc.fixed
<f+++++++ vendor/squizlabs/php_codesniffer/src/Standards/Generic/Tests/PHP/LowerCaseConstantUnitTest.2.inc
<f+++++++ vendor/squizlabs/php_codesniffer/src/Standards/Generic/Tests/PHP/LowerCaseConstantUnitTest.js
<f+++++++ vendor/squizlabs/php_codesniffer/src/Standards/Generic/Tests/PHP/LowerCaseConstantUnitTest.js.fixed
<f+++++++ vendor/squizlabs/php_codesniffer/src/Standards/Generic/Tests/PHP/LowerCaseConstantUnitTest.php
<f+++++++ vendor/squizlabs/php_codesniffer/src/Standards/Generic/Tests/PHP/LowerCaseKeywordUnitTest.inc
<f+++++++ vendor/squizlabs/php_codesniffer/src/Standards/Generic/Tests/PHP/LowerCaseKeywordUnitTest.inc.fixed
<f+++++++ vendor/squizlabs/php_codesniffer/src/Standards/Generic/Tests/PHP/LowerCaseKeywordUnitTest.php
<f+++++++ vendor/squizlabs/php_codesniffer/src/Standards/Generic/Tests/PHP/LowerCaseTypeUnitTest.inc
<f+++++++ vendor/squizlabs/php_codesniffer/src/Standards/Generic/Tests/PHP/LowerCaseTypeUnitTest.inc.fixed
<f+++++++ vendor/squizlabs/php_codesniffer/src/Standards/Generic/Tests/PHP/LowerCaseTypeUnitTest.php
<f+++++++ vendor/squizlabs/php_codesniffer/src/Standards/Generic/Tests/PHP/NoSilencedErrorsUnitTest.inc
<f+++++++ vendor/squizlabs/php_codesniffer/src/Standards/Generic/Tests/PHP/NoSilencedErrorsUnitTest.php
<f+++++++ vendor/squizlabs/php_codesniffer/src/Standards/Generic/Tests/PHP/RequireStrictTypesUnitTest.1.inc
<f+++++++ vendor/squizlabs/php_codesniffer/src/Standards/Generic/Tests/PHP/RequireStrictTypesUnitTest.10.inc
<f+++++++ vendor/squizlabs/php_codesniffer/src/Standards/Generic/Tests/PHP/RequireStrictTypesUnitTest.11.inc
<f+++++++ vendor/squizlabs/php_codesniffer/src/Standards/Generic/Tests/PHP/RequireStrictTypesUnitTest.11.inc.fixed
<f+++++++ vendor/squizlabs/php_codesniffer/src/Standards/Generic/Tests/PHP/RequireStrictTypesUnitTest.12.inc
<f+++++++ vendor/squizlabs/php_codesniffer/src/Standards/Generic/Tests/PHP/RequireStrictTypesUnitTest.12.inc.fixed
<f+++++++ vendor/squizlabs/php_codesniffer/src/Standards/Generic/Tests/PHP/RequireStrictTypesUnitTest.13.inc
<f+++++++ vendor/squizlabs/php_codesniffer/src/Standards/Generic/Tests/PHP/RequireStrictTypesUnitTest.14.inc
<f+++++++ vendor/squizlabs/php_codesniffer/src/Standards/Generic/Tests/PHP/RequireStrictTypesUnitTest.14.inc.fixed
<f+++++++ vendor/squizlabs/php_codesniffer/src/Standards/Generic/Tests/PHP/RequireStrictTypesUnitTest.15.inc
<f+++++++ vendor/squizlabs/php_codesniffer/src/Standards/Generic/Tests/PHP/RequireStrictTypesUnitTest.15.inc.fixed
<f+++++++ vendor/squizlabs/php_codesniffer/src/Standards/Generic/Tests/PHP/RequireStrictTypesUnitTest.2.inc
<f+++++++ vendor/squizlabs/php_codesniffer/src/Standards/Generic/Tests/PHP/RequireStrictTypesUnitTest.3.inc
<f+++++++ vendor/squizlabs/php_codesniffer/src/Standards/Generic/Tests/PHP/RequireStrictTypesUnitTest.4.inc
<f+++++++ vendor/squizlabs/php_codesniffer/src/Standards/Generic/Tests/PHP/RequireStrictTypesUnitTest.5.inc
<f+++++++ vendor/squizlabs/php_codesniffer/src/Standards/Generic/Tests/PHP/RequireStrictTypesUnitTest.6.inc
<f+++++++ vendor/squizlabs/php_codesniffer/src/Standards/Generic/Tests/PHP/RequireStrictTypesUnitTest.7.inc
<f+++++++ vendor/squizlabs/php_codesniffer/src/Standards/Generic/Tests/PHP/RequireStrictTypesUnitTest.8.inc
<f+++++++ vendor/squizlabs/php_codesniffer/src/Standards/Generic/Tests/PHP/RequireStrictTypesUnitTest.9.inc
<f+++++++ vendor/squizlabs/php_codesniffer/src/Standards/Generic/Tests/PHP/RequireStrictTypesUnitTest.php
<f+++++++ vendor/squizlabs/php_codesniffer/src/Standards/Generic/Tests/PHP/SAPIUsageUnitTest.inc
<f+++++++ vendor/squizlabs/php_codesniffer/src/Standards/Generic/Tests/PHP/SAPIUsageUnitTest.php
<f+++++++ vendor/squizlabs/php_codesniffer/src/Standards/Generic/Tests/PHP/SyntaxUnitTest.1.inc
<f+++++++ vendor/squizlabs/php_codesniffer/src/Standards/Generic/Tests/PHP/SyntaxUnitTest.2.inc
<f+++++++ vendor/squizlabs/php_codesniffer/src/Standards/Generic/Tests/PHP/SyntaxUnitTest.php
<f+++++++ vendor/squizlabs/php_codesniffer/src/Standards/Generic/Tests/PHP/UpperCaseConstantUnitTest.inc
<f+++++++ vendor/squizlabs/php_codesniffer/src/Standards/Generic/Tests/PHP/UpperCaseConstantUnitTest.inc.fixed
<f+++++++ vendor/squizlabs/php_codesniffer/src/Standards/Generic/Tests/PHP/UpperCaseConstantUnitTest.php
cd+++++++ vendor/squizlabs/php_codesniffer/src/Standards/Generic/Tests/Strings/
<f+++++++ vendor/squizlabs/php_codesniffer/src/Standards/Generic/Tests/Strings/UnnecessaryHeredocUnitTest.1.inc
<f+++++++ vendor/squizlabs/php_codesniffer/src/Standards/Generic/Tests/Strings/UnnecessaryHeredocUnitTest.1.inc.fixed
<f+++++++ vendor/squizlabs/php_codesniffer/src/Standards/Generic/Tests/Strings/UnnecessaryHeredocUnitTest.2.inc
<f+++++++ vendor/squizlabs/php_codesniffer/src/Standards/Generic/Tests/Strings/UnnecessaryHeredocUnitTest.2.inc.fixed
<f+++++++ vendor/squizlabs/php_codesniffer/src/Standards/Generic/Tests/Strings/UnnecessaryHeredocUnitTest.3.inc
<f+++++++ vendor/squizlabs/php_codesniffer/src/Standards/Generic/Tests/Strings/UnnecessaryHeredocUnitTest.php
<f+++++++ vendor/squizlabs/php_codesniffer/src/Standards/Generic/Tests/Strings/UnnecessaryStringConcatUnitTest.1.inc
<f+++++++ vendor/squizlabs/php_codesniffer/src/Standards/Generic/Tests/Strings/UnnecessaryStringConcatUnitTest.2.inc
<f+++++++ vendor/squizlabs/php_codesniffer/src/Standards/Generic/Tests/Strings/UnnecessaryStringConcatUnitTest.js
<f+++++++ vendor/squizlabs/php_codesniffer/src/Standards/Generic/Tests/Strings/UnnecessaryStringConcatUnitTest.php
cd+++++++ vendor/squizlabs/php_codesniffer/src/Standards/Generic/Tests/VersionControl/
<f+++++++ vendor/squizlabs/php_codesniffer/src/Standards/Generic/Tests/VersionControl/GitMergeConflictUnitTest.1.css
<f+++++++ vendor/squizlabs/php_codesniffer/src/Standards/Generic/Tests/VersionControl/GitMergeConflictUnitTest.1.inc
<f+++++++ vendor/squizlabs/php_codesniffer/src/Standards/Generic/Tests/VersionControl/GitMergeConflictUnitTest.2.css
<f+++++++ vendor/squizlabs/php_codesniffer/src/Standards/Generic/Tests/VersionControl/GitMergeConflictUnitTest.2.inc
<f+++++++ vendor/squizlabs/php_codesniffer/src/Standards/Generic/Tests/VersionControl/GitMergeConflictUnitTest.3.inc
<f+++++++ vendor/squizlabs/php_codesniffer/src/Standards/Generic/Tests/VersionControl/GitMergeConflictUnitTest.4.inc
<f+++++++ vendor/squizlabs/php_codesniffer/src/Standards/Generic/Tests/VersionControl/GitMergeConflictUnitTest.5.inc
<f+++++++ vendor/squizlabs/php_codesniffer/src/Standards/Generic/Tests/VersionControl/GitMergeConflictUnitTest.6.inc
<f+++++++ vendor/squizlabs/php_codesniffer/src/Standards/Generic/Tests/VersionControl/GitMergeConflictUnitTest.7.inc
<f+++++++ vendor/squizlabs/php_codesniffer/src/Standards/Generic/Tests/VersionControl/GitMergeConflictUnitTest.js
<f+++++++ vendor/squizlabs/php_codesniffer/src/Standards/Generic/Tests/VersionControl/GitMergeConflictUnitTest.php
<f+++++++ vendor/squizlabs/php_codesniffer/src/Standards/Generic/Tests/VersionControl/SubversionPropertiesUnitTest.inc
<f+++++++ vendor/squizlabs/php_codesniffer/src/Standards/Generic/Tests/VersionControl/SubversionPropertiesUnitTest.php
cd+++++++ vendor/squizlabs/php_codesniffer/src/Standards/Generic/Tests/WhiteSpace/
<f+++++++ vendor/squizlabs/php_codesniffer/src/Standards/Generic/Tests/WhiteSpace/ArbitraryParenthesesSpacingUnitTest.1.inc
<f+++++++ vendor/squizlabs/php_codesniffer/src/Standards/Generic/Tests/WhiteSpace/ArbitraryParenthesesSpacingUnitTest.1.inc.fixed
<f+++++++ vendor/squizlabs/php_codesniffer/src/Standards/Generic/Tests/WhiteSpace/ArbitraryParenthesesSpacingUnitTest.2.inc
<f+++++++ vendor/squizlabs/php_codesniffer/src/Standards/Generic/Tests/WhiteSpace/ArbitraryParenthesesSpacingUnitTest.php
<f+++++++ vendor/squizlabs/php_codesniffer/src/Standards/Generic/Tests/WhiteSpace/DisallowSpaceIndentUnitTest.1.inc
<f+++++++ vendor/squizlabs/php_codesniffer/src/Standards/Generic/Tests/WhiteSpace/DisallowSpaceIndentUnitTest.1.inc.fixed
<f+++++++ vendor/squizlabs/php_codesniffer/src/Standards/Generic/Tests/WhiteSpace/DisallowSpaceIndentUnitTest.2.inc
<f+++++++ vendor/squizlabs/php_codesniffer/src/Standards/Generic/Tests/WhiteSpace/DisallowSpaceIndentUnitTest.2.inc.fixed
<f+++++++ vendor/squizlabs/php_codesniffer/src/Standards/Generic/Tests/WhiteSpace/DisallowSpaceIndentUnitTest.3.inc
<f+++++++ vendor/squizlabs/php_codesniffer/src/Standards/Generic/Tests/WhiteSpace/DisallowSpaceIndentUnitTest.3.inc.fixed
<f+++++++ vendor/squizlabs/php_codesniffer/src/Standards/Generic/Tests/WhiteSpace/DisallowSpaceIndentUnitTest.4.inc
<f+++++++ vendor/squizlabs/php_codesniffer/src/Standards/Generic/Tests/WhiteSpace/DisallowSpaceIndentUnitTest.css
<f+++++++ vendor/squizlabs/php_codesniffer/src/Standards/Generic/Tests/WhiteSpace/DisallowSpaceIndentUnitTest.css.fixed
<f+++++++ vendor/squizlabs/php_codesniffer/src/Standards/Generic/Tests/WhiteSpace/DisallowSpaceIndentUnitTest.js
<f+++++++ vendor/squizlabs/php_codesniffer/src/Standards/Generic/Tests/WhiteSpace/DisallowSpaceIndentUnitTest.js.fixed
<f+++++++ vendor/squizlabs/php_codesniffer/src/Standards/Generic/Tests/WhiteSpace/DisallowSpaceIndentUnitTest.php
<f+++++++ vendor/squizlabs/php_codesniffer/src/Standards/Generic/Tests/WhiteSpace/DisallowTabIndentUnitTest.1.inc
<f+++++++ vendor/squizlabs/php_codesniffer/src/Standards/Generic/Tests/WhiteSpace/DisallowTabIndentUnitTest.1.inc.fixed
<f+++++++ vendor/squizlabs/php_codesniffer/src/Standards/Generic/Tests/WhiteSpace/DisallowTabIndentUnitTest.2.inc
<f+++++++ vendor/squizlabs/php_codesniffer/src/Standards/Generic/Tests/WhiteSpace/DisallowTabIndentUnitTest.2.inc.fixed
<f+++++++ vendor/squizlabs/php_codesniffer/src/Standards/Generic/Tests/WhiteSpace/DisallowTabIndentUnitTest.3.inc
<f+++++++ vendor/squizlabs/php_codesniffer/src/Standards/Generic/Tests/WhiteSpace/DisallowTabIndentUnitTest.css
<f+++++++ vendor/squizlabs/php_codesniffer/src/Standards/Generic/Tests/WhiteSpace/DisallowTabIndentUnitTest.css.fixed
<f+++++++ vendor/squizlabs/php_codesniffer/src/Standards/Generic/Tests/WhiteSpace/DisallowTabIndentUnitTest.js
<f+++++++ vendor/squizlabs/php_codesniffer/src/Standards/Generic/Tests/WhiteSpace/DisallowTabIndentUnitTest.js.fixed
<f+++++++ vendor/squizlabs/php_codesniffer/src/Standards/Generic/Tests/WhiteSpace/DisallowTabIndentUnitTest.php
<f+++++++ vendor/squizlabs/php_codesniffer/src/Standards/Generic/Tests/WhiteSpace/HereNowdocIdentifierSpacingUnitTest.inc
<f+++++++ vendor/squizlabs/php_codesniffer/src/Standards/Generic/Tests/WhiteSpace/HereNowdocIdentifierSpacingUnitTest.inc.fixed
<f+++++++ vendor/squizlabs/php_codesniffer/src/Standards/Generic/Tests/WhiteSpace/HereNowdocIdentifierSpacingUnitTest.php
<f+++++++ vendor/squizlabs/php_codesniffer/src/Standards/Generic/Tests/WhiteSpace/IncrementDecrementSpacingUnitTest.inc
<f+++++++ vendor/squizlabs/php_codesniffer/src/Standards/Generic/Tests/WhiteSpace/IncrementDecrementSpacingUnitTest.inc.fixed
<f+++++++ vendor/squizlabs/php_codesniffer/src/Standards/Generic/Tests/WhiteSpace/IncrementDecrementSpacingUnitTest.js
<f+++++++ vendor/squizlabs/php_codesniffer/src/Standards/Generic/Tests/WhiteSpace/IncrementDecrementSpacingUnitTest.js.fixed
<f+++++++ vendor/squizlabs/php_codesniffer/src/Standards/Generic/Tests/WhiteSpace/IncrementDecrementSpacingUnitTest.php
<f+++++++ vendor/squizlabs/php_codesniffer/src/Standards/Generic/Tests/WhiteSpace/LanguageConstructSpacingUnitTest.1.inc
<f+++++++ vendor/squizlabs/php_codesniffer/src/Standards/Generic/Tests/WhiteSpace/LanguageConstructSpacingUnitTest.1.inc.fixed
<f+++++++ vendor/squizlabs/php_codesniffer/src/Standards/Generic/Tests/WhiteSpace/LanguageConstructSpacingUnitTest.2.inc
<f+++++++ vendor/squizlabs/php_codesniffer/src/Standards/Generic/Tests/WhiteSpace/LanguageConstructSpacingUnitTest.php
<f+++++++ vendor/squizlabs/php_codesniffer/src/Standards/Generic/Tests/WhiteSpace/ScopeIndentUnitTest.1.inc
<f+++++++ vendor/squizlabs/php_codesniffer/src/Standards/Generic/Tests/WhiteSpace/ScopeIndentUnitTest.1.inc.fixed
<f+++++++ vendor/squizlabs/php_codesniffer/src/Standards/Generic/Tests/WhiteSpace/ScopeIndentUnitTest.1.js
<f+++++++ vendor/squizlabs/php_codesniffer/src/Standards/Generic/Tests/WhiteSpace/ScopeIndentUnitTest.1.js.fixed
<f+++++++ vendor/squizlabs/php_codesniffer/src/Standards/Generic/Tests/WhiteSpace/ScopeIndentUnitTest.2.inc
<f+++++++ vendor/squizlabs/php_codesniffer/src/Standards/Generic/Tests/WhiteSpace/ScopeIndentUnitTest.2.inc.fixed
<f+++++++ vendor/squizlabs/php_codesniffer/src/Standards/Generic/Tests/WhiteSpace/ScopeIndentUnitTest.3.inc
<f+++++++ vendor/squizlabs/php_codesniffer/src/Standards/Generic/Tests/WhiteSpace/ScopeIndentUnitTest.3.inc.fixed
<f+++++++ vendor/squizlabs/php_codesniffer/src/Standards/Generic/Tests/WhiteSpace/ScopeIndentUnitTest.4.inc
<f+++++++ vendor/squizlabs/php_codesniffer/src/Standards/Generic/Tests/WhiteSpace/ScopeIndentUnitTest.php
<f+++++++ vendor/squizlabs/php_codesniffer/src/Standards/Generic/Tests/WhiteSpace/SpreadOperatorSpacingAfterUnitTest.1.inc
<f+++++++ vendor/squizlabs/php_codesniffer/src/Standards/Generic/Tests/WhiteSpace/SpreadOperatorSpacingAfterUnitTest.1.inc.fixed
<f+++++++ vendor/squizlabs/php_codesniffer/src/Standards/Generic/Tests/WhiteSpace/SpreadOperatorSpacingAfterUnitTest.2.inc
<f+++++++ vendor/squizlabs/php_codesniffer/src/Standards/Generic/Tests/WhiteSpace/SpreadOperatorSpacingAfterUnitTest.php
cd+++++++ vendor/squizlabs/php_codesniffer/src/Standards/MySource/
<f+++++++ vendor/squizlabs/php_codesniffer/src/Standards/MySource/ruleset.xml
cd+++++++ vendor/squizlabs/php_codesniffer/src/Standards/MySource/Sniffs/
cd+++++++ vendor/squizlabs/php_codesniffer/src/Standards/MySource/Sniffs/CSS/
<f+++++++ vendor/squizlabs/php_codesniffer/src/Standards/MySource/Sniffs/CSS/BrowserSpecificStylesSniff.php
cd+++++++ vendor/squizlabs/php_codesniffer/src/Standards/MySource/Sniffs/Channels/
<f+++++++ vendor/squizlabs/php_codesniffer/src/Standards/MySource/Sniffs/Channels/DisallowSelfActionsSniff.php
<f+++++++ vendor/squizlabs/php_codesniffer/src/Standards/MySource/Sniffs/Channels/IncludeOwnSystemSniff.php
<f+++++++ vendor/squizlabs/php_codesniffer/src/Standards/MySource/Sniffs/Channels/IncludeSystemSniff.php
<f+++++++ vendor/squizlabs/php_codesniffer/src/Standards/MySource/Sniffs/Channels/UnusedSystemSniff.php
cd+++++++ vendor/squizlabs/php_codesniffer/src/Standards/MySource/Sniffs/Commenting/
<f+++++++ vendor/squizlabs/php_codesniffer/src/Standards/MySource/Sniffs/Commenting/FunctionCommentSniff.php
cd+++++++ vendor/squizlabs/php_codesniffer/src/Standards/MySource/Sniffs/Debug/
<f+++++++ vendor/squizlabs/php_codesniffer/src/Standards/MySource/Sniffs/Debug/DebugCodeSniff.php
<f+++++++ vendor/squizlabs/php_codesniffer/src/Standards/MySource/Sniffs/Debug/FirebugConsoleSniff.php
cd+++++++ vendor/squizlabs/php_codesniffer/src/Standards/MySource/Sniffs/Objects/
<f+++++++ vendor/squizlabs/php_codesniffer/src/Standards/MySource/Sniffs/Objects/AssignThisSniff.php
<f+++++++ vendor/squizlabs/php_codesniffer/src/Standards/MySource/Sniffs/Objects/CreateWidgetTypeCallbackSniff.php
<f+++++++ vendor/squizlabs/php_codesniffer/src/Standards/MySource/Sniffs/Objects/DisallowNewWidgetSniff.php
cd+++++++ vendor/squizlabs/php_codesniffer/src/Standards/MySource/Sniffs/PHP/
<f+++++++ vendor/squizlabs/php_codesniffer/src/Standards/MySource/Sniffs/PHP/AjaxNullComparisonSniff.php
<f+++++++ vendor/squizlabs/php_codesniffer/src/Standards/MySource/Sniffs/PHP/EvalObjectFactorySniff.php
<f+++++++ vendor/squizlabs/php_codesniffer/src/Standards/MySource/Sniffs/PHP/GetRequestDataSniff.php
<f+++++++ vendor/squizlabs/php_codesniffer/src/Standards/MySource/Sniffs/PHP/ReturnFunctionValueSniff.php
cd+++++++ vendor/squizlabs/php_codesniffer/src/Standards/MySource/Sniffs/Strings/
<f+++++++ vendor/squizlabs/php_codesniffer/src/Standards/MySource/Sniffs/Strings/JoinStringsSniff.php
cd+++++++ vendor/squizlabs/php_codesniffer/src/Standards/MySource/Tests/
cd+++++++ vendor/squizlabs/php_codesniffer/src/Standards/MySource/Tests/CSS/
<f+++++++ vendor/squizlabs/php_codesniffer/src/Standards/MySource/Tests/CSS/BrowserSpecificStylesUnitTest.css
<f+++++++ vendor/squizlabs/php_codesniffer/src/Standards/MySource/Tests/CSS/BrowserSpecificStylesUnitTest.php
cd+++++++ vendor/squizlabs/php_codesniffer/src/Standards/MySource/Tests/Channels/
<f+++++++ vendor/squizlabs/php_codesniffer/src/Standards/MySource/Tests/Channels/DisallowSelfActionsUnitTest.inc
<f+++++++ vendor/squizlabs/php_codesniffer/src/Standards/MySource/Tests/Channels/DisallowSelfActionsUnitTest.php
<f+++++++ vendor/squizlabs/php_codesniffer/src/Standards/MySource/Tests/Channels/IncludeSystemUnitTest.inc
<f+++++++ vendor/squizlabs/php_codesniffer/src/Standards/MySource/Tests/Channels/IncludeSystemUnitTest.php
<f+++++++ vendor/squizlabs/php_codesniffer/src/Standards/MySource/Tests/Channels/UnusedSystemUnitTest.inc
<f+++++++ vendor/squizlabs/php_codesniffer/src/Standards/MySource/Tests/Channels/UnusedSystemUnitTest.php
cd+++++++ vendor/squizlabs/php_codesniffer/src/Standards/MySource/Tests/Commenting/
<f+++++++ vendor/squizlabs/php_codesniffer/src/Standards/MySource/Tests/Commenting/FunctionCommentUnitTest.inc
<f+++++++ vendor/squizlabs/php_codesniffer/src/Standards/MySource/Tests/Commenting/FunctionCommentUnitTest.php
cd+++++++ vendor/squizlabs/php_codesniffer/src/Standards/MySource/Tests/Debug/
<f+++++++ vendor/squizlabs/php_codesniffer/src/Standards/MySource/Tests/Debug/DebugCodeUnitTest.inc
<f+++++++ vendor/squizlabs/php_codesniffer/src/Standards/MySource/Tests/Debug/DebugCodeUnitTest.php
<f+++++++ vendor/squizlabs/php_codesniffer/src/Standards/MySource/Tests/Debug/FirebugConsoleUnitTest.js
<f+++++++ vendor/squizlabs/php_codesniffer/src/Standards/MySource/Tests/Debug/FirebugConsoleUnitTest.php
cd+++++++ vendor/squizlabs/php_codesniffer/src/Standards/MySource/Tests/Objects/
<f+++++++ vendor/squizlabs/php_codesniffer/src/Standards/MySource/Tests/Objects/AssignThisUnitTest.js
<f+++++++ vendor/squizlabs/php_codesniffer/src/Standards/MySource/Tests/Objects/AssignThisUnitTest.php
<f+++++++ vendor/squizlabs/php_codesniffer/src/Standards/MySource/Tests/Objects/CreateWidgetTypeCallbackUnitTest.js
<f+++++++ vendor/squizlabs/php_codesniffer/src/Standards/MySource/Tests/Objects/CreateWidgetTypeCallbackUnitTest.php
<f+++++++ vendor/squizlabs/php_codesniffer/src/Standards/MySource/Tests/Objects/DisallowNewWidgetUnitTest.inc
<f+++++++ vendor/squizlabs/php_codesniffer/src/Standards/MySource/Tests/Objects/DisallowNewWidgetUnitTest.php
cd+++++++ vendor/squizlabs/php_codesniffer/src/Standards/MySource/Tests/PHP/
<f+++++++ vendor/squizlabs/php_codesniffer/src/Standards/MySource/Tests/PHP/AjaxNullComparisonUnitTest.inc
<f+++++++ vendor/squizlabs/php_codesniffer/src/Standards/MySource/Tests/PHP/AjaxNullComparisonUnitTest.php
<f+++++++ vendor/squizlabs/php_codesniffer/src/Standards/MySource/Tests/PHP/EvalObjectFactoryUnitTest.inc
<f+++++++ vendor/squizlabs/php_codesniffer/src/Standards/MySource/Tests/PHP/EvalObjectFactoryUnitTest.php
<f+++++++ vendor/squizlabs/php_codesniffer/src/Standards/MySource/Tests/PHP/GetRequestDataUnitTest.inc
<f+++++++ vendor/squizlabs/php_codesniffer/src/Standards/MySource/Tests/PHP/GetRequestDataUnitTest.php
<f+++++++ vendor/squizlabs/php_codesniffer/src/Standards/MySource/Tests/PHP/ReturnFunctionValueUnitTest.inc
<f+++++++ vendor/squizlabs/php_codesniffer/src/Standards/MySource/Tests/PHP/ReturnFunctionValueUnitTest.php
cd+++++++ vendor/squizlabs/php_codesniffer/src/Standards/MySource/Tests/Strings/
<f+++++++ vendor/squizlabs/php_codesniffer/src/Standards/MySource/Tests/Strings/JoinStringsUnitTest.js
<f+++++++ vendor/squizlabs/php_codesniffer/src/Standards/MySource/Tests/Strings/JoinStringsUnitTest.php
cd+++++++ vendor/squizlabs/php_codesniffer/src/Standards/PEAR/
<f+++++++ vendor/squizlabs/php_codesniffer/src/Standards/PEAR/ruleset.xml
cd+++++++ vendor/squizlabs/php_codesniffer/src/Standards/PEAR/Docs/
cd+++++++ vendor/squizlabs/php_codesniffer/src/Standards/PEAR/Docs/Classes/
<f+++++++ vendor/squizlabs/php_codesniffer/src/Standards/PEAR/Docs/Classes/ClassDeclarationStandard.xml
cd+++++++ vendor/squizlabs/php_codesniffer/src/Standards/PEAR/Docs/Commenting/
<f+++++++ vendor/squizlabs/php_codesniffer/src/Standards/PEAR/Docs/Commenting/ClassCommentStandard.xml
<f+++++++ vendor/squizlabs/php_codesniffer/src/Standards/PEAR/Docs/Commenting/FileCommentStandard.xml
<f+++++++ vendor/squizlabs/php_codesniffer/src/Standards/PEAR/Docs/Commenting/FunctionCommentStandard.xml
<f+++++++ vendor/squizlabs/php_codesniffer/src/Standards/PEAR/Docs/Commenting/InlineCommentStandard.xml
cd+++++++ vendor/squizlabs/php_codesniffer/src/Standards/PEAR/Docs/ControlStructures/
<f+++++++ vendor/squizlabs/php_codesniffer/src/Standards/PEAR/Docs/ControlStructures/ControlSignatureStandard.xml
<f+++++++ vendor/squizlabs/php_codesniffer/src/Standards/PEAR/Docs/ControlStructures/MultiLineConditionStandard.xml
cd+++++++ vendor/squizlabs/php_codesniffer/src/Standards/PEAR/Docs/Files/
<f+++++++ vendor/squizlabs/php_codesniffer/src/Standards/PEAR/Docs/Files/IncludingFileStandard.xml
cd+++++++ vendor/squizlabs/php_codesniffer/src/Standards/PEAR/Docs/Formatting/
<f+++++++ vendor/squizlabs/php_codesniffer/src/Standards/PEAR/Docs/Formatting/MultiLineAssignmentStandard.xml
cd+++++++ vendor/squizlabs/php_codesniffer/src/Standards/PEAR/Docs/Functions/
<f+++++++ vendor/squizlabs/php_codesniffer/src/Standards/PEAR/Docs/Functions/FunctionCallSignatureStandard.xml
<f+++++++ vendor/squizlabs/php_codesniffer/src/Standards/PEAR/Docs/Functions/FunctionDeclarationStandard.xml
<f+++++++ vendor/squizlabs/php_codesniffer/src/Standards/PEAR/Docs/Functions/ValidDefaultValueStandard.xml
cd+++++++ vendor/squizlabs/php_codesniffer/src/Standards/PEAR/Docs/NamingConventions/
<f+++++++ vendor/squizlabs/php_codesniffer/src/Standards/PEAR/Docs/NamingConventions/ValidClassNameStandard.xml
<f+++++++ vendor/squizlabs/php_codesniffer/src/Standards/PEAR/Docs/NamingConventions/ValidFunctionNameStandard.xml
<f+++++++ vendor/squizlabs/php_codesniffer/src/Standards/PEAR/Docs/NamingConventions/ValidVariableNameStandard.xml
cd+++++++ vendor/squizlabs/php_codesniffer/src/Standards/PEAR/Docs/WhiteSpace/
<f+++++++ vendor/squizlabs/php_codesniffer/src/Standards/PEAR/Docs/WhiteSpace/ObjectOperatorIndentStandard.xml
<f+++++++ vendor/squizlabs/php_codesniffer/src/Standards/PEAR/Docs/WhiteSpace/ScopeClosingBraceStandard.xml
<f+++++++ vendor/squizlabs/php_codesniffer/src/Standards/PEAR/Docs/WhiteSpace/ScopeIndentStandard.xml
cd+++++++ vendor/squizlabs/php_codesniffer/src/Standards/PEAR/Sniffs/
cd+++++++ vendor/squizlabs/php_codesniffer/src/Standards/PEAR/Sniffs/Classes/
<f+++++++ vendor/squizlabs/php_codesniffer/src/Standards/PEAR/Sniffs/Classes/ClassDeclarationSniff.php
cd+++++++ vendor/squizlabs/php_codesniffer/src/Standards/PEAR/Sniffs/Commenting/
<f+++++++ vendor/squizlabs/php_codesniffer/src/Standards/PEAR/Sniffs/Commenting/ClassCommentSniff.php
<f+++++++ vendor/squizlabs/php_codesniffer/src/Standards/PEAR/Sniffs/Commenting/FileCommentSniff.php
<f+++++++ vendor/squizlabs/php_codesniffer/src/Standards/PEAR/Sniffs/Commenting/FunctionCommentSniff.php
<f+++++++ vendor/squizlabs/php_codesniffer/src/Standards/PEAR/Sniffs/Commenting/InlineCommentSniff.php
cd+++++++ vendor/squizlabs/php_codesniffer/src/Standards/PEAR/Sniffs/ControlStructures/
<f+++++++ vendor/squizlabs/php_codesniffer/src/Standards/PEAR/Sniffs/ControlStructures/ControlSignatureSniff.php
<f+++++++ vendor/squizlabs/php_codesniffer/src/Standards/PEAR/Sniffs/ControlStructures/MultiLineConditionSniff.php
cd+++++++ vendor/squizlabs/php_codesniffer/src/Standards/PEAR/Sniffs/Files/
<f+++++++ vendor/squizlabs/php_codesniffer/src/Standards/PEAR/Sniffs/Files/IncludingFileSniff.php
cd+++++++ vendor/squizlabs/php_codesniffer/src/Standards/PEAR/Sniffs/Formatting/
<f+++++++ vendor/squizlabs/php_codesniffer/src/Standards/PEAR/Sniffs/Formatting/MultiLineAssignmentSniff.php
cd+++++++ vendor/squizlabs/php_codesniffer/src/Standards/PEAR/Sniffs/Functions/
<f+++++++ vendor/squizlabs/php_codesniffer/src/Standards/PEAR/Sniffs/Functions/FunctionCallSignatureSniff.php
<f+++++++ vendor/squizlabs/php_codesniffer/src/Standards/PEAR/Sniffs/Functions/FunctionDeclarationSniff.php
<f+++++++ vendor/squizlabs/php_codesniffer/src/Standards/PEAR/Sniffs/Functions/ValidDefaultValueSniff.php
cd+++++++ vendor/squizlabs/php_codesniffer/src/Standards/PEAR/Sniffs/NamingConventions/
<f+++++++ vendor/squizlabs/php_codesniffer/src/Standards/PEAR/Sniffs/NamingConventions/ValidClassNameSniff.php
<f+++++++ vendor/squizlabs/php_codesniffer/src/Standards/PEAR/Sniffs/NamingConventions/ValidFunctionNameSniff.php
<f+++++++ vendor/squizlabs/php_codesniffer/src/Standards/PEAR/Sniffs/NamingConventions/ValidVariableNameSniff.php
cd+++++++ vendor/squizlabs/php_codesniffer/src/Standards/PEAR/Sniffs/WhiteSpace/
<f+++++++ vendor/squizlabs/php_codesniffer/src/Standards/PEAR/Sniffs/WhiteSpace/ObjectOperatorIndentSniff.php
<f+++++++ vendor/squizlabs/php_codesniffer/src/Standards/PEAR/Sniffs/WhiteSpace/ScopeClosingBraceSniff.php
<f+++++++ vendor/squizlabs/php_codesniffer/src/Standards/PEAR/Sniffs/WhiteSpace/ScopeIndentSniff.php
cd+++++++ vendor/squizlabs/php_codesniffer/src/Standards/PEAR/Tests/
cd+++++++ vendor/squizlabs/php_codesniffer/src/Standards/PEAR/Tests/Classes/
<f+++++++ vendor/squizlabs/php_codesniffer/src/Standards/PEAR/Tests/Classes/ClassDeclarationUnitTest.1.inc
<f+++++++ vendor/squizlabs/php_codesniffer/src/Standards/PEAR/Tests/Classes/ClassDeclarationUnitTest.1.inc.fixed
<f+++++++ vendor/squizlabs/php_codesniffer/src/Standards/PEAR/Tests/Classes/ClassDeclarationUnitTest.2.inc
<f+++++++ vendor/squizlabs/php_codesniffer/src/Standards/PEAR/Tests/Classes/ClassDeclarationUnitTest.php
cd+++++++ vendor/squizlabs/php_codesniffer/src/Standards/PEAR/Tests/Commenting/
<f+++++++ vendor/squizlabs/php_codesniffer/src/Standards/PEAR/Tests/Commenting/ClassCommentUnitTest.inc
<f+++++++ vendor/squizlabs/php_codesniffer/src/Standards/PEAR/Tests/Commenting/ClassCommentUnitTest.php
<f+++++++ vendor/squizlabs/php_codesniffer/src/Standards/PEAR/Tests/Commenting/FileCommentUnitTest.1.inc
<f+++++++ vendor/squizlabs/php_codesniffer/src/Standards/PEAR/Tests/Commenting/FileCommentUnitTest.2.inc
<f+++++++ vendor/squizlabs/php_codesniffer/src/Standards/PEAR/Tests/Commenting/FileCommentUnitTest.3.inc
<f+++++++ vendor/squizlabs/php_codesniffer/src/Standards/PEAR/Tests/Commenting/FileCommentUnitTest.4.inc
<f+++++++ vendor/squizlabs/php_codesniffer/src/Standards/PEAR/Tests/Commenting/FileCommentUnitTest.php
<f+++++++ vendor/squizlabs/php_codesniffer/src/Standards/PEAR/Tests/Commenting/FunctionCommentUnitTest.inc
<f+++++++ vendor/squizlabs/php_codesniffer/src/Standards/PEAR/Tests/Commenting/FunctionCommentUnitTest.inc.fixed
<f+++++++ vendor/squizlabs/php_codesniffer/src/Standards/PEAR/Tests/Commenting/FunctionCommentUnitTest.php
<f+++++++ vendor/squizlabs/php_codesniffer/src/Standards/PEAR/Tests/Commenting/InlineCommentUnitTest.inc
<f+++++++ vendor/squizlabs/php_codesniffer/src/Standards/PEAR/Tests/Commenting/InlineCommentUnitTest.inc.fixed
<f+++++++ vendor/squizlabs/php_codesniffer/src/Standards/PEAR/Tests/Commenting/InlineCommentUnitTest.php
cd+++++++ vendor/squizlabs/php_codesniffer/src/Standards/PEAR/Tests/ControlStructures/
<f+++++++ vendor/squizlabs/php_codesniffer/src/Standards/PEAR/Tests/ControlStructures/ControlSignatureUnitTest.inc
<f+++++++ vendor/squizlabs/php_codesniffer/src/Standards/PEAR/Tests/ControlStructures/ControlSignatureUnitTest.php
<f+++++++ vendor/squizlabs/php_codesniffer/src/Standards/PEAR/Tests/ControlStructures/MultiLineConditionUnitTest.inc
<f+++++++ vendor/squizlabs/php_codesniffer/src/Standards/PEAR/Tests/ControlStructures/MultiLineConditionUnitTest.inc.fixed
<f+++++++ vendor/squizlabs/php_codesniffer/src/Standards/PEAR/Tests/ControlStructures/MultiLineConditionUnitTest.js
<f+++++++ vendor/squizlabs/php_codesniffer/src/Standards/PEAR/Tests/ControlStructures/MultiLineConditionUnitTest.js.fixed
<f+++++++ vendor/squizlabs/php_codesniffer/src/Standards/PEAR/Tests/ControlStructures/MultiLineConditionUnitTest.php
cd+++++++ vendor/squizlabs/php_codesniffer/src/Standards/PEAR/Tests/Files/
<f+++++++ vendor/squizlabs/php_codesniffer/src/Standards/PEAR/Tests/Files/IncludingFileUnitTest.inc
<f+++++++ vendor/squizlabs/php_codesniffer/src/Standards/PEAR/Tests/Files/IncludingFileUnitTest.inc.fixed
<f+++++++ vendor/squizlabs/php_codesniffer/src/Standards/PEAR/Tests/Files/IncludingFileUnitTest.php
cd+++++++ vendor/squizlabs/php_codesniffer/src/Standards/PEAR/Tests/Formatting/
<f+++++++ vendor/squizlabs/php_codesniffer/src/Standards/PEAR/Tests/Formatting/MultiLineAssignmentUnitTest.inc
<f+++++++ vendor/squizlabs/php_codesniffer/src/Standards/PEAR/Tests/Formatting/MultiLineAssignmentUnitTest.php
cd+++++++ vendor/squizlabs/php_codesniffer/src/Standards/PEAR/Tests/Functions/
<f+++++++ vendor/squizlabs/php_codesniffer/src/Standards/PEAR/Tests/Functions/FunctionCallSignatureUnitTest.inc
<f+++++++ vendor/squizlabs/php_codesniffer/src/Standards/PEAR/Tests/Functions/FunctionCallSignatureUnitTest.inc.fixed
<f+++++++ vendor/squizlabs/php_codesniffer/src/Standards/PEAR/Tests/Functions/FunctionCallSignatureUnitTest.js
<f+++++++ vendor/squizlabs/php_codesniffer/src/Standards/PEAR/Tests/Functions/FunctionCallSignatureUnitTest.js.fixed
<f+++++++ vendor/squizlabs/php_codesniffer/src/Standards/PEAR/Tests/Functions/FunctionCallSignatureUnitTest.php
<f+++++++ vendor/squizlabs/php_codesniffer/src/Standards/PEAR/Tests/Functions/FunctionDeclarationUnitTest.1.inc
<f+++++++ vendor/squizlabs/php_codesniffer/src/Standards/PEAR/Tests/Functions/FunctionDeclarationUnitTest.1.inc.fixed
<f+++++++ vendor/squizlabs/php_codesniffer/src/Standards/PEAR/Tests/Functions/FunctionDeclarationUnitTest.2.inc
<f+++++++ vendor/squizlabs/php_codesniffer/src/Standards/PEAR/Tests/Functions/FunctionDeclarationUnitTest.3.inc
<f+++++++ vendor/squizlabs/php_codesniffer/src/Standards/PEAR/Tests/Functions/FunctionDeclarationUnitTest.4.inc
<f+++++++ vendor/squizlabs/php_codesniffer/src/Standards/PEAR/Tests/Functions/FunctionDeclarationUnitTest.4.inc.fixed
<f+++++++ vendor/squizlabs/php_codesniffer/src/Standards/PEAR/Tests/Functions/FunctionDeclarationUnitTest.js
<f+++++++ vendor/squizlabs/php_codesniffer/src/Standards/PEAR/Tests/Functions/FunctionDeclarationUnitTest.js.fixed
<f+++++++ vendor/squizlabs/php_codesniffer/src/Standards/PEAR/Tests/Functions/FunctionDeclarationUnitTest.php
<f+++++++ vendor/squizlabs/php_codesniffer/src/Standards/PEAR/Tests/Functions/ValidDefaultValueUnitTest.1.inc
<f+++++++ vendor/squizlabs/php_codesniffer/src/Standards/PEAR/Tests/Functions/ValidDefaultValueUnitTest.2.inc
<f+++++++ vendor/squizlabs/php_codesniffer/src/Standards/PEAR/Tests/Functions/ValidDefaultValueUnitTest.php
cd+++++++ vendor/squizlabs/php_codesniffer/src/Standards/PEAR/Tests/NamingConventions/
<f+++++++ vendor/squizlabs/php_codesniffer/src/Standards/PEAR/Tests/NamingConventions/ValidClassNameUnitTest.inc
<f+++++++ vendor/squizlabs/php_codesniffer/src/Standards/PEAR/Tests/NamingConventions/ValidClassNameUnitTest.php
<f+++++++ vendor/squizlabs/php_codesniffer/src/Standards/PEAR/Tests/NamingConventions/ValidFunctionNameUnitTest.inc
<f+++++++ vendor/squizlabs/php_codesniffer/src/Standards/PEAR/Tests/NamingConventions/ValidFunctionNameUnitTest.php
<f+++++++ vendor/squizlabs/php_codesniffer/src/Standards/PEAR/Tests/NamingConventions/ValidVariableNameUnitTest.inc
<f+++++++ vendor/squizlabs/php_codesniffer/src/Standards/PEAR/Tests/NamingConventions/ValidVariableNameUnitTest.php
cd+++++++ vendor/squizlabs/php_codesniffer/src/Standards/PEAR/Tests/WhiteSpace/
<f+++++++ vendor/squizlabs/php_codesniffer/src/Standards/PEAR/Tests/WhiteSpace/ObjectOperatorIndentUnitTest.inc
<f+++++++ vendor/squizlabs/php_codesniffer/src/Standards/PEAR/Tests/WhiteSpace/ObjectOperatorIndentUnitTest.inc.fixed
<f+++++++ vendor/squizlabs/php_codesniffer/src/Standards/PEAR/Tests/WhiteSpace/ObjectOperatorIndentUnitTest.php
<f+++++++ vendor/squizlabs/php_codesniffer/src/Standards/PEAR/Tests/WhiteSpace/ScopeClosingBraceUnitTest.inc
<f+++++++ vendor/squizlabs/php_codesniffer/src/Standards/PEAR/Tests/WhiteSpace/ScopeClosingBraceUnitTest.inc.fixed
<f+++++++ vendor/squizlabs/php_codesniffer/src/Standards/PEAR/Tests/WhiteSpace/ScopeClosingBraceUnitTest.php
<f+++++++ vendor/squizlabs/php_codesniffer/src/Standards/PEAR/Tests/WhiteSpace/ScopeIndentUnitTest.inc
<f+++++++ vendor/squizlabs/php_codesniffer/src/Standards/PEAR/Tests/WhiteSpace/ScopeIndentUnitTest.inc.fixed
<f+++++++ vendor/squizlabs/php_codesniffer/src/Standards/PEAR/Tests/WhiteSpace/ScopeIndentUnitTest.php
cd+++++++ vendor/squizlabs/php_codesniffer/src/Standards/PSR1/
<f+++++++ vendor/squizlabs/php_codesniffer/src/Standards/PSR1/ruleset.xml
cd+++++++ vendor/squizlabs/php_codesniffer/src/Standards/PSR1/Docs/
cd+++++++ vendor/squizlabs/php_codesniffer/src/Standards/PSR1/Docs/Classes/
<f+++++++ vendor/squizlabs/php_codesniffer/src/Standards/PSR1/Docs/Classes/ClassDeclarationStandard.xml
cd+++++++ vendor/squizlabs/php_codesniffer/src/Standards/PSR1/Docs/Files/
<f+++++++ vendor/squizlabs/php_codesniffer/src/Standards/PSR1/Docs/Files/SideEffectsStandard.xml
cd+++++++ vendor/squizlabs/php_codesniffer/src/Standards/PSR1/Docs/Methods/
<f+++++++ vendor/squizlabs/php_codesniffer/src/Standards/PSR1/Docs/Methods/CamelCapsMethodNameStandard.xml
cd+++++++ vendor/squizlabs/php_codesniffer/src/Standards/PSR1/Sniffs/
cd+++++++ vendor/squizlabs/php_codesniffer/src/Standards/PSR1/Sniffs/Classes/
<f+++++++ vendor/squizlabs/php_codesniffer/src/Standards/PSR1/Sniffs/Classes/ClassDeclarationSniff.php
cd+++++++ vendor/squizlabs/php_codesniffer/src/Standards/PSR1/Sniffs/Files/
<f+++++++ vendor/squizlabs/php_codesniffer/src/Standards/PSR1/Sniffs/Files/SideEffectsSniff.php
cd+++++++ vendor/squizlabs/php_codesniffer/src/Standards/PSR1/Sniffs/Methods/
<f+++++++ vendor/squizlabs/php_codesniffer/src/Standards/PSR1/Sniffs/Methods/CamelCapsMethodNameSniff.php
cd+++++++ vendor/squizlabs/php_codesniffer/src/Standards/PSR1/Tests/
cd+++++++ vendor/squizlabs/php_codesniffer/src/Standards/PSR1/Tests/Classes/
<f+++++++ vendor/squizlabs/php_codesniffer/src/Standards/PSR1/Tests/Classes/ClassDeclarationUnitTest.1.inc
<f+++++++ vendor/squizlabs/php_codesniffer/src/Standards/PSR1/Tests/Classes/ClassDeclarationUnitTest.2.inc
<f+++++++ vendor/squizlabs/php_codesniffer/src/Standards/PSR1/Tests/Classes/ClassDeclarationUnitTest.3.inc
<f+++++++ vendor/squizlabs/php_codesniffer/src/Standards/PSR1/Tests/Classes/ClassDeclarationUnitTest.php
cd+++++++ vendor/squizlabs/php_codesniffer/src/Standards/PSR1/Tests/Files/
<f+++++++ vendor/squizlabs/php_codesniffer/src/Standards/PSR1/Tests/Files/SideEffectsUnitTest.1.inc
<f+++++++ vendor/squizlabs/php_codesniffer/src/Standards/PSR1/Tests/Files/SideEffectsUnitTest.10.inc
<f+++++++ vendor/squizlabs/php_codesniffer/src/Standards/PSR1/Tests/Files/SideEffectsUnitTest.11.inc
<f+++++++ vendor/squizlabs/php_codesniffer/src/Standards/PSR1/Tests/Files/SideEffectsUnitTest.12.inc
<f+++++++ vendor/squizlabs/php_codesniffer/src/Standards/PSR1/Tests/Files/SideEffectsUnitTest.13.inc
<f+++++++ vendor/squizlabs/php_codesniffer/src/Standards/PSR1/Tests/Files/SideEffectsUnitTest.14.inc
<f+++++++ vendor/squizlabs/php_codesniffer/src/Standards/PSR1/Tests/Files/SideEffectsUnitTest.15.inc
<f+++++++ vendor/squizlabs/php_codesniffer/src/Standards/PSR1/Tests/Files/SideEffectsUnitTest.16.inc
<f+++++++ vendor/squizlabs/php_codesniffer/src/Standards/PSR1/Tests/Files/SideEffectsUnitTest.17.inc
<f+++++++ vendor/squizlabs/php_codesniffer/src/Standards/PSR1/Tests/Files/SideEffectsUnitTest.2.inc
<f+++++++ vendor/squizlabs/php_codesniffer/src/Standards/PSR1/Tests/Files/SideEffectsUnitTest.3.inc
<f+++++++ vendor/squizlabs/php_codesniffer/src/Standards/PSR1/Tests/Files/SideEffectsUnitTest.4.inc
<f+++++++ vendor/squizlabs/php_codesniffer/src/Standards/PSR1/Tests/Files/SideEffectsUnitTest.5.inc
<f+++++++ vendor/squizlabs/php_codesniffer/src/Standards/PSR1/Tests/Files/SideEffectsUnitTest.6.inc
<f+++++++ vendor/squizlabs/php_codesniffer/src/Standards/PSR1/Tests/Files/SideEffectsUnitTest.7.inc
<f+++++++ vendor/squizlabs/php_codesniffer/src/Standards/PSR1/Tests/Files/SideEffectsUnitTest.8.inc
<f+++++++ vendor/squizlabs/php_codesniffer/src/Standards/PSR1/Tests/Files/SideEffectsUnitTest.9.inc
<f+++++++ vendor/squizlabs/php_codesniffer/src/Standards/PSR1/Tests/Files/SideEffectsUnitTest.php
cd+++++++ vendor/squizlabs/php_codesniffer/src/Standards/PSR1/Tests/Methods/
<f+++++++ vendor/squizlabs/php_codesniffer/src/Standards/PSR1/Tests/Methods/CamelCapsMethodNameUnitTest.inc
<f+++++++ vendor/squizlabs/php_codesniffer/src/Standards/PSR1/Tests/Methods/CamelCapsMethodNameUnitTest.php
cd+++++++ vendor/squizlabs/php_codesniffer/src/Standards/PSR12/
<f+++++++ vendor/squizlabs/php_codesniffer/src/Standards/PSR12/ruleset.xml
cd+++++++ vendor/squizlabs/php_codesniffer/src/Standards/PSR12/Docs/
cd+++++++ vendor/squizlabs/php_codesniffer/src/Standards/PSR12/Docs/Classes/
<f+++++++ vendor/squizlabs/php_codesniffer/src/Standards/PSR12/Docs/Classes/ClassInstantiationStandard.xml
<f+++++++ vendor/squizlabs/php_codesniffer/src/Standards/PSR12/Docs/Classes/ClosingBraceStandard.xml
<f+++++++ vendor/squizlabs/php_codesniffer/src/Standards/PSR12/Docs/Classes/OpeningBraceSpaceStandard.xml
cd+++++++ vendor/squizlabs/php_codesniffer/src/Standards/PSR12/Docs/ControlStructures/
<f+++++++ vendor/squizlabs/php_codesniffer/src/Standards/PSR12/Docs/ControlStructures/BooleanOperatorPlacementStandard.xml
<f+++++++ vendor/squizlabs/php_codesniffer/src/Standards/PSR12/Docs/ControlStructures/ControlStructureSpacingStandard.xml
cd+++++++ vendor/squizlabs/php_codesniffer/src/Standards/PSR12/Docs/Files/
<f+++++++ vendor/squizlabs/php_codesniffer/src/Standards/PSR12/Docs/Files/ImportStatementStandard.xml
<f+++++++ vendor/squizlabs/php_codesniffer/src/Standards/PSR12/Docs/Files/OpenTagStandard.xml
cd+++++++ vendor/squizlabs/php_codesniffer/src/Standards/PSR12/Docs/Functions/
<f+++++++ vendor/squizlabs/php_codesniffer/src/Standards/PSR12/Docs/Functions/NullableTypeDeclarationStandard.xml
<f+++++++ vendor/squizlabs/php_codesniffer/src/Standards/PSR12/Docs/Functions/ReturnTypeDeclarationStandard.xml
cd+++++++ vendor/squizlabs/php_codesniffer/src/Standards/PSR12/Docs/Keywords/
<f+++++++ vendor/squizlabs/php_codesniffer/src/Standards/PSR12/Docs/Keywords/ShortFormTypeKeywordsStandard.xml
cd+++++++ vendor/squizlabs/php_codesniffer/src/Standards/PSR12/Docs/Namespaces/
<f+++++++ vendor/squizlabs/php_codesniffer/src/Standards/PSR12/Docs/Namespaces/CompoundNamespaceDepthStandard.xml
cd+++++++ vendor/squizlabs/php_codesniffer/src/Standards/PSR12/Docs/Operators/
<f+++++++ vendor/squizlabs/php_codesniffer/src/Standards/PSR12/Docs/Operators/OperatorSpacingStandard.xml
cd+++++++ vendor/squizlabs/php_codesniffer/src/Standards/PSR12/Docs/Properties/
<f+++++++ vendor/squizlabs/php_codesniffer/src/Standards/PSR12/Docs/Properties/ConstantVisibilityStandard.xml
cd+++++++ vendor/squizlabs/php_codesniffer/src/Standards/PSR12/Sniffs/
cd+++++++ vendor/squizlabs/php_codesniffer/src/Standards/PSR12/Sniffs/Classes/
<f+++++++ vendor/squizlabs/php_codesniffer/src/Standards/PSR12/Sniffs/Classes/AnonClassDeclarationSniff.php
<f+++++++ vendor/squizlabs/php_codesniffer/src/Standards/PSR12/Sniffs/Classes/ClassInstantiationSniff.php
<f+++++++ vendor/squizlabs/php_codesniffer/src/Standards/PSR12/Sniffs/Classes/ClosingBraceSniff.php
<f+++++++ vendor/squizlabs/php_codesniffer/src/Standards/PSR12/Sniffs/Classes/OpeningBraceSpaceSniff.php
cd+++++++ vendor/squizlabs/php_codesniffer/src/Standards/PSR12/Sniffs/ControlStructures/
<f+++++++ vendor/squizlabs/php_codesniffer/src/Standards/PSR12/Sniffs/ControlStructures/BooleanOperatorPlacementSniff.php
<f+++++++ vendor/squizlabs/php_codesniffer/src/Standards/PSR12/Sniffs/ControlStructures/ControlStructureSpacingSniff.php
cd+++++++ vendor/squizlabs/php_codesniffer/src/Standards/PSR12/Sniffs/Files/
<f+++++++ vendor/squizlabs/php_codesniffer/src/Standards/PSR12/Sniffs/Files/DeclareStatementSniff.php
<f+++++++ vendor/squizlabs/php_codesniffer/src/Standards/PSR12/Sniffs/Files/FileHeaderSniff.php
<f+++++++ vendor/squizlabs/php_codesniffer/src/Standards/PSR12/Sniffs/Files/ImportStatementSniff.php
<f+++++++ vendor/squizlabs/php_codesniffer/src/Standards/PSR12/Sniffs/Files/OpenTagSniff.php
cd+++++++ vendor/squizlabs/php_codesniffer/src/Standards/PSR12/Sniffs/Functions/
<f+++++++ vendor/squizlabs/php_codesniffer/src/Standards/PSR12/Sniffs/Functions/NullableTypeDeclarationSniff.php
<f+++++++ vendor/squizlabs/php_codesniffer/src/Standards/PSR12/Sniffs/Functions/ReturnTypeDeclarationSniff.php
cd+++++++ vendor/squizlabs/php_codesniffer/src/Standards/PSR12/Sniffs/Keywords/
<f+++++++ vendor/squizlabs/php_codesniffer/src/Standards/PSR12/Sniffs/Keywords/ShortFormTypeKeywordsSniff.php
cd+++++++ vendor/squizlabs/php_codesniffer/src/Standards/PSR12/Sniffs/Namespaces/
<f+++++++ vendor/squizlabs/php_codesniffer/src/Standards/PSR12/Sniffs/Namespaces/CompoundNamespaceDepthSniff.php
cd+++++++ vendor/squizlabs/php_codesniffer/src/Standards/PSR12/Sniffs/Operators/
<f+++++++ vendor/squizlabs/php_codesniffer/src/Standards/PSR12/Sniffs/Operators/OperatorSpacingSniff.php
cd+++++++ vendor/squizlabs/php_codesniffer/src/Standards/PSR12/Sniffs/Properties/
<f+++++++ vendor/squizlabs/php_codesniffer/src/Standards/PSR12/Sniffs/Properties/ConstantVisibilitySniff.php
cd+++++++ vendor/squizlabs/php_codesniffer/src/Standards/PSR12/Sniffs/Traits/
<f+++++++ vendor/squizlabs/php_codesniffer/src/Standards/PSR12/Sniffs/Traits/UseDeclarationSniff.php
cd+++++++ vendor/squizlabs/php_codesniffer/src/Standards/PSR12/Tests/
cd+++++++ vendor/squizlabs/php_codesniffer/src/Standards/PSR12/Tests/Classes/
<f+++++++ vendor/squizlabs/php_codesniffer/src/Standards/PSR12/Tests/Classes/AnonClassDeclarationUnitTest.inc
<f+++++++ vendor/squizlabs/php_codesniffer/src/Standards/PSR12/Tests/Classes/AnonClassDeclarationUnitTest.inc.fixed
<f+++++++ vendor/squizlabs/php_codesniffer/src/Standards/PSR12/Tests/Classes/AnonClassDeclarationUnitTest.php
<f+++++++ vendor/squizlabs/php_codesniffer/src/Standards/PSR12/Tests/Classes/ClassInstantiationUnitTest.inc
<f+++++++ vendor/squizlabs/php_codesniffer/src/Standards/PSR12/Tests/Classes/ClassInstantiationUnitTest.inc.fixed
<f+++++++ vendor/squizlabs/php_codesniffer/src/Standards/PSR12/Tests/Classes/ClassInstantiationUnitTest.php
<f+++++++ vendor/squizlabs/php_codesniffer/src/Standards/PSR12/Tests/Classes/ClosingBraceUnitTest.inc
<f+++++++ vendor/squizlabs/php_codesniffer/src/Standards/PSR12/Tests/Classes/ClosingBraceUnitTest.php
<f+++++++ vendor/squizlabs/php_codesniffer/src/Standards/PSR12/Tests/Classes/OpeningBraceSpaceUnitTest.inc
<f+++++++ vendor/squizlabs/php_codesniffer/src/Standards/PSR12/Tests/Classes/OpeningBraceSpaceUnitTest.inc.fixed
<f+++++++ vendor/squizlabs/php_codesniffer/src/Standards/PSR12/Tests/Classes/OpeningBraceSpaceUnitTest.php
cd+++++++ vendor/squizlabs/php_codesniffer/src/Standards/PSR12/Tests/ControlStructures/
<f+++++++ vendor/squizlabs/php_codesniffer/src/Standards/PSR12/Tests/ControlStructures/BooleanOperatorPlacementUnitTest.inc
<f+++++++ vendor/squizlabs/php_codesniffer/src/Standards/PSR12/Tests/ControlStructures/BooleanOperatorPlacementUnitTest.inc.fixed
<f+++++++ vendor/squizlabs/php_codesniffer/src/Standards/PSR12/Tests/ControlStructures/BooleanOperatorPlacementUnitTest.php
<f+++++++ vendor/squizlabs/php_codesniffer/src/Standards/PSR12/Tests/ControlStructures/ControlStructureSpacingUnitTest.inc
<f+++++++ vendor/squizlabs/php_codesniffer/src/Standards/PSR12/Tests/ControlStructures/ControlStructureSpacingUnitTest.inc.fixed
<f+++++++ vendor/squizlabs/php_codesniffer/src/Standards/PSR12/Tests/ControlStructures/ControlStructureSpacingUnitTest.php
cd+++++++ vendor/squizlabs/php_codesniffer/src/Standards/PSR12/Tests/Files/
<f+++++++ vendor/squizlabs/php_codesniffer/src/Standards/PSR12/Tests/Files/DeclareStatementUnitTest.1.inc
<f+++++++ vendor/squizlabs/php_codesniffer/src/Standards/PSR12/Tests/Files/DeclareStatementUnitTest.1.inc.fixed
<f+++++++ vendor/squizlabs/php_codesniffer/src/Standards/PSR12/Tests/Files/DeclareStatementUnitTest.2.inc
<f+++++++ vendor/squizlabs/php_codesniffer/src/Standards/PSR12/Tests/Files/DeclareStatementUnitTest.php
<f+++++++ vendor/squizlabs/php_codesniffer/src/Standards/PSR12/Tests/Files/FileHeaderUnitTest.1.inc
<f+++++++ vendor/squizlabs/php_codesniffer/src/Standards/PSR12/Tests/Files/FileHeaderUnitTest.10.inc
<f+++++++ vendor/squizlabs/php_codesniffer/src/Standards/PSR12/Tests/Files/FileHeaderUnitTest.10.inc.fixed
<f+++++++ vendor/squizlabs/php_codesniffer/src/Standards/PSR12/Tests/Files/FileHeaderUnitTest.11.inc
<f+++++++ vendor/squizlabs/php_codesniffer/src/Standards/PSR12/Tests/Files/FileHeaderUnitTest.11.inc.fixed
<f+++++++ vendor/squizlabs/php_codesniffer/src/Standards/PSR12/Tests/Files/FileHeaderUnitTest.12.inc
<f+++++++ vendor/squizlabs/php_codesniffer/src/Standards/PSR12/Tests/Files/FileHeaderUnitTest.12.inc.fixed
<f+++++++ vendor/squizlabs/php_codesniffer/src/Standards/PSR12/Tests/Files/FileHeaderUnitTest.13.inc
<f+++++++ vendor/squizlabs/php_codesniffer/src/Standards/PSR12/Tests/Files/FileHeaderUnitTest.14.inc
<f+++++++ vendor/squizlabs/php_codesniffer/src/Standards/PSR12/Tests/Files/FileHeaderUnitTest.15.inc
<f+++++++ vendor/squizlabs/php_codesniffer/src/Standards/PSR12/Tests/Files/FileHeaderUnitTest.16.inc
<f+++++++ vendor/squizlabs/php_codesniffer/src/Standards/PSR12/Tests/Files/FileHeaderUnitTest.17.inc
<f+++++++ vendor/squizlabs/php_codesniffer/src/Standards/PSR12/Tests/Files/FileHeaderUnitTest.18.inc
<f+++++++ vendor/squizlabs/php_codesniffer/src/Standards/PSR12/Tests/Files/FileHeaderUnitTest.19.inc
<f+++++++ vendor/squizlabs/php_codesniffer/src/Standards/PSR12/Tests/Files/FileHeaderUnitTest.2.inc
<f+++++++ vendor/squizlabs/php_codesniffer/src/Standards/PSR12/Tests/Files/FileHeaderUnitTest.2.inc.fixed
<f+++++++ vendor/squizlabs/php_codesniffer/src/Standards/PSR12/Tests/Files/FileHeaderUnitTest.3.inc
<f+++++++ vendor/squizlabs/php_codesniffer/src/Standards/PSR12/Tests/Files/FileHeaderUnitTest.4.inc
<f+++++++ vendor/squizlabs/php_codesniffer/src/Standards/PSR12/Tests/Files/FileHeaderUnitTest.4.inc.fixed
<f+++++++ vendor/squizlabs/php_codesniffer/src/Standards/PSR12/Tests/Files/FileHeaderUnitTest.5.inc
<f+++++++ vendor/squizlabs/php_codesniffer/src/Standards/PSR12/Tests/Files/FileHeaderUnitTest.6.inc
<f+++++++ vendor/squizlabs/php_codesniffer/src/Standards/PSR12/Tests/Files/FileHeaderUnitTest.7.inc
<f+++++++ vendor/squizlabs/php_codesniffer/src/Standards/PSR12/Tests/Files/FileHeaderUnitTest.7.inc.fixed
<f+++++++ vendor/squizlabs/php_codesniffer/src/Standards/PSR12/Tests/Files/FileHeaderUnitTest.8.inc
<f+++++++ vendor/squizlabs/php_codesniffer/src/Standards/PSR12/Tests/Files/FileHeaderUnitTest.9.inc
<f+++++++ vendor/squizlabs/php_codesniffer/src/Standards/PSR12/Tests/Files/FileHeaderUnitTest.php
<f+++++++ vendor/squizlabs/php_codesniffer/src/Standards/PSR12/Tests/Files/ImportStatementUnitTest.inc
<f+++++++ vendor/squizlabs/php_codesniffer/src/Standards/PSR12/Tests/Files/ImportStatementUnitTest.inc.fixed
<f+++++++ vendor/squizlabs/php_codesniffer/src/Standards/PSR12/Tests/Files/ImportStatementUnitTest.php
<f+++++++ vendor/squizlabs/php_codesniffer/src/Standards/PSR12/Tests/Files/OpenTagUnitTest.1.inc
<f+++++++ vendor/squizlabs/php_codesniffer/src/Standards/PSR12/Tests/Files/OpenTagUnitTest.2.inc
<f+++++++ vendor/squizlabs/php_codesniffer/src/Standards/PSR12/Tests/Files/OpenTagUnitTest.2.inc.fixed
<f+++++++ vendor/squizlabs/php_codesniffer/src/Standards/PSR12/Tests/Files/OpenTagUnitTest.3.inc
<f+++++++ vendor/squizlabs/php_codesniffer/src/Standards/PSR12/Tests/Files/OpenTagUnitTest.4.inc
<f+++++++ vendor/squizlabs/php_codesniffer/src/Standards/PSR12/Tests/Files/OpenTagUnitTest.5.inc
<f+++++++ vendor/squizlabs/php_codesniffer/src/Standards/PSR12/Tests/Files/OpenTagUnitTest.php
cd+++++++ vendor/squizlabs/php_codesniffer/src/Standards/PSR12/Tests/Functions/
<f+++++++ vendor/squizlabs/php_codesniffer/src/Standards/PSR12/Tests/Functions/NullableTypeDeclarationUnitTest.inc
<f+++++++ vendor/squizlabs/php_codesniffer/src/Standards/PSR12/Tests/Functions/NullableTypeDeclarationUnitTest.inc.fixed
<f+++++++ vendor/squizlabs/php_codesniffer/src/Standards/PSR12/Tests/Functions/NullableTypeDeclarationUnitTest.php
<f+++++++ vendor/squizlabs/php_codesniffer/src/Standards/PSR12/Tests/Functions/ReturnTypeDeclarationUnitTest.inc
<f+++++++ vendor/squizlabs/php_codesniffer/src/Standards/PSR12/Tests/Functions/ReturnTypeDeclarationUnitTest.inc.fixed
<f+++++++ vendor/squizlabs/php_codesniffer/src/Standards/PSR12/Tests/Functions/ReturnTypeDeclarationUnitTest.php
cd+++++++ vendor/squizlabs/php_codesniffer/src/Standards/PSR12/Tests/Keywords/
<f+++++++ vendor/squizlabs/php_codesniffer/src/Standards/PSR12/Tests/Keywords/ShortFormTypeKeywordsUnitTest.inc
<f+++++++ vendor/squizlabs/php_codesniffer/src/Standards/PSR12/Tests/Keywords/ShortFormTypeKeywordsUnitTest.inc.fixed
<f+++++++ vendor/squizlabs/php_codesniffer/src/Standards/PSR12/Tests/Keywords/ShortFormTypeKeywordsUnitTest.php
cd+++++++ vendor/squizlabs/php_codesniffer/src/Standards/PSR12/Tests/Namespaces/
<f+++++++ vendor/squizlabs/php_codesniffer/src/Standards/PSR12/Tests/Namespaces/CompoundNamespaceDepthUnitTest.inc
<f+++++++ vendor/squizlabs/php_codesniffer/src/Standards/PSR12/Tests/Namespaces/CompoundNamespaceDepthUnitTest.php
cd+++++++ vendor/squizlabs/php_codesniffer/src/Standards/PSR12/Tests/Operators/
<f+++++++ vendor/squizlabs/php_codesniffer/src/Standards/PSR12/Tests/Operators/OperatorSpacingUnitTest.1.inc
<f+++++++ vendor/squizlabs/php_codesniffer/src/Standards/PSR12/Tests/Operators/OperatorSpacingUnitTest.1.inc.fixed
<f+++++++ vendor/squizlabs/php_codesniffer/src/Standards/PSR12/Tests/Operators/OperatorSpacingUnitTest.2.inc
<f+++++++ vendor/squizlabs/php_codesniffer/src/Standards/PSR12/Tests/Operators/OperatorSpacingUnitTest.3.inc
<f+++++++ vendor/squizlabs/php_codesniffer/src/Standards/PSR12/Tests/Operators/OperatorSpacingUnitTest.php
cd+++++++ vendor/squizlabs/php_codesniffer/src/Standards/PSR12/Tests/Properties/
<f+++++++ vendor/squizlabs/php_codesniffer/src/Standards/PSR12/Tests/Properties/ConstantVisibilityUnitTest.1.inc
<f+++++++ vendor/squizlabs/php_codesniffer/src/Standards/PSR12/Tests/Properties/ConstantVisibilityUnitTest.2.inc
<f+++++++ vendor/squizlabs/php_codesniffer/src/Standards/PSR12/Tests/Properties/ConstantVisibilityUnitTest.php
cd+++++++ vendor/squizlabs/php_codesniffer/src/Standards/PSR12/Tests/Traits/
<f+++++++ vendor/squizlabs/php_codesniffer/src/Standards/PSR12/Tests/Traits/UseDeclarationUnitTest.inc
<f+++++++ vendor/squizlabs/php_codesniffer/src/Standards/PSR12/Tests/Traits/UseDeclarationUnitTest.inc.fixed
<f+++++++ vendor/squizlabs/php_codesniffer/src/Standards/PSR12/Tests/Traits/UseDeclarationUnitTest.php
cd+++++++ vendor/squizlabs/php_codesniffer/src/Standards/PSR2/
<f+++++++ vendor/squizlabs/php_codesniffer/src/Standards/PSR2/ruleset.xml
cd+++++++ vendor/squizlabs/php_codesniffer/src/Standards/PSR2/Docs/
cd+++++++ vendor/squizlabs/php_codesniffer/src/Standards/PSR2/Docs/Classes/
<f+++++++ vendor/squizlabs/php_codesniffer/src/Standards/PSR2/Docs/Classes/ClassDeclarationStandard.xml
<f+++++++ vendor/squizlabs/php_codesniffer/src/Standards/PSR2/Docs/Classes/PropertyDeclarationStandard.xml
cd+++++++ vendor/squizlabs/php_codesniffer/src/Standards/PSR2/Docs/ControlStructures/
<f+++++++ vendor/squizlabs/php_codesniffer/src/Standards/PSR2/Docs/ControlStructures/ControlStructureSpacingStandard.xml
<f+++++++ vendor/squizlabs/php_codesniffer/src/Standards/PSR2/Docs/ControlStructures/ElseIfDeclarationStandard.xml
<f+++++++ vendor/squizlabs/php_codesniffer/src/Standards/PSR2/Docs/ControlStructures/SwitchDeclarationStandard.xml
cd+++++++ vendor/squizlabs/php_codesniffer/src/Standards/PSR2/Docs/Files/
<f+++++++ vendor/squizlabs/php_codesniffer/src/Standards/PSR2/Docs/Files/ClosingTagStandard.xml
<f+++++++ vendor/squizlabs/php_codesniffer/src/Standards/PSR2/Docs/Files/EndFileNewlineStandard.xml
cd+++++++ vendor/squizlabs/php_codesniffer/src/Standards/PSR2/Docs/Methods/
<f+++++++ vendor/squizlabs/php_codesniffer/src/Standards/PSR2/Docs/Methods/FunctionCallSignatureStandard.xml
<f+++++++ vendor/squizlabs/php_codesniffer/src/Standards/PSR2/Docs/Methods/FunctionClosingBraceStandard.xml
<f+++++++ vendor/squizlabs/php_codesniffer/src/Standards/PSR2/Docs/Methods/MethodDeclarationStandard.xml
cd+++++++ vendor/squizlabs/php_codesniffer/src/Standards/PSR2/Docs/Namespaces/
<f+++++++ vendor/squizlabs/php_codesniffer/src/Standards/PSR2/Docs/Namespaces/NamespaceDeclarationStandard.xml
<f+++++++ vendor/squizlabs/php_codesniffer/src/Standards/PSR2/Docs/Namespaces/UseDeclarationStandard.xml
cd+++++++ vendor/squizlabs/php_codesniffer/src/Standards/PSR2/Sniffs/
cd+++++++ vendor/squizlabs/php_codesniffer/src/Standards/PSR2/Sniffs/Classes/
<f+++++++ vendor/squizlabs/php_codesniffer/src/Standards/PSR2/Sniffs/Classes/ClassDeclarationSniff.php
<f+++++++ vendor/squizlabs/php_codesniffer/src/Standards/PSR2/Sniffs/Classes/PropertyDeclarationSniff.php
cd+++++++ vendor/squizlabs/php_codesniffer/src/Standards/PSR2/Sniffs/ControlStructures/
<f+++++++ vendor/squizlabs/php_codesniffer/src/Standards/PSR2/Sniffs/ControlStructures/ControlStructureSpacingSniff.php
<f+++++++ vendor/squizlabs/php_codesniffer/src/Standards/PSR2/Sniffs/ControlStructures/ElseIfDeclarationSniff.php
<f+++++++ vendor/squizlabs/php_codesniffer/src/Standards/PSR2/Sniffs/ControlStructures/SwitchDeclarationSniff.php
cd+++++++ vendor/squizlabs/php_codesniffer/src/Standards/PSR2/Sniffs/Files/
<f+++++++ vendor/squizlabs/php_codesniffer/src/Standards/PSR2/Sniffs/Files/ClosingTagSniff.php
<f+++++++ vendor/squizlabs/php_codesniffer/src/Standards/PSR2/Sniffs/Files/EndFileNewlineSniff.php
cd+++++++ vendor/squizlabs/php_codesniffer/src/Standards/PSR2/Sniffs/Methods/
<f+++++++ vendor/squizlabs/php_codesniffer/src/Standards/PSR2/Sniffs/Methods/FunctionCallSignatureSniff.php
<f+++++++ vendor/squizlabs/php_codesniffer/src/Standards/PSR2/Sniffs/Methods/FunctionClosingBraceSniff.php
<f+++++++ vendor/squizlabs/php_codesniffer/src/Standards/PSR2/Sniffs/Methods/MethodDeclarationSniff.php
cd+++++++ vendor/squizlabs/php_codesniffer/src/Standards/PSR2/Sniffs/Namespaces/
<f+++++++ vendor/squizlabs/php_codesniffer/src/Standards/PSR2/Sniffs/Namespaces/NamespaceDeclarationSniff.php
<f+++++++ vendor/squizlabs/php_codesniffer/src/Standards/PSR2/Sniffs/Namespaces/UseDeclarationSniff.php
cd+++++++ vendor/squizlabs/php_codesniffer/src/Standards/PSR2/Tests/
cd+++++++ vendor/squizlabs/php_codesniffer/src/Standards/PSR2/Tests/Classes/
<f+++++++ vendor/squizlabs/php_codesniffer/src/Standards/PSR2/Tests/Classes/ClassDeclarationUnitTest.inc
<f+++++++ vendor/squizlabs/php_codesniffer/src/Standards/PSR2/Tests/Classes/ClassDeclarationUnitTest.inc.fixed
<f+++++++ vendor/squizlabs/php_codesniffer/src/Standards/PSR2/Tests/Classes/ClassDeclarationUnitTest.php
<f+++++++ vendor/squizlabs/php_codesniffer/src/Standards/PSR2/Tests/Classes/PropertyDeclarationUnitTest.inc
<f+++++++ vendor/squizlabs/php_codesniffer/src/Standards/PSR2/Tests/Classes/PropertyDeclarationUnitTest.inc.fixed
<f+++++++ vendor/squizlabs/php_codesniffer/src/Standards/PSR2/Tests/Classes/PropertyDeclarationUnitTest.php
cd+++++++ vendor/squizlabs/php_codesniffer/src/Standards/PSR2/Tests/ControlStructures/
<f+++++++ vendor/squizlabs/php_codesniffer/src/Standards/PSR2/Tests/ControlStructures/ControlStructureSpacingUnitTest.inc
<f+++++++ vendor/squizlabs/php_codesniffer/src/Standards/PSR2/Tests/ControlStructures/ControlStructureSpacingUnitTest.inc.fixed
<f+++++++ vendor/squizlabs/php_codesniffer/src/Standards/PSR2/Tests/ControlStructures/ControlStructureSpacingUnitTest.php
<f+++++++ vendor/squizlabs/php_codesniffer/src/Standards/PSR2/Tests/ControlStructures/ElseIfDeclarationUnitTest.inc
<f+++++++ vendor/squizlabs/php_codesniffer/src/Standards/PSR2/Tests/ControlStructures/ElseIfDeclarationUnitTest.inc.fixed
<f+++++++ vendor/squizlabs/php_codesniffer/src/Standards/PSR2/Tests/ControlStructures/ElseIfDeclarationUnitTest.php
<f+++++++ vendor/squizlabs/php_codesniffer/src/Standards/PSR2/Tests/ControlStructures/SwitchDeclarationUnitTest.inc
<f+++++++ vendor/squizlabs/php_codesniffer/src/Standards/PSR2/Tests/ControlStructures/SwitchDeclarationUnitTest.inc.fixed
<f+++++++ vendor/squizlabs/php_codesniffer/src/Standards/PSR2/Tests/ControlStructures/SwitchDeclarationUnitTest.php
cd+++++++ vendor/squizlabs/php_codesniffer/src/Standards/PSR2/Tests/Files/
<f+++++++ vendor/squizlabs/php_codesniffer/src/Standards/PSR2/Tests/Files/ClosingTagUnitTest.1.inc
<f+++++++ vendor/squizlabs/php_codesniffer/src/Standards/PSR2/Tests/Files/ClosingTagUnitTest.1.inc.fixed
<f+++++++ vendor/squizlabs/php_codesniffer/src/Standards/PSR2/Tests/Files/ClosingTagUnitTest.2.inc
<f+++++++ vendor/squizlabs/php_codesniffer/src/Standards/PSR2/Tests/Files/ClosingTagUnitTest.3.inc
<f+++++++ vendor/squizlabs/php_codesniffer/src/Standards/PSR2/Tests/Files/ClosingTagUnitTest.4.inc
<f+++++++ vendor/squizlabs/php_codesniffer/src/Standards/PSR2/Tests/Files/ClosingTagUnitTest.4.inc.fixed
<f+++++++ vendor/squizlabs/php_codesniffer/src/Standards/PSR2/Tests/Files/ClosingTagUnitTest.5.inc
<f+++++++ vendor/squizlabs/php_codesniffer/src/Standards/PSR2/Tests/Files/ClosingTagUnitTest.5.inc.fixed
<f+++++++ vendor/squizlabs/php_codesniffer/src/Standards/PSR2/Tests/Files/ClosingTagUnitTest.6.inc
<f+++++++ vendor/squizlabs/php_codesniffer/src/Standards/PSR2/Tests/Files/ClosingTagUnitTest.6.inc.fixed
<f+++++++ vendor/squizlabs/php_codesniffer/src/Standards/PSR2/Tests/Files/ClosingTagUnitTest.7.inc
<f+++++++ vendor/squizlabs/php_codesniffer/src/Standards/PSR2/Tests/Files/ClosingTagUnitTest.7.inc.fixed
<f+++++++ vendor/squizlabs/php_codesniffer/src/Standards/PSR2/Tests/Files/ClosingTagUnitTest.php
<f+++++++ vendor/squizlabs/php_codesniffer/src/Standards/PSR2/Tests/Files/EndFileNewlineUnitTest.1.inc
<f+++++++ vendor/squizlabs/php_codesniffer/src/Standards/PSR2/Tests/Files/EndFileNewlineUnitTest.1.inc.fixed
<f+++++++ vendor/squizlabs/php_codesniffer/src/Standards/PSR2/Tests/Files/EndFileNewlineUnitTest.10.inc
<f+++++++ vendor/squizlabs/php_codesniffer/src/Standards/PSR2/Tests/Files/EndFileNewlineUnitTest.10.inc.fixed
<f+++++++ vendor/squizlabs/php_codesniffer/src/Standards/PSR2/Tests/Files/EndFileNewlineUnitTest.11.inc
<f+++++++ vendor/squizlabs/php_codesniffer/src/Standards/PSR2/Tests/Files/EndFileNewlineUnitTest.11.inc.fixed
<f+++++++ vendor/squizlabs/php_codesniffer/src/Standards/PSR2/Tests/Files/EndFileNewlineUnitTest.12.inc
<f+++++++ vendor/squizlabs/php_codesniffer/src/Standards/PSR2/Tests/Files/EndFileNewlineUnitTest.12.inc.fixed
<f+++++++ vendor/squizlabs/php_codesniffer/src/Standards/PSR2/Tests/Files/EndFileNewlineUnitTest.13.inc
<f+++++++ vendor/squizlabs/php_codesniffer/src/Standards/PSR2/Tests/Files/EndFileNewlineUnitTest.13.inc.fixed
<f+++++++ vendor/squizlabs/php_codesniffer/src/Standards/PSR2/Tests/Files/EndFileNewlineUnitTest.14.inc
<f+++++++ vendor/squizlabs/php_codesniffer/src/Standards/PSR2/Tests/Files/EndFileNewlineUnitTest.2.inc
<f+++++++ vendor/squizlabs/php_codesniffer/src/Standards/PSR2/Tests/Files/EndFileNewlineUnitTest.3.inc
<f+++++++ vendor/squizlabs/php_codesniffer/src/Standards/PSR2/Tests/Files/EndFileNewlineUnitTest.3.inc.fixed
<f+++++++ vendor/squizlabs/php_codesniffer/src/Standards/PSR2/Tests/Files/EndFileNewlineUnitTest.4.inc
<f+++++++ vendor/squizlabs/php_codesniffer/src/Standards/PSR2/Tests/Files/EndFileNewlineUnitTest.5.inc
<f+++++++ vendor/squizlabs/php_codesniffer/src/Standards/PSR2/Tests/Files/EndFileNewlineUnitTest.6.inc
<f+++++++ vendor/squizlabs/php_codesniffer/src/Standards/PSR2/Tests/Files/EndFileNewlineUnitTest.6.inc.fixed
<f+++++++ vendor/squizlabs/php_codesniffer/src/Standards/PSR2/Tests/Files/EndFileNewlineUnitTest.7.inc
<f+++++++ vendor/squizlabs/php_codesniffer/src/Standards/PSR2/Tests/Files/EndFileNewlineUnitTest.7.inc.fixed
<f+++++++ vendor/squizlabs/php_codesniffer/src/Standards/PSR2/Tests/Files/EndFileNewlineUnitTest.8.inc
<f+++++++ vendor/squizlabs/php_codesniffer/src/Standards/PSR2/Tests/Files/EndFileNewlineUnitTest.9.inc
<f+++++++ vendor/squizlabs/php_codesniffer/src/Standards/PSR2/Tests/Files/EndFileNewlineUnitTest.9.inc.fixed
<f+++++++ vendor/squizlabs/php_codesniffer/src/Standards/PSR2/Tests/Files/EndFileNewlineUnitTest.php
cd+++++++ vendor/squizlabs/php_codesniffer/src/Standards/PSR2/Tests/Methods/
<f+++++++ vendor/squizlabs/php_codesniffer/src/Standards/PSR2/Tests/Methods/FunctionCallSignatureUnitTest.inc
<f+++++++ vendor/squizlabs/php_codesniffer/src/Standards/PSR2/Tests/Methods/FunctionCallSignatureUnitTest.inc.fixed
<f+++++++ vendor/squizlabs/php_codesniffer/src/Standards/PSR2/Tests/Methods/FunctionCallSignatureUnitTest.php
<f+++++++ vendor/squizlabs/php_codesniffer/src/Standards/PSR2/Tests/Methods/FunctionClosingBraceUnitTest.inc
<f+++++++ vendor/squizlabs/php_codesniffer/src/Standards/PSR2/Tests/Methods/FunctionClosingBraceUnitTest.inc.fixed
<f+++++++ vendor/squizlabs/php_codesniffer/src/Standards/PSR2/Tests/Methods/FunctionClosingBraceUnitTest.php
<f+++++++ vendor/squizlabs/php_codesniffer/src/Standards/PSR2/Tests/Methods/MethodDeclarationUnitTest.inc
<f+++++++ vendor/squizlabs/php_codesniffer/src/Standards/PSR2/Tests/Methods/MethodDeclarationUnitTest.inc.fixed
<f+++++++ vendor/squizlabs/php_codesniffer/src/Standards/PSR2/Tests/Methods/MethodDeclarationUnitTest.php
cd+++++++ vendor/squizlabs/php_codesniffer/src/Standards/PSR2/Tests/Namespaces/
<f+++++++ vendor/squizlabs/php_codesniffer/src/Standards/PSR2/Tests/Namespaces/NamespaceDeclarationUnitTest.inc
<f+++++++ vendor/squizlabs/php_codesniffer/src/Standards/PSR2/Tests/Namespaces/NamespaceDeclarationUnitTest.inc.fixed
<f+++++++ vendor/squizlabs/php_codesniffer/src/Standards/PSR2/Tests/Namespaces/NamespaceDeclarationUnitTest.php
<f+++++++ vendor/squizlabs/php_codesniffer/src/Standards/PSR2/Tests/Namespaces/UseDeclarationUnitTest.1.inc
<f+++++++ vendor/squizlabs/php_codesniffer/src/Standards/PSR2/Tests/Namespaces/UseDeclarationUnitTest.10.inc
<f+++++++ vendor/squizlabs/php_codesniffer/src/Standards/PSR2/Tests/Namespaces/UseDeclarationUnitTest.10.inc.fixed
<f+++++++ vendor/squizlabs/php_codesniffer/src/Standards/PSR2/Tests/Namespaces/UseDeclarationUnitTest.11.inc
<f+++++++ vendor/squizlabs/php_codesniffer/src/Standards/PSR2/Tests/Namespaces/UseDeclarationUnitTest.11.inc.fixed
<f+++++++ vendor/squizlabs/php_codesniffer/src/Standards/PSR2/Tests/Namespaces/UseDeclarationUnitTest.12.inc
<f+++++++ vendor/squizlabs/php_codesniffer/src/Standards/PSR2/Tests/Namespaces/UseDeclarationUnitTest.12.inc.fixed
<f+++++++ vendor/squizlabs/php_codesniffer/src/Standards/PSR2/Tests/Namespaces/UseDeclarationUnitTest.13.inc
<f+++++++ vendor/squizlabs/php_codesniffer/src/Standards/PSR2/Tests/Namespaces/UseDeclarationUnitTest.13.inc.fixed
<f+++++++ vendor/squizlabs/php_codesniffer/src/Standards/PSR2/Tests/Namespaces/UseDeclarationUnitTest.14.inc
<f+++++++ vendor/squizlabs/php_codesniffer/src/Standards/PSR2/Tests/Namespaces/UseDeclarationUnitTest.14.inc.fixed
<f+++++++ vendor/squizlabs/php_codesniffer/src/Standards/PSR2/Tests/Namespaces/UseDeclarationUnitTest.15.inc
<f+++++++ vendor/squizlabs/php_codesniffer/src/Standards/PSR2/Tests/Namespaces/UseDeclarationUnitTest.16.inc
<f+++++++ vendor/squizlabs/php_codesniffer/src/Standards/PSR2/Tests/Namespaces/UseDeclarationUnitTest.16.inc.fixed
<f+++++++ vendor/squizlabs/php_codesniffer/src/Standards/PSR2/Tests/Namespaces/UseDeclarationUnitTest.17.inc
<f+++++++ vendor/squizlabs/php_codesniffer/src/Standards/PSR2/Tests/Namespaces/UseDeclarationUnitTest.18.inc
<f+++++++ vendor/squizlabs/php_codesniffer/src/Standards/PSR2/Tests/Namespaces/UseDeclarationUnitTest.2.inc
<f+++++++ vendor/squizlabs/php_codesniffer/src/Standards/PSR2/Tests/Namespaces/UseDeclarationUnitTest.2.inc.fixed
<f+++++++ vendor/squizlabs/php_codesniffer/src/Standards/PSR2/Tests/Namespaces/UseDeclarationUnitTest.3.inc
<f+++++++ vendor/squizlabs/php_codesniffer/src/Standards/PSR2/Tests/Namespaces/UseDeclarationUnitTest.3.inc.fixed
<f+++++++ vendor/squizlabs/php_codesniffer/src/Standards/PSR2/Tests/Namespaces/UseDeclarationUnitTest.4.inc
<f+++++++ vendor/squizlabs/php_codesniffer/src/Standards/PSR2/Tests/Namespaces/UseDeclarationUnitTest.5.inc
<f+++++++ vendor/squizlabs/php_codesniffer/src/Standards/PSR2/Tests/Namespaces/UseDeclarationUnitTest.5.inc.fixed
<f+++++++ vendor/squizlabs/php_codesniffer/src/Standards/PSR2/Tests/Namespaces/UseDeclarationUnitTest.6.inc
<f+++++++ vendor/squizlabs/php_codesniffer/src/Standards/PSR2/Tests/Namespaces/UseDeclarationUnitTest.7.inc
<f+++++++ vendor/squizlabs/php_codesniffer/src/Standards/PSR2/Tests/Namespaces/UseDeclarationUnitTest.8.inc
<f+++++++ vendor/squizlabs/php_codesniffer/src/Standards/PSR2/Tests/Namespaces/UseDeclarationUnitTest.9.inc
<f+++++++ vendor/squizlabs/php_codesniffer/src/Standards/PSR2/Tests/Namespaces/UseDeclarationUnitTest.php
cd+++++++ vendor/squizlabs/php_codesniffer/src/Standards/Squiz/
<f+++++++ vendor/squizlabs/php_codesniffer/src/Standards/Squiz/ruleset.xml
cd+++++++ vendor/squizlabs/php_codesniffer/src/Standards/Squiz/Docs/
cd+++++++ vendor/squizlabs/php_codesniffer/src/Standards/Squiz/Docs/Arrays/
<f+++++++ vendor/squizlabs/php_codesniffer/src/Standards/Squiz/Docs/Arrays/ArrayBracketSpacingStandard.xml
<f+++++++ vendor/squizlabs/php_codesniffer/src/Standards/Squiz/Docs/Arrays/ArrayDeclarationStandard.xml
cd+++++++ vendor/squizlabs/php_codesniffer/src/Standards/Squiz/Docs/Classes/
<f+++++++ vendor/squizlabs/php_codesniffer/src/Standards/Squiz/Docs/Classes/ClassFileNameStandard.xml
<f+++++++ vendor/squizlabs/php_codesniffer/src/Standards/Squiz/Docs/Classes/LowercaseClassKeywordsStandard.xml
<f+++++++ vendor/squizlabs/php_codesniffer/src/Standards/Squiz/Docs/Classes/SelfMemberReferenceStandard.xml
<f+++++++ vendor/squizlabs/php_codesniffer/src/Standards/Squiz/Docs/Classes/ValidClassNameStandard.xml
cd+++++++ vendor/squizlabs/php_codesniffer/src/Standards/Squiz/Docs/Commenting/
<f+++++++ vendor/squizlabs/php_codesniffer/src/Standards/Squiz/Docs/Commenting/BlockCommentStandard.xml
<f+++++++ vendor/squizlabs/php_codesniffer/src/Standards/Squiz/Docs/Commenting/DocCommentAlignmentStandard.xml
<f+++++++ vendor/squizlabs/php_codesniffer/src/Standards/Squiz/Docs/Commenting/FunctionCommentThrowTagStandard.xml
cd+++++++ vendor/squizlabs/php_codesniffer/src/Standards/Squiz/Docs/ControlStructures/
<f+++++++ vendor/squizlabs/php_codesniffer/src/Standards/Squiz/Docs/ControlStructures/ForEachLoopDeclarationStandard.xml
<f+++++++ vendor/squizlabs/php_codesniffer/src/Standards/Squiz/Docs/ControlStructures/ForLoopDeclarationStandard.xml
<f+++++++ vendor/squizlabs/php_codesniffer/src/Standards/Squiz/Docs/ControlStructures/LowercaseDeclarationStandard.xml
cd+++++++ vendor/squizlabs/php_codesniffer/src/Standards/Squiz/Docs/Functions/
<f+++++++ vendor/squizlabs/php_codesniffer/src/Standards/Squiz/Docs/Functions/LowercaseFunctionKeywordsStandard.xml
cd+++++++ vendor/squizlabs/php_codesniffer/src/Standards/Squiz/Docs/PHP/
<f+++++++ vendor/squizlabs/php_codesniffer/src/Standards/Squiz/Docs/PHP/HeredocStandard.xml
cd+++++++ vendor/squizlabs/php_codesniffer/src/Standards/Squiz/Docs/Scope/
<f+++++++ vendor/squizlabs/php_codesniffer/src/Standards/Squiz/Docs/Scope/StaticThisUsageStandard.xml
cd+++++++ vendor/squizlabs/php_codesniffer/src/Standards/Squiz/Docs/Strings/
<f+++++++ vendor/squizlabs/php_codesniffer/src/Standards/Squiz/Docs/Strings/EchoedStringsStandard.xml
cd+++++++ vendor/squizlabs/php_codesniffer/src/Standards/Squiz/Docs/WhiteSpace/
<f+++++++ vendor/squizlabs/php_codesniffer/src/Standards/Squiz/Docs/WhiteSpace/CastSpacingStandard.xml
<f+++++++ vendor/squizlabs/php_codesniffer/src/Standards/Squiz/Docs/WhiteSpace/FunctionClosingBraceSpaceStandard.xml
<f+++++++ vendor/squizlabs/php_codesniffer/src/Standards/Squiz/Docs/WhiteSpace/FunctionOpeningBraceSpaceStandard.xml
<f+++++++ vendor/squizlabs/php_codesniffer/src/Standards/Squiz/Docs/WhiteSpace/LanguageConstructSpacingStandard.xml
<f+++++++ vendor/squizlabs/php_codesniffer/src/Standards/Squiz/Docs/WhiteSpace/MemberVarSpacingStandard.xml
<f+++++++ vendor/squizlabs/php_codesniffer/src/Standards/Squiz/Docs/WhiteSpace/ObjectOperatorSpacingStandard.xml
<f+++++++ vendor/squizlabs/php_codesniffer/src/Standards/Squiz/Docs/WhiteSpace/ScopeClosingBraceStandard.xml
<f+++++++ vendor/squizlabs/php_codesniffer/src/Standards/Squiz/Docs/WhiteSpace/ScopeKeywordSpacingStandard.xml
<f+++++++ vendor/squizlabs/php_codesniffer/src/Standards/Squiz/Docs/WhiteSpace/SemicolonSpacingStandard.xml
<f+++++++ vendor/squizlabs/php_codesniffer/src/Standards/Squiz/Docs/WhiteSpace/SuperfluousWhitespaceStandard.xml
cd+++++++ vendor/squizlabs/php_codesniffer/src/Standards/Squiz/Sniffs/
cd+++++++ vendor/squizlabs/php_codesniffer/src/Standards/Squiz/Sniffs/Arrays/
<f+++++++ vendor/squizlabs/php_codesniffer/src/Standards/Squiz/Sniffs/Arrays/ArrayBracketSpacingSniff.php
<f+++++++ vendor/squizlabs/php_codesniffer/src/Standards/Squiz/Sniffs/Arrays/ArrayDeclarationSniff.php
cd+++++++ vendor/squizlabs/php_codesniffer/src/Standards/Squiz/Sniffs/CSS/
<f+++++++ vendor/squizlabs/php_codesniffer/src/Standards/Squiz/Sniffs/CSS/ClassDefinitionClosingBraceSpaceSniff.php
<f+++++++ vendor/squizlabs/php_codesniffer/src/Standards/Squiz/Sniffs/CSS/ClassDefinitionNameSpacingSniff.php
<f+++++++ vendor/squizlabs/php_codesniffer/src/Standards/Squiz/Sniffs/CSS/ClassDefinitionOpeningBraceSpaceSniff.php
<f+++++++ vendor/squizlabs/php_codesniffer/src/Standards/Squiz/Sniffs/CSS/ColonSpacingSniff.php
<f+++++++ vendor/squizlabs/php_codesniffer/src/Standards/Squiz/Sniffs/CSS/ColourDefinitionSniff.php
<f+++++++ vendor/squizlabs/php_codesniffer/src/Standards/Squiz/Sniffs/CSS/DisallowMultipleStyleDefinitionsSniff.php
<f+++++++ vendor/squizlabs/php_codesniffer/src/Standards/Squiz/Sniffs/CSS/DuplicateClassDefinitionSniff.php
<f+++++++ vendor/squizlabs/php_codesniffer/src/Standards/Squiz/Sniffs/CSS/DuplicateStyleDefinitionSniff.php
<f+++++++ vendor/squizlabs/php_codesniffer/src/Standards/Squiz/Sniffs/CSS/EmptyClassDefinitionSniff.php
<f+++++++ vendor/squizlabs/php_codesniffer/src/Standards/Squiz/Sniffs/CSS/EmptyStyleDefinitionSniff.php
<f+++++++ vendor/squizlabs/php_codesniffer/src/Standards/Squiz/Sniffs/CSS/ForbiddenStylesSniff.php
<f+++++++ vendor/squizlabs/php_codesniffer/src/Standards/Squiz/Sniffs/CSS/IndentationSniff.php
<f+++++++ vendor/squizlabs/php_codesniffer/src/Standards/Squiz/Sniffs/CSS/LowercaseStyleDefinitionSniff.php
<f+++++++ vendor/squizlabs/php_codesniffer/src/Standards/Squiz/Sniffs/CSS/MissingColonSniff.php
<f+++++++ vendor/squizlabs/php_codesniffer/src/Standards/Squiz/Sniffs/CSS/NamedColoursSniff.php
<f+++++++ vendor/squizlabs/php_codesniffer/src/Standards/Squiz/Sniffs/CSS/OpacitySniff.php
<f+++++++ vendor/squizlabs/php_codesniffer/src/Standards/Squiz/Sniffs/CSS/SemicolonSpacingSniff.php
<f+++++++ vendor/squizlabs/php_codesniffer/src/Standards/Squiz/Sniffs/CSS/ShorthandSizeSniff.php
cd+++++++ vendor/squizlabs/php_codesniffer/src/Standards/Squiz/Sniffs/Classes/
<f+++++++ vendor/squizlabs/php_codesniffer/src/Standards/Squiz/Sniffs/Classes/ClassDeclarationSniff.php
<f+++++++ vendor/squizlabs/php_codesniffer/src/Standards/Squiz/Sniffs/Classes/ClassFileNameSniff.php
<f+++++++ vendor/squizlabs/php_codesniffer/src/Standards/Squiz/Sniffs/Classes/DuplicatePropertySniff.php
<f+++++++ vendor/squizlabs/php_codesniffer/src/Standards/Squiz/Sniffs/Classes/LowercaseClassKeywordsSniff.php
<f+++++++ vendor/squizlabs/php_codesniffer/src/Standards/Squiz/Sniffs/Classes/SelfMemberReferenceSniff.php
<f+++++++ vendor/squizlabs/php_codesniffer/src/Standards/Squiz/Sniffs/Classes/ValidClassNameSniff.php
cd+++++++ vendor/squizlabs/php_codesniffer/src/Standards/Squiz/Sniffs/Commenting/
<f+++++++ vendor/squizlabs/php_codesniffer/src/Standards/Squiz/Sniffs/Commenting/BlockCommentSniff.php
<f+++++++ vendor/squizlabs/php_codesniffer/src/Standards/Squiz/Sniffs/Commenting/ClassCommentSniff.php
<f+++++++ vendor/squizlabs/php_codesniffer/src/Standards/Squiz/Sniffs/Commenting/ClosingDeclarationCommentSniff.php
<f+++++++ vendor/squizlabs/php_codesniffer/src/Standards/Squiz/Sniffs/Commenting/DocCommentAlignmentSniff.php
<f+++++++ vendor/squizlabs/php_codesniffer/src/Standards/Squiz/Sniffs/Commenting/EmptyCatchCommentSniff.php
<f+++++++ vendor/squizlabs/php_codesniffer/src/Standards/Squiz/Sniffs/Commenting/FileCommentSniff.php
<f+++++++ vendor/squizlabs/php_codesniffer/src/Standards/Squiz/Sniffs/Commenting/FunctionCommentSniff.php
<f+++++++ vendor/squizlabs/php_codesniffer/src/Standards/Squiz/Sniffs/Commenting/FunctionCommentThrowTagSniff.php
<f+++++++ vendor/squizlabs/php_codesniffer/src/Standards/Squiz/Sniffs/Commenting/InlineCommentSniff.php
<f+++++++ vendor/squizlabs/php_codesniffer/src/Standards/Squiz/Sniffs/Commenting/LongConditionClosingCommentSniff.php
<f+++++++ vendor/squizlabs/php_codesniffer/src/Standards/Squiz/Sniffs/Commenting/PostStatementCommentSniff.php
<f+++++++ vendor/squizlabs/php_codesniffer/src/Standards/Squiz/Sniffs/Commenting/VariableCommentSniff.php
cd+++++++ vendor/squizlabs/php_codesniffer/src/Standards/Squiz/Sniffs/ControlStructures/
<f+++++++ vendor/squizlabs/php_codesniffer/src/Standards/Squiz/Sniffs/ControlStructures/ControlSignatureSniff.php
<f+++++++ vendor/squizlabs/php_codesniffer/src/Standards/Squiz/Sniffs/ControlStructures/ElseIfDeclarationSniff.php
<f+++++++ vendor/squizlabs/php_codesniffer/src/Standards/Squiz/Sniffs/ControlStructures/ForEachLoopDeclarationSniff.php
<f+++++++ vendor/squizlabs/php_codesniffer/src/Standards/Squiz/Sniffs/ControlStructures/ForLoopDeclarationSniff.php
<f+++++++ vendor/squizlabs/php_codesniffer/src/Standards/Squiz/Sniffs/ControlStructures/InlineIfDeclarationSniff.php
<f+++++++ vendor/squizlabs/php_codesniffer/src/Standards/Squiz/Sniffs/ControlStructures/LowercaseDeclarationSniff.php
<f+++++++ vendor/squizlabs/php_codesniffer/src/Standards/Squiz/Sniffs/ControlStructures/SwitchDeclarationSniff.php
cd+++++++ vendor/squizlabs/php_codesniffer/src/Standards/Squiz/Sniffs/Debug/
<f+++++++ vendor/squizlabs/php_codesniffer/src/Standards/Squiz/Sniffs/Debug/JSLintSniff.php
<f+++++++ vendor/squizlabs/php_codesniffer/src/Standards/Squiz/Sniffs/Debug/JavaScriptLintSniff.php
cd+++++++ vendor/squizlabs/php_codesniffer/src/Standards/Squiz/Sniffs/Files/
<f+++++++ vendor/squizlabs/php_codesniffer/src/Standards/Squiz/Sniffs/Files/FileExtensionSniff.php
cd+++++++ vendor/squizlabs/php_codesniffer/src/Standards/Squiz/Sniffs/Formatting/
<f+++++++ vendor/squizlabs/php_codesniffer/src/Standards/Squiz/Sniffs/Formatting/OperatorBracketSniff.php
cd+++++++ vendor/squizlabs/php_codesniffer/src/Standards/Squiz/Sniffs/Functions/
<f+++++++ vendor/squizlabs/php_codesniffer/src/Standards/Squiz/Sniffs/Functions/FunctionDeclarationArgumentSpacingSniff.php
<f+++++++ vendor/squizlabs/php_codesniffer/src/Standards/Squiz/Sniffs/Functions/FunctionDeclarationSniff.php
<f+++++++ vendor/squizlabs/php_codesniffer/src/Standards/Squiz/Sniffs/Functions/FunctionDuplicateArgumentSniff.php
<f+++++++ vendor/squizlabs/php_codesniffer/src/Standards/Squiz/Sniffs/Functions/GlobalFunctionSniff.php
<f+++++++ vendor/squizlabs/php_codesniffer/src/Standards/Squiz/Sniffs/Functions/LowercaseFunctionKeywordsSniff.php
<f+++++++ vendor/squizlabs/php_codesniffer/src/Standards/Squiz/Sniffs/Functions/MultiLineFunctionDeclarationSniff.php
cd+++++++ vendor/squizlabs/php_codesniffer/src/Standards/Squiz/Sniffs/NamingConventions/
<f+++++++ vendor/squizlabs/php_codesniffer/src/Standards/Squiz/Sniffs/NamingConventions/ValidFunctionNameSniff.php
<f+++++++ vendor/squizlabs/php_codesniffer/src/Standards/Squiz/Sniffs/NamingConventions/ValidVariableNameSniff.php
cd+++++++ vendor/squizlabs/php_codesniffer/src/Standards/Squiz/Sniffs/Objects/
<f+++++++ vendor/squizlabs/php_codesniffer/src/Standards/Squiz/Sniffs/Objects/DisallowObjectStringIndexSniff.php
<f+++++++ vendor/squizlabs/php_codesniffer/src/Standards/Squiz/Sniffs/Objects/ObjectInstantiationSniff.php
<f+++++++ vendor/squizlabs/php_codesniffer/src/Standards/Squiz/Sniffs/Objects/ObjectMemberCommaSniff.php
cd+++++++ vendor/squizlabs/php_codesniffer/src/Standards/Squiz/Sniffs/Operators/
<f+++++++ vendor/squizlabs/php_codesniffer/src/Standards/Squiz/Sniffs/Operators/ComparisonOperatorUsageSniff.php
<f+++++++ vendor/squizlabs/php_codesniffer/src/Standards/Squiz/Sniffs/Operators/IncrementDecrementUsageSniff.php
<f+++++++ vendor/squizlabs/php_codesniffer/src/Standards/Squiz/Sniffs/Operators/ValidLogicalOperatorsSniff.php
cd+++++++ vendor/squizlabs/php_codesniffer/src/Standards/Squiz/Sniffs/PHP/
<f+++++++ vendor/squizlabs/php_codesniffer/src/Standards/Squiz/Sniffs/PHP/CommentedOutCodeSniff.php
<f+++++++ vendor/squizlabs/php_codesniffer/src/Standards/Squiz/Sniffs/PHP/DisallowBooleanStatementSniff.php
<f+++++++ vendor/squizlabs/php_codesniffer/src/Standards/Squiz/Sniffs/PHP/DisallowComparisonAssignmentSniff.php
<f+++++++ vendor/squizlabs/php_codesniffer/src/Standards/Squiz/Sniffs/PHP/DisallowInlineIfSniff.php
<f+++++++ vendor/squizlabs/php_codesniffer/src/Standards/Squiz/Sniffs/PHP/DisallowMultipleAssignmentsSniff.php
<f+++++++ vendor/squizlabs/php_codesniffer/src/Standards/Squiz/Sniffs/PHP/DisallowSizeFunctionsInLoopsSniff.php
<f+++++++ vendor/squizlabs/php_codesniffer/src/Standards/Squiz/Sniffs/PHP/DiscouragedFunctionsSniff.php
<f+++++++ vendor/squizlabs/php_codesniffer/src/Standards/Squiz/Sniffs/PHP/EmbeddedPhpSniff.php
<f+++++++ vendor/squizlabs/php_codesniffer/src/Standards/Squiz/Sniffs/PHP/EvalSniff.php
<f+++++++ vendor/squizlabs/php_codesniffer/src/Standards/Squiz/Sniffs/PHP/GlobalKeywordSniff.php
<f+++++++ vendor/squizlabs/php_codesniffer/src/Standards/Squiz/Sniffs/PHP/HeredocSniff.php
<f+++++++ vendor/squizlabs/php_codesniffer/src/Standards/Squiz/Sniffs/PHP/InnerFunctionsSniff.php
<f+++++++ vendor/squizlabs/php_codesniffer/src/Standards/Squiz/Sniffs/PHP/LowercasePHPFunctionsSniff.php
<f+++++++ vendor/squizlabs/php_codesniffer/src/Standards/Squiz/Sniffs/PHP/NonExecutableCodeSniff.php
cd+++++++ vendor/squizlabs/php_codesniffer/src/Standards/Squiz/Sniffs/Scope/
<f+++++++ vendor/squizlabs/php_codesniffer/src/Standards/Squiz/Sniffs/Scope/MemberVarScopeSniff.php
<f+++++++ vendor/squizlabs/php_codesniffer/src/Standards/Squiz/Sniffs/Scope/MethodScopeSniff.php
<f+++++++ vendor/squizlabs/php_codesniffer/src/Standards/Squiz/Sniffs/Scope/StaticThisUsageSniff.php
cd+++++++ vendor/squizlabs/php_codesniffer/src/Standards/Squiz/Sniffs/Strings/
<f+++++++ vendor/squizlabs/php_codesniffer/src/Standards/Squiz/Sniffs/Strings/ConcatenationSpacingSniff.php
<f+++++++ vendor/squizlabs/php_codesniffer/src/Standards/Squiz/Sniffs/Strings/DoubleQuoteUsageSniff.php
<f+++++++ vendor/squizlabs/php_codesniffer/src/Standards/Squiz/Sniffs/Strings/EchoedStringsSniff.php
cd+++++++ vendor/squizlabs/php_codesniffer/src/Standards/Squiz/Sniffs/WhiteSpace/
<f+++++++ vendor/squizlabs/php_codesniffer/src/Standards/Squiz/Sniffs/WhiteSpace/CastSpacingSniff.php
<f+++++++ vendor/squizlabs/php_codesniffer/src/Standards/Squiz/Sniffs/WhiteSpace/ControlStructureSpacingSniff.php
<f+++++++ vendor/squizlabs/php_codesniffer/src/Standards/Squiz/Sniffs/WhiteSpace/FunctionClosingBraceSpaceSniff.php
<f+++++++ vendor/squizlabs/php_codesniffer/src/Standards/Squiz/Sniffs/WhiteSpace/FunctionOpeningBraceSpaceSniff.php
<f+++++++ vendor/squizlabs/php_codesniffer/src/Standards/Squiz/Sniffs/WhiteSpace/FunctionSpacingSniff.php
<f+++++++ vendor/squizlabs/php_codesniffer/src/Standards/Squiz/Sniffs/WhiteSpace/LanguageConstructSpacingSniff.php
<f+++++++ vendor/squizlabs/php_codesniffer/src/Standards/Squiz/Sniffs/WhiteSpace/LogicalOperatorSpacingSniff.php
<f+++++++ vendor/squizlabs/php_codesniffer/src/Standards/Squiz/Sniffs/WhiteSpace/MemberVarSpacingSniff.php
<f+++++++ vendor/squizlabs/php_codesniffer/src/Standards/Squiz/Sniffs/WhiteSpace/ObjectOperatorSpacingSniff.php
<f+++++++ vendor/squizlabs/php_codesniffer/src/Standards/Squiz/Sniffs/WhiteSpace/OperatorSpacingSniff.php
<f+++++++ vendor/squizlabs/php_codesniffer/src/Standards/Squiz/Sniffs/WhiteSpace/PropertyLabelSpacingSniff.php
<f+++++++ vendor/squizlabs/php_codesniffer/src/Standards/Squiz/Sniffs/WhiteSpace/ScopeClosingBraceSniff.php
<f+++++++ vendor/squizlabs/php_codesniffer/src/Standards/Squiz/Sniffs/WhiteSpace/ScopeKeywordSpacingSniff.php
<f+++++++ vendor/squizlabs/php_codesniffer/src/Standards/Squiz/Sniffs/WhiteSpace/SemicolonSpacingSniff.php
<f+++++++ vendor/squizlabs/php_codesniffer/src/Standards/Squiz/Sniffs/WhiteSpace/SuperfluousWhitespaceSniff.php
cd+++++++ vendor/squizlabs/php_codesniffer/src/Standards/Squiz/Tests/
cd+++++++ vendor/squizlabs/php_codesniffer/src/Standards/Squiz/Tests/Arrays/
<f+++++++ vendor/squizlabs/php_codesniffer/src/Standards/Squiz/Tests/Arrays/ArrayBracketSpacingUnitTest.inc
<f+++++++ vendor/squizlabs/php_codesniffer/src/Standards/Squiz/Tests/Arrays/ArrayBracketSpacingUnitTest.inc.fixed
<f+++++++ vendor/squizlabs/php_codesniffer/src/Standards/Squiz/Tests/Arrays/ArrayBracketSpacingUnitTest.php
<f+++++++ vendor/squizlabs/php_codesniffer/src/Standards/Squiz/Tests/Arrays/ArrayDeclarationUnitTest.1.inc
<f+++++++ vendor/squizlabs/php_codesniffer/src/Standards/Squiz/Tests/Arrays/ArrayDeclarationUnitTest.1.inc.fixed
<f+++++++ vendor/squizlabs/php_codesniffer/src/Standards/Squiz/Tests/Arrays/ArrayDeclarationUnitTest.2.inc
<f+++++++ vendor/squizlabs/php_codesniffer/src/Standards/Squiz/Tests/Arrays/ArrayDeclarationUnitTest.2.inc.fixed
<f+++++++ vendor/squizlabs/php_codesniffer/src/Standards/Squiz/Tests/Arrays/ArrayDeclarationUnitTest.3.inc
<f+++++++ vendor/squizlabs/php_codesniffer/src/Standards/Squiz/Tests/Arrays/ArrayDeclarationUnitTest.4.inc
<f+++++++ vendor/squizlabs/php_codesniffer/src/Standards/Squiz/Tests/Arrays/ArrayDeclarationUnitTest.4.inc.fixed
<f+++++++ vendor/squizlabs/php_codesniffer/src/Standards/Squiz/Tests/Arrays/ArrayDeclarationUnitTest.php
cd+++++++ vendor/squizlabs/php_codesniffer/src/Standards/Squiz/Tests/CSS/
<f+++++++ vendor/squizlabs/php_codesniffer/src/Standards/Squiz/Tests/CSS/ClassDefinitionClosingBraceSpaceUnitTest.css
<f+++++++ vendor/squizlabs/php_codesniffer/src/Standards/Squiz/Tests/CSS/ClassDefinitionClosingBraceSpaceUnitTest.css.fixed
<f+++++++ vendor/squizlabs/php_codesniffer/src/Standards/Squiz/Tests/CSS/ClassDefinitionClosingBraceSpaceUnitTest.php
<f+++++++ vendor/squizlabs/php_codesniffer/src/Standards/Squiz/Tests/CSS/ClassDefinitionNameSpacingUnitTest.css
<f+++++++ vendor/squizlabs/php_codesniffer/src/Standards/Squiz/Tests/CSS/ClassDefinitionNameSpacingUnitTest.php
<f+++++++ vendor/squizlabs/php_codesniffer/src/Standards/Squiz/Tests/CSS/ClassDefinitionOpeningBraceSpaceUnitTest.css
<f+++++++ vendor/squizlabs/php_codesniffer/src/Standards/Squiz/Tests/CSS/ClassDefinitionOpeningBraceSpaceUnitTest.css.fixed
<f+++++++ vendor/squizlabs/php_codesniffer/src/Standards/Squiz/Tests/CSS/ClassDefinitionOpeningBraceSpaceUnitTest.php
<f+++++++ vendor/squizlabs/php_codesniffer/src/Standards/Squiz/Tests/CSS/ColonSpacingUnitTest.css
<f+++++++ vendor/squizlabs/php_codesniffer/src/Standards/Squiz/Tests/CSS/ColonSpacingUnitTest.css.fixed
<f+++++++ vendor/squizlabs/php_codesniffer/src/Standards/Squiz/Tests/CSS/ColonSpacingUnitTest.php
<f+++++++ vendor/squizlabs/php_codesniffer/src/Standards/Squiz/Tests/CSS/ColourDefinitionUnitTest.css
<f+++++++ vendor/squizlabs/php_codesniffer/src/Standards/Squiz/Tests/CSS/ColourDefinitionUnitTest.css.fixed
<f+++++++ vendor/squizlabs/php_codesniffer/src/Standards/Squiz/Tests/CSS/ColourDefinitionUnitTest.php
<f+++++++ vendor/squizlabs/php_codesniffer/src/Standards/Squiz/Tests/CSS/DisallowMultipleStyleDefinitionsUnitTest.css
<f+++++++ vendor/squizlabs/php_codesniffer/src/Standards/Squiz/Tests/CSS/DisallowMultipleStyleDefinitionsUnitTest.css.fixed
<f+++++++ vendor/squizlabs/php_codesniffer/src/Standards/Squiz/Tests/CSS/DisallowMultipleStyleDefinitionsUnitTest.php
<f+++++++ vendor/squizlabs/php_codesniffer/src/Standards/Squiz/Tests/CSS/DuplicateClassDefinitionUnitTest.css
<f+++++++ vendor/squizlabs/php_codesniffer/src/Standards/Squiz/Tests/CSS/DuplicateClassDefinitionUnitTest.php
<f+++++++ vendor/squizlabs/php_codesniffer/src/Standards/Squiz/Tests/CSS/DuplicateStyleDefinitionUnitTest.css
<f+++++++ vendor/squizlabs/php_codesniffer/src/Standards/Squiz/Tests/CSS/DuplicateStyleDefinitionUnitTest.php
<f+++++++ vendor/squizlabs/php_codesniffer/src/Standards/Squiz/Tests/CSS/EmptyClassDefinitionUnitTest.css
<f+++++++ vendor/squizlabs/php_codesniffer/src/Standards/Squiz/Tests/CSS/EmptyClassDefinitionUnitTest.php
<f+++++++ vendor/squizlabs/php_codesniffer/src/Standards/Squiz/Tests/CSS/EmptyStyleDefinitionUnitTest.css
<f+++++++ vendor/squizlabs/php_codesniffer/src/Standards/Squiz/Tests/CSS/EmptyStyleDefinitionUnitTest.php
<f+++++++ vendor/squizlabs/php_codesniffer/src/Standards/Squiz/Tests/CSS/ForbiddenStylesUnitTest.css
<f+++++++ vendor/squizlabs/php_codesniffer/src/Standards/Squiz/Tests/CSS/ForbiddenStylesUnitTest.css.fixed
<f+++++++ vendor/squizlabs/php_codesniffer/src/Standards/Squiz/Tests/CSS/ForbiddenStylesUnitTest.php
<f+++++++ vendor/squizlabs/php_codesniffer/src/Standards/Squiz/Tests/CSS/IndentationUnitTest.1.css
<f+++++++ vendor/squizlabs/php_codesniffer/src/Standards/Squiz/Tests/CSS/IndentationUnitTest.1.css.fixed
<f+++++++ vendor/squizlabs/php_codesniffer/src/Standards/Squiz/Tests/CSS/IndentationUnitTest.2.css
<f+++++++ vendor/squizlabs/php_codesniffer/src/Standards/Squiz/Tests/CSS/IndentationUnitTest.php
<f+++++++ vendor/squizlabs/php_codesniffer/src/Standards/Squiz/Tests/CSS/LowercaseStyleDefinitionUnitTest.css
<f+++++++ vendor/squizlabs/php_codesniffer/src/Standards/Squiz/Tests/CSS/LowercaseStyleDefinitionUnitTest.php
<f+++++++ vendor/squizlabs/php_codesniffer/src/Standards/Squiz/Tests/CSS/MissingColonUnitTest.css
<f+++++++ vendor/squizlabs/php_codesniffer/src/Standards/Squiz/Tests/CSS/MissingColonUnitTest.php
<f+++++++ vendor/squizlabs/php_codesniffer/src/Standards/Squiz/Tests/CSS/NamedColoursUnitTest.css
<f+++++++ vendor/squizlabs/php_codesniffer/src/Standards/Squiz/Tests/CSS/NamedColoursUnitTest.php
<f+++++++ vendor/squizlabs/php_codesniffer/src/Standards/Squiz/Tests/CSS/OpacityUnitTest.css
<f+++++++ vendor/squizlabs/php_codesniffer/src/Standards/Squiz/Tests/CSS/OpacityUnitTest.css.fixed
<f+++++++ vendor/squizlabs/php_codesniffer/src/Standards/Squiz/Tests/CSS/OpacityUnitTest.php
<f+++++++ vendor/squizlabs/php_codesniffer/src/Standards/Squiz/Tests/CSS/SemicolonSpacingUnitTest.css
<f+++++++ vendor/squizlabs/php_codesniffer/src/Standards/Squiz/Tests/CSS/SemicolonSpacingUnitTest.css.fixed
<f+++++++ vendor/squizlabs/php_codesniffer/src/Standards/Squiz/Tests/CSS/SemicolonSpacingUnitTest.php
<f+++++++ vendor/squizlabs/php_codesniffer/src/Standards/Squiz/Tests/CSS/ShorthandSizeUnitTest.1.css
<f+++++++ vendor/squizlabs/php_codesniffer/src/Standards/Squiz/Tests/CSS/ShorthandSizeUnitTest.1.css.fixed
<f+++++++ vendor/squizlabs/php_codesniffer/src/Standards/Squiz/Tests/CSS/ShorthandSizeUnitTest.2.css
<f+++++++ vendor/squizlabs/php_codesniffer/src/Standards/Squiz/Tests/CSS/ShorthandSizeUnitTest.php
cd+++++++ vendor/squizlabs/php_codesniffer/src/Standards/Squiz/Tests/Classes/
<f+++++++ vendor/squizlabs/php_codesniffer/src/Standards/Squiz/Tests/Classes/ClassDeclarationUnitTest.inc
<f+++++++ vendor/squizlabs/php_codesniffer/src/Standards/Squiz/Tests/Classes/ClassDeclarationUnitTest.inc.fixed
<f+++++++ vendor/squizlabs/php_codesniffer/src/Standards/Squiz/Tests/Classes/ClassDeclarationUnitTest.php
<f+++++++ vendor/squizlabs/php_codesniffer/src/Standards/Squiz/Tests/Classes/ClassFileName Spaces In FilenameUnitTest.inc
<f+++++++ vendor/squizlabs/php_codesniffer/src/Standards/Squiz/Tests/Classes/ClassFileName-Dashes-In-FilenameUnitTest.inc
<f+++++++ vendor/squizlabs/php_codesniffer/src/Standards/Squiz/Tests/Classes/ClassFileNameLiveCodingFailUnitTest.inc
<f+++++++ vendor/squizlabs/php_codesniffer/src/Standards/Squiz/Tests/Classes/ClassFileNameLiveCodingPassUnitTest.inc
<f+++++++ vendor/squizlabs/php_codesniffer/src/Standards/Squiz/Tests/Classes/ClassFileNameParseError1UnitTest.inc
<f+++++++ vendor/squizlabs/php_codesniffer/src/Standards/Squiz/Tests/Classes/ClassFileNameUnitTest.inc
<f+++++++ vendor/squizlabs/php_codesniffer/src/Standards/Squiz/Tests/Classes/ClassFileNameUnitTest.php
<f+++++++ vendor/squizlabs/php_codesniffer/src/Standards/Squiz/Tests/Classes/DuplicatePropertyUnitTest.js
<f+++++++ vendor/squizlabs/php_codesniffer/src/Standards/Squiz/Tests/Classes/DuplicatePropertyUnitTest.php
<f+++++++ vendor/squizlabs/php_codesniffer/src/Standards/Squiz/Tests/Classes/LowercaseClassKeywordsUnitTest.inc
<f+++++++ vendor/squizlabs/php_codesniffer/src/Standards/Squiz/Tests/Classes/LowercaseClassKeywordsUnitTest.inc.fixed
<f+++++++ vendor/squizlabs/php_codesniffer/src/Standards/Squiz/Tests/Classes/LowercaseClassKeywordsUnitTest.php
<f+++++++ vendor/squizlabs/php_codesniffer/src/Standards/Squiz/Tests/Classes/SelfMemberReferenceUnitTest.inc
<f+++++++ vendor/squizlabs/php_codesniffer/src/Standards/Squiz/Tests/Classes/SelfMemberReferenceUnitTest.inc.fixed
<f+++++++ vendor/squizlabs/php_codesniffer/src/Standards/Squiz/Tests/Classes/SelfMemberReferenceUnitTest.php
<f+++++++ vendor/squizlabs/php_codesniffer/src/Standards/Squiz/Tests/Classes/ValidClassNameUnitTest.inc
<f+++++++ vendor/squizlabs/php_codesniffer/src/Standards/Squiz/Tests/Classes/ValidClassNameUnitTest.php
cd+++++++ vendor/squizlabs/php_codesniffer/src/Standards/Squiz/Tests/Commenting/
<f+++++++ vendor/squizlabs/php_codesniffer/src/Standards/Squiz/Tests/Commenting/BlockCommentUnitTest.inc
<f+++++++ vendor/squizlabs/php_codesniffer/src/Standards/Squiz/Tests/Commenting/BlockCommentUnitTest.inc.fixed
<f+++++++ vendor/squizlabs/php_codesniffer/src/Standards/Squiz/Tests/Commenting/BlockCommentUnitTest.php
<f+++++++ vendor/squizlabs/php_codesniffer/src/Standards/Squiz/Tests/Commenting/ClassCommentUnitTest.inc
<f+++++++ vendor/squizlabs/php_codesniffer/src/Standards/Squiz/Tests/Commenting/ClassCommentUnitTest.php
<f+++++++ vendor/squizlabs/php_codesniffer/src/Standards/Squiz/Tests/Commenting/ClosingDeclarationCommentUnitTest.1.inc
<f+++++++ vendor/squizlabs/php_codesniffer/src/Standards/Squiz/Tests/Commenting/ClosingDeclarationCommentUnitTest.1.inc.fixed
<f+++++++ vendor/squizlabs/php_codesniffer/src/Standards/Squiz/Tests/Commenting/ClosingDeclarationCommentUnitTest.2.inc
<f+++++++ vendor/squizlabs/php_codesniffer/src/Standards/Squiz/Tests/Commenting/ClosingDeclarationCommentUnitTest.3.inc
<f+++++++ vendor/squizlabs/php_codesniffer/src/Standards/Squiz/Tests/Commenting/ClosingDeclarationCommentUnitTest.4.inc
<f+++++++ vendor/squizlabs/php_codesniffer/src/Standards/Squiz/Tests/Commenting/ClosingDeclarationCommentUnitTest.4.inc.fixed
<f+++++++ vendor/squizlabs/php_codesniffer/src/Standards/Squiz/Tests/Commenting/ClosingDeclarationCommentUnitTest.5.inc
<f+++++++ vendor/squizlabs/php_codesniffer/src/Standards/Squiz/Tests/Commenting/ClosingDeclarationCommentUnitTest.5.inc.fixed
<f+++++++ vendor/squizlabs/php_codesniffer/src/Standards/Squiz/Tests/Commenting/ClosingDeclarationCommentUnitTest.php
<f+++++++ vendor/squizlabs/php_codesniffer/src/Standards/Squiz/Tests/Commenting/DocCommentAlignmentUnitTest.inc
<f+++++++ vendor/squizlabs/php_codesniffer/src/Standards/Squiz/Tests/Commenting/DocCommentAlignmentUnitTest.inc.fixed
<f+++++++ vendor/squizlabs/php_codesniffer/src/Standards/Squiz/Tests/Commenting/DocCommentAlignmentUnitTest.js
<f+++++++ vendor/squizlabs/php_codesniffer/src/Standards/Squiz/Tests/Commenting/DocCommentAlignmentUnitTest.js.fixed
<f+++++++ vendor/squizlabs/php_codesniffer/src/Standards/Squiz/Tests/Commenting/DocCommentAlignmentUnitTest.php
<f+++++++ vendor/squizlabs/php_codesniffer/src/Standards/Squiz/Tests/Commenting/EmptyCatchCommentUnitTest.inc
<f+++++++ vendor/squizlabs/php_codesniffer/src/Standards/Squiz/Tests/Commenting/EmptyCatchCommentUnitTest.php
<f+++++++ vendor/squizlabs/php_codesniffer/src/Standards/Squiz/Tests/Commenting/FileCommentUnitTest.1.inc
<f+++++++ vendor/squizlabs/php_codesniffer/src/Standards/Squiz/Tests/Commenting/FileCommentUnitTest.1.inc.fixed
<f+++++++ vendor/squizlabs/php_codesniffer/src/Standards/Squiz/Tests/Commenting/FileCommentUnitTest.1.js
<f+++++++ vendor/squizlabs/php_codesniffer/src/Standards/Squiz/Tests/Commenting/FileCommentUnitTest.1.js.fixed
<f+++++++ vendor/squizlabs/php_codesniffer/src/Standards/Squiz/Tests/Commenting/FileCommentUnitTest.10.inc
<f+++++++ vendor/squizlabs/php_codesniffer/src/Standards/Squiz/Tests/Commenting/FileCommentUnitTest.2.inc
<f+++++++ vendor/squizlabs/php_codesniffer/src/Standards/Squiz/Tests/Commenting/FileCommentUnitTest.2.js
<f+++++++ vendor/squizlabs/php_codesniffer/src/Standards/Squiz/Tests/Commenting/FileCommentUnitTest.3.inc
<f+++++++ vendor/squizlabs/php_codesniffer/src/Standards/Squiz/Tests/Commenting/FileCommentUnitTest.4.inc
<f+++++++ vendor/squizlabs/php_codesniffer/src/Standards/Squiz/Tests/Commenting/FileCommentUnitTest.5.inc
<f+++++++ vendor/squizlabs/php_codesniffer/src/Standards/Squiz/Tests/Commenting/FileCommentUnitTest.6.inc
<f+++++++ vendor/squizlabs/php_codesniffer/src/Standards/Squiz/Tests/Commenting/FileCommentUnitTest.7.inc
<f+++++++ vendor/squizlabs/php_codesniffer/src/Standards/Squiz/Tests/Commenting/FileCommentUnitTest.8.inc
<f+++++++ vendor/squizlabs/php_codesniffer/src/Standards/Squiz/Tests/Commenting/FileCommentUnitTest.9.inc
<f+++++++ vendor/squizlabs/php_codesniffer/src/Standards/Squiz/Tests/Commenting/FileCommentUnitTest.php
<f+++++++ vendor/squizlabs/php_codesniffer/src/Standards/Squiz/Tests/Commenting/FunctionCommentThrowTagUnitTest.inc
<f+++++++ vendor/squizlabs/php_codesniffer/src/Standards/Squiz/Tests/Commenting/FunctionCommentThrowTagUnitTest.php
<f+++++++ vendor/squizlabs/php_codesniffer/src/Standards/Squiz/Tests/Commenting/FunctionCommentUnitTest.inc
<f+++++++ vendor/squizlabs/php_codesniffer/src/Standards/Squiz/Tests/Commenting/FunctionCommentUnitTest.inc.fixed
<f+++++++ vendor/squizlabs/php_codesniffer/src/Standards/Squiz/Tests/Commenting/FunctionCommentUnitTest.php
<f+++++++ vendor/squizlabs/php_codesniffer/src/Standards/Squiz/Tests/Commenting/InlineCommentUnitTest.inc
<f+++++++ vendor/squizlabs/php_codesniffer/src/Standards/Squiz/Tests/Commenting/InlineCommentUnitTest.inc.fixed
<f+++++++ vendor/squizlabs/php_codesniffer/src/Standards/Squiz/Tests/Commenting/InlineCommentUnitTest.js
<f+++++++ vendor/squizlabs/php_codesniffer/src/Standards/Squiz/Tests/Commenting/InlineCommentUnitTest.js.fixed
<f+++++++ vendor/squizlabs/php_codesniffer/src/Standards/Squiz/Tests/Commenting/InlineCommentUnitTest.php
<f+++++++ vendor/squizlabs/php_codesniffer/src/Standards/Squiz/Tests/Commenting/LongConditionClosingCommentUnitTest.inc
<f+++++++ vendor/squizlabs/php_codesniffer/src/Standards/Squiz/Tests/Commenting/LongConditionClosingCommentUnitTest.inc.fixed
<f+++++++ vendor/squizlabs/php_codesniffer/src/Standards/Squiz/Tests/Commenting/LongConditionClosingCommentUnitTest.js
<f+++++++ vendor/squizlabs/php_codesniffer/src/Standards/Squiz/Tests/Commenting/LongConditionClosingCommentUnitTest.js.fixed
<f+++++++ vendor/squizlabs/php_codesniffer/src/Standards/Squiz/Tests/Commenting/LongConditionClosingCommentUnitTest.php
<f+++++++ vendor/squizlabs/php_codesniffer/src/Standards/Squiz/Tests/Commenting/PostStatementCommentUnitTest.1.js
<f+++++++ vendor/squizlabs/php_codesniffer/src/Standards/Squiz/Tests/Commenting/PostStatementCommentUnitTest.1.js.fixed
<f+++++++ vendor/squizlabs/php_codesniffer/src/Standards/Squiz/Tests/Commenting/PostStatementCommentUnitTest.2.js
<f+++++++ vendor/squizlabs/php_codesniffer/src/Standards/Squiz/Tests/Commenting/PostStatementCommentUnitTest.inc
<f+++++++ vendor/squizlabs/php_codesniffer/src/Standards/Squiz/Tests/Commenting/PostStatementCommentUnitTest.inc.fixed
<f+++++++ vendor/squizlabs/php_codesniffer/src/Standards/Squiz/Tests/Commenting/PostStatementCommentUnitTest.php
<f+++++++ vendor/squizlabs/php_codesniffer/src/Standards/Squiz/Tests/Commenting/VariableCommentUnitTest.inc
<f+++++++ vendor/squizlabs/php_codesniffer/src/Standards/Squiz/Tests/Commenting/VariableCommentUnitTest.inc.fixed
<f+++++++ vendor/squizlabs/php_codesniffer/src/Standards/Squiz/Tests/Commenting/VariableCommentUnitTest.php
cd+++++++ vendor/squizlabs/php_codesniffer/src/Standards/Squiz/Tests/ControlStructures/
<f+++++++ vendor/squizlabs/php_codesniffer/src/Standards/Squiz/Tests/ControlStructures/ControlSignatureUnitTest.1.inc
<f+++++++ vendor/squizlabs/php_codesniffer/src/Standards/Squiz/Tests/ControlStructures/ControlSignatureUnitTest.1.inc.fixed
<f+++++++ vendor/squizlabs/php_codesniffer/src/Standards/Squiz/Tests/ControlStructures/ControlSignatureUnitTest.2.inc
<f+++++++ vendor/squizlabs/php_codesniffer/src/Standards/Squiz/Tests/ControlStructures/ControlSignatureUnitTest.js
<f+++++++ vendor/squizlabs/php_codesniffer/src/Standards/Squiz/Tests/ControlStructures/ControlSignatureUnitTest.js.fixed
<f+++++++ vendor/squizlabs/php_codesniffer/src/Standards/Squiz/Tests/ControlStructures/ControlSignatureUnitTest.php
<f+++++++ vendor/squizlabs/php_codesniffer/src/Standards/Squiz/Tests/ControlStructures/ElseIfDeclarationUnitTest.inc
<f+++++++ vendor/squizlabs/php_codesniffer/src/Standards/Squiz/Tests/ControlStructures/ElseIfDeclarationUnitTest.inc.fixed
<f+++++++ vendor/squizlabs/php_codesniffer/src/Standards/Squiz/Tests/ControlStructures/ElseIfDeclarationUnitTest.php
<f+++++++ vendor/squizlabs/php_codesniffer/src/Standards/Squiz/Tests/ControlStructures/ForEachLoopDeclarationUnitTest.inc
<f+++++++ vendor/squizlabs/php_codesniffer/src/Standards/Squiz/Tests/ControlStructures/ForEachLoopDeclarationUnitTest.inc.fixed
<f+++++++ vendor/squizlabs/php_codesniffer/src/Standards/Squiz/Tests/ControlStructures/ForEachLoopDeclarationUnitTest.php
<f+++++++ vendor/squizlabs/php_codesniffer/src/Standards/Squiz/Tests/ControlStructures/ForLoopDeclarationUnitTest.1.inc
<f+++++++ vendor/squizlabs/php_codesniffer/src/Standards/Squiz/Tests/ControlStructures/ForLoopDeclarationUnitTest.1.inc.fixed
<f+++++++ vendor/squizlabs/php_codesniffer/src/Standards/Squiz/Tests/ControlStructures/ForLoopDeclarationUnitTest.1.js
<f+++++++ vendor/squizlabs/php_codesniffer/src/Standards/Squiz/Tests/ControlStructures/ForLoopDeclarationUnitTest.1.js.fixed
<f+++++++ vendor/squizlabs/php_codesniffer/src/Standards/Squiz/Tests/ControlStructures/ForLoopDeclarationUnitTest.2.inc
<f+++++++ vendor/squizlabs/php_codesniffer/src/Standards/Squiz/Tests/ControlStructures/ForLoopDeclarationUnitTest.2.js
<f+++++++ vendor/squizlabs/php_codesniffer/src/Standards/Squiz/Tests/ControlStructures/ForLoopDeclarationUnitTest.3.inc
<f+++++++ vendor/squizlabs/php_codesniffer/src/Standards/Squiz/Tests/ControlStructures/ForLoopDeclarationUnitTest.php
<f+++++++ vendor/squizlabs/php_codesniffer/src/Standards/Squiz/Tests/ControlStructures/InlineIfDeclarationUnitTest.inc
<f+++++++ vendor/squizlabs/php_codesniffer/src/Standards/Squiz/Tests/ControlStructures/InlineIfDeclarationUnitTest.inc.fixed
<f+++++++ vendor/squizlabs/php_codesniffer/src/Standards/Squiz/Tests/ControlStructures/InlineIfDeclarationUnitTest.php
<f+++++++ vendor/squizlabs/php_codesniffer/src/Standards/Squiz/Tests/ControlStructures/LowercaseDeclarationUnitTest.inc
<f+++++++ vendor/squizlabs/php_codesniffer/src/Standards/Squiz/Tests/ControlStructures/LowercaseDeclarationUnitTest.inc.fixed
<f+++++++ vendor/squizlabs/php_codesniffer/src/Standards/Squiz/Tests/ControlStructures/LowercaseDeclarationUnitTest.php
<f+++++++ vendor/squizlabs/php_codesniffer/src/Standards/Squiz/Tests/ControlStructures/SwitchDeclarationUnitTest.inc
<f+++++++ vendor/squizlabs/php_codesniffer/src/Standards/Squiz/Tests/ControlStructures/SwitchDeclarationUnitTest.inc.fixed
<f+++++++ vendor/squizlabs/php_codesniffer/src/Standards/Squiz/Tests/ControlStructures/SwitchDeclarationUnitTest.js
<f+++++++ vendor/squizlabs/php_codesniffer/src/Standards/Squiz/Tests/ControlStructures/SwitchDeclarationUnitTest.php
cd+++++++ vendor/squizlabs/php_codesniffer/src/Standards/Squiz/Tests/Debug/
<f+++++++ vendor/squizlabs/php_codesniffer/src/Standards/Squiz/Tests/Debug/JSLintUnitTest.js
<f+++++++ vendor/squizlabs/php_codesniffer/src/Standards/Squiz/Tests/Debug/JSLintUnitTest.php
<f+++++++ vendor/squizlabs/php_codesniffer/src/Standards/Squiz/Tests/Debug/JavaScriptLintUnitTest.js
<f+++++++ vendor/squizlabs/php_codesniffer/src/Standards/Squiz/Tests/Debug/JavaScriptLintUnitTest.php
cd+++++++ vendor/squizlabs/php_codesniffer/src/Standards/Squiz/Tests/Files/
<f+++++++ vendor/squizlabs/php_codesniffer/src/Standards/Squiz/Tests/Files/FileExtensionUnitTest.1.inc
<f+++++++ vendor/squizlabs/php_codesniffer/src/Standards/Squiz/Tests/Files/FileExtensionUnitTest.2.inc
<f+++++++ vendor/squizlabs/php_codesniffer/src/Standards/Squiz/Tests/Files/FileExtensionUnitTest.3.inc
<f+++++++ vendor/squizlabs/php_codesniffer/src/Standards/Squiz/Tests/Files/FileExtensionUnitTest.4.inc
<f+++++++ vendor/squizlabs/php_codesniffer/src/Standards/Squiz/Tests/Files/FileExtensionUnitTest.5.inc
<f+++++++ vendor/squizlabs/php_codesniffer/src/Standards/Squiz/Tests/Files/FileExtensionUnitTest.php
cd+++++++ vendor/squizlabs/php_codesniffer/src/Standards/Squiz/Tests/Formatting/
<f+++++++ vendor/squizlabs/php_codesniffer/src/Standards/Squiz/Tests/Formatting/OperatorBracketUnitTest.1.inc
<f+++++++ vendor/squizlabs/php_codesniffer/src/Standards/Squiz/Tests/Formatting/OperatorBracketUnitTest.1.inc.fixed
<f+++++++ vendor/squizlabs/php_codesniffer/src/Standards/Squiz/Tests/Formatting/OperatorBracketUnitTest.2.inc
<f+++++++ vendor/squizlabs/php_codesniffer/src/Standards/Squiz/Tests/Formatting/OperatorBracketUnitTest.3.inc
<f+++++++ vendor/squizlabs/php_codesniffer/src/Standards/Squiz/Tests/Formatting/OperatorBracketUnitTest.js
<f+++++++ vendor/squizlabs/php_codesniffer/src/Standards/Squiz/Tests/Formatting/OperatorBracketUnitTest.js.fixed
<f+++++++ vendor/squizlabs/php_codesniffer/src/Standards/Squiz/Tests/Formatting/OperatorBracketUnitTest.php
cd+++++++ vendor/squizlabs/php_codesniffer/src/Standards/Squiz/Tests/Functions/
<f+++++++ vendor/squizlabs/php_codesniffer/src/Standards/Squiz/Tests/Functions/FunctionDeclarationArgumentSpacingUnitTest.1.inc
<f+++++++ vendor/squizlabs/php_codesniffer/src/Standards/Squiz/Tests/Functions/FunctionDeclarationArgumentSpacingUnitTest.1.inc.fixed
<f+++++++ vendor/squizlabs/php_codesniffer/src/Standards/Squiz/Tests/Functions/FunctionDeclarationArgumentSpacingUnitTest.2.inc
<f+++++++ vendor/squizlabs/php_codesniffer/src/Standards/Squiz/Tests/Functions/FunctionDeclarationArgumentSpacingUnitTest.3.inc
<f+++++++ vendor/squizlabs/php_codesniffer/src/Standards/Squiz/Tests/Functions/FunctionDeclarationArgumentSpacingUnitTest.4.inc
<f+++++++ vendor/squizlabs/php_codesniffer/src/Standards/Squiz/Tests/Functions/FunctionDeclarationArgumentSpacingUnitTest.5.inc
<f+++++++ vendor/squizlabs/php_codesniffer/src/Standards/Squiz/Tests/Functions/FunctionDeclarationArgumentSpacingUnitTest.6.inc
<f+++++++ vendor/squizlabs/php_codesniffer/src/Standards/Squiz/Tests/Functions/FunctionDeclarationArgumentSpacingUnitTest.php
<f+++++++ vendor/squizlabs/php_codesniffer/src/Standards/Squiz/Tests/Functions/FunctionDeclarationUnitTest.1.inc
<f+++++++ vendor/squizlabs/php_codesniffer/src/Standards/Squiz/Tests/Functions/FunctionDeclarationUnitTest.2.inc
<f+++++++ vendor/squizlabs/php_codesniffer/src/Standards/Squiz/Tests/Functions/FunctionDeclarationUnitTest.3.inc
<f+++++++ vendor/squizlabs/php_codesniffer/src/Standards/Squiz/Tests/Functions/FunctionDeclarationUnitTest.php
<f+++++++ vendor/squizlabs/php_codesniffer/src/Standards/Squiz/Tests/Functions/FunctionDuplicateArgumentUnitTest.inc
<f+++++++ vendor/squizlabs/php_codesniffer/src/Standards/Squiz/Tests/Functions/FunctionDuplicateArgumentUnitTest.php
<f+++++++ vendor/squizlabs/php_codesniffer/src/Standards/Squiz/Tests/Functions/GlobalFunctionUnitTest.inc
<f+++++++ vendor/squizlabs/php_codesniffer/src/Standards/Squiz/Tests/Functions/GlobalFunctionUnitTest.php
<f+++++++ vendor/squizlabs/php_codesniffer/src/Standards/Squiz/Tests/Functions/LowercaseFunctionKeywordsUnitTest.inc
<f+++++++ vendor/squizlabs/php_codesniffer/src/Standards/Squiz/Tests/Functions/LowercaseFunctionKeywordsUnitTest.inc.fixed
<f+++++++ vendor/squizlabs/php_codesniffer/src/Standards/Squiz/Tests/Functions/LowercaseFunctionKeywordsUnitTest.php
<f+++++++ vendor/squizlabs/php_codesniffer/src/Standards/Squiz/Tests/Functions/MultiLineFunctionDeclarationUnitTest.inc
<f+++++++ vendor/squizlabs/php_codesniffer/src/Standards/Squiz/Tests/Functions/MultiLineFunctionDeclarationUnitTest.inc.fixed
<f+++++++ vendor/squizlabs/php_codesniffer/src/Standards/Squiz/Tests/Functions/MultiLineFunctionDeclarationUnitTest.js
<f+++++++ vendor/squizlabs/php_codesniffer/src/Standards/Squiz/Tests/Functions/MultiLineFunctionDeclarationUnitTest.js.fixed
<f+++++++ vendor/squizlabs/php_codesniffer/src/Standards/Squiz/Tests/Functions/MultiLineFunctionDeclarationUnitTest.php
cd+++++++ vendor/squizlabs/php_codesniffer/src/Standards/Squiz/Tests/NamingConventions/
<f+++++++ vendor/squizlabs/php_codesniffer/src/Standards/Squiz/Tests/NamingConventions/ValidFunctionNameUnitTest.inc
<f+++++++ vendor/squizlabs/php_codesniffer/src/Standards/Squiz/Tests/NamingConventions/ValidFunctionNameUnitTest.php
<f+++++++ vendor/squizlabs/php_codesniffer/src/Standards/Squiz/Tests/NamingConventions/ValidVariableNameUnitTest.inc
<f+++++++ vendor/squizlabs/php_codesniffer/src/Standards/Squiz/Tests/NamingConventions/ValidVariableNameUnitTest.php
cd+++++++ vendor/squizlabs/php_codesniffer/src/Standards/Squiz/Tests/Objects/
<f+++++++ vendor/squizlabs/php_codesniffer/src/Standards/Squiz/Tests/Objects/DisallowObjectStringIndexUnitTest.js
<f+++++++ vendor/squizlabs/php_codesniffer/src/Standards/Squiz/Tests/Objects/DisallowObjectStringIndexUnitTest.php
<f+++++++ vendor/squizlabs/php_codesniffer/src/Standards/Squiz/Tests/Objects/ObjectInstantiationUnitTest.inc
<f+++++++ vendor/squizlabs/php_codesniffer/src/Standards/Squiz/Tests/Objects/ObjectInstantiationUnitTest.php
<f+++++++ vendor/squizlabs/php_codesniffer/src/Standards/Squiz/Tests/Objects/ObjectMemberCommaUnitTest.js
<f+++++++ vendor/squizlabs/php_codesniffer/src/Standards/Squiz/Tests/Objects/ObjectMemberCommaUnitTest.js.fixed
<f+++++++ vendor/squizlabs/php_codesniffer/src/Standards/Squiz/Tests/Objects/ObjectMemberCommaUnitTest.php
cd+++++++ vendor/squizlabs/php_codesniffer/src/Standards/Squiz/Tests/Operators/
<f+++++++ vendor/squizlabs/php_codesniffer/src/Standards/Squiz/Tests/Operators/ComparisonOperatorUsageUnitTest.inc
<f+++++++ vendor/squizlabs/php_codesniffer/src/Standards/Squiz/Tests/Operators/ComparisonOperatorUsageUnitTest.js
<f+++++++ vendor/squizlabs/php_codesniffer/src/Standards/Squiz/Tests/Operators/ComparisonOperatorUsageUnitTest.php
<f+++++++ vendor/squizlabs/php_codesniffer/src/Standards/Squiz/Tests/Operators/IncrementDecrementUsageUnitTest.inc
<f+++++++ vendor/squizlabs/php_codesniffer/src/Standards/Squiz/Tests/Operators/IncrementDecrementUsageUnitTest.php
<f+++++++ vendor/squizlabs/php_codesniffer/src/Standards/Squiz/Tests/Operators/ValidLogicalOperatorsUnitTest.inc
<f+++++++ vendor/squizlabs/php_codesniffer/src/Standards/Squiz/Tests/Operators/ValidLogicalOperatorsUnitTest.php
cd+++++++ vendor/squizlabs/php_codesniffer/src/Standards/Squiz/Tests/PHP/
<f+++++++ vendor/squizlabs/php_codesniffer/src/Standards/Squiz/Tests/PHP/CommentedOutCodeUnitTest.css
<f+++++++ vendor/squizlabs/php_codesniffer/src/Standards/Squiz/Tests/PHP/CommentedOutCodeUnitTest.inc
<f+++++++ vendor/squizlabs/php_codesniffer/src/Standards/Squiz/Tests/PHP/CommentedOutCodeUnitTest.php
<f+++++++ vendor/squizlabs/php_codesniffer/src/Standards/Squiz/Tests/PHP/DisallowBooleanStatementUnitTest.inc
<f+++++++ vendor/squizlabs/php_codesniffer/src/Standards/Squiz/Tests/PHP/DisallowBooleanStatementUnitTest.php
<f+++++++ vendor/squizlabs/php_codesniffer/src/Standards/Squiz/Tests/PHP/DisallowComparisonAssignmentUnitTest.inc
<f+++++++ vendor/squizlabs/php_codesniffer/src/Standards/Squiz/Tests/PHP/DisallowComparisonAssignmentUnitTest.php
<f+++++++ vendor/squizlabs/php_codesniffer/src/Standards/Squiz/Tests/PHP/DisallowInlineIfUnitTest.inc
<f+++++++ vendor/squizlabs/php_codesniffer/src/Standards/Squiz/Tests/PHP/DisallowInlineIfUnitTest.js
<f+++++++ vendor/squizlabs/php_codesniffer/src/Standards/Squiz/Tests/PHP/DisallowInlineIfUnitTest.php
<f+++++++ vendor/squizlabs/php_codesniffer/src/Standards/Squiz/Tests/PHP/DisallowMultipleAssignmentsUnitTest.1.inc
<f+++++++ vendor/squizlabs/php_codesniffer/src/Standards/Squiz/Tests/PHP/DisallowMultipleAssignmentsUnitTest.2.inc
<f+++++++ vendor/squizlabs/php_codesniffer/src/Standards/Squiz/Tests/PHP/DisallowMultipleAssignmentsUnitTest.php
<f+++++++ vendor/squizlabs/php_codesniffer/src/Standards/Squiz/Tests/PHP/DisallowSizeFunctionsInLoopsUnitTest.inc
<f+++++++ vendor/squizlabs/php_codesniffer/src/Standards/Squiz/Tests/PHP/DisallowSizeFunctionsInLoopsUnitTest.js
<f+++++++ vendor/squizlabs/php_codesniffer/src/Standards/Squiz/Tests/PHP/DisallowSizeFunctionsInLoopsUnitTest.php
<f+++++++ vendor/squizlabs/php_codesniffer/src/Standards/Squiz/Tests/PHP/DiscouragedFunctionsUnitTest.inc
<f+++++++ vendor/squizlabs/php_codesniffer/src/Standards/Squiz/Tests/PHP/DiscouragedFunctionsUnitTest.php
<f+++++++ vendor/squizlabs/php_codesniffer/src/Standards/Squiz/Tests/PHP/EmbeddedPhpUnitTest.1.inc
<f+++++++ vendor/squizlabs/php_codesniffer/src/Standards/Squiz/Tests/PHP/EmbeddedPhpUnitTest.1.inc.fixed
<f+++++++ vendor/squizlabs/php_codesniffer/src/Standards/Squiz/Tests/PHP/EmbeddedPhpUnitTest.10.inc
<f+++++++ vendor/squizlabs/php_codesniffer/src/Standards/Squiz/Tests/PHP/EmbeddedPhpUnitTest.11.inc
<f+++++++ vendor/squizlabs/php_codesniffer/src/Standards/Squiz/Tests/PHP/EmbeddedPhpUnitTest.12.inc
<f+++++++ vendor/squizlabs/php_codesniffer/src/Standards/Squiz/Tests/PHP/EmbeddedPhpUnitTest.12.inc.fixed
<f+++++++ vendor/squizlabs/php_codesniffer/src/Standards/Squiz/Tests/PHP/EmbeddedPhpUnitTest.13.inc
<f+++++++ vendor/squizlabs/php_codesniffer/src/Standards/Squiz/Tests/PHP/EmbeddedPhpUnitTest.13.inc.fixed
<f+++++++ vendor/squizlabs/php_codesniffer/src/Standards/Squiz/Tests/PHP/EmbeddedPhpUnitTest.14.inc
<f+++++++ vendor/squizlabs/php_codesniffer/src/Standards/Squiz/Tests/PHP/EmbeddedPhpUnitTest.15.inc
<f+++++++ vendor/squizlabs/php_codesniffer/src/Standards/Squiz/Tests/PHP/EmbeddedPhpUnitTest.16.inc
<f+++++++ vendor/squizlabs/php_codesniffer/src/Standards/Squiz/Tests/PHP/EmbeddedPhpUnitTest.17.inc
<f+++++++ vendor/squizlabs/php_codesniffer/src/Standards/Squiz/Tests/PHP/EmbeddedPhpUnitTest.18.inc
<f+++++++ vendor/squizlabs/php_codesniffer/src/Standards/Squiz/Tests/PHP/EmbeddedPhpUnitTest.18.inc.fixed
<f+++++++ vendor/squizlabs/php_codesniffer/src/Standards/Squiz/Tests/PHP/EmbeddedPhpUnitTest.19.inc
<f+++++++ vendor/squizlabs/php_codesniffer/src/Standards/Squiz/Tests/PHP/EmbeddedPhpUnitTest.19.inc.fixed
<f+++++++ vendor/squizlabs/php_codesniffer/src/Standards/Squiz/Tests/PHP/EmbeddedPhpUnitTest.2.inc
<f+++++++ vendor/squizlabs/php_codesniffer/src/Standards/Squiz/Tests/PHP/EmbeddedPhpUnitTest.2.inc.fixed
<f+++++++ vendor/squizlabs/php_codesniffer/src/Standards/Squiz/Tests/PHP/EmbeddedPhpUnitTest.20.inc
<f+++++++ vendor/squizlabs/php_codesniffer/src/Standards/Squiz/Tests/PHP/EmbeddedPhpUnitTest.20.inc.fixed
<f+++++++ vendor/squizlabs/php_codesniffer/src/Standards/Squiz/Tests/PHP/EmbeddedPhpUnitTest.21.inc
<f+++++++ vendor/squizlabs/php_codesniffer/src/Standards/Squiz/Tests/PHP/EmbeddedPhpUnitTest.21.inc.fixed
<f+++++++ vendor/squizlabs/php_codesniffer/src/Standards/Squiz/Tests/PHP/EmbeddedPhpUnitTest.22.inc
<f+++++++ vendor/squizlabs/php_codesniffer/src/Standards/Squiz/Tests/PHP/EmbeddedPhpUnitTest.22.inc.fixed
<f+++++++ vendor/squizlabs/php_codesniffer/src/Standards/Squiz/Tests/PHP/EmbeddedPhpUnitTest.23.inc
<f+++++++ vendor/squizlabs/php_codesniffer/src/Standards/Squiz/Tests/PHP/EmbeddedPhpUnitTest.24.inc
<f+++++++ vendor/squizlabs/php_codesniffer/src/Standards/Squiz/Tests/PHP/EmbeddedPhpUnitTest.24.inc.fixed
<f+++++++ vendor/squizlabs/php_codesniffer/src/Standards/Squiz/Tests/PHP/EmbeddedPhpUnitTest.25.inc
<f+++++++ vendor/squizlabs/php_codesniffer/src/Standards/Squiz/Tests/PHP/EmbeddedPhpUnitTest.25.inc.fixed
<f+++++++ vendor/squizlabs/php_codesniffer/src/Standards/Squiz/Tests/PHP/EmbeddedPhpUnitTest.3.inc
<f+++++++ vendor/squizlabs/php_codesniffer/src/Standards/Squiz/Tests/PHP/EmbeddedPhpUnitTest.3.inc.fixed
<f+++++++ vendor/squizlabs/php_codesniffer/src/Standards/Squiz/Tests/PHP/EmbeddedPhpUnitTest.4.inc
<f+++++++ vendor/squizlabs/php_codesniffer/src/Standards/Squiz/Tests/PHP/EmbeddedPhpUnitTest.4.inc.fixed
<f+++++++ vendor/squizlabs/php_codesniffer/src/Standards/Squiz/Tests/PHP/EmbeddedPhpUnitTest.5.inc
<f+++++++ vendor/squizlabs/php_codesniffer/src/Standards/Squiz/Tests/PHP/EmbeddedPhpUnitTest.5.inc.fixed
<f+++++++ vendor/squizlabs/php_codesniffer/src/Standards/Squiz/Tests/PHP/EmbeddedPhpUnitTest.6.inc
<f+++++++ vendor/squizlabs/php_codesniffer/src/Standards/Squiz/Tests/PHP/EmbeddedPhpUnitTest.7.inc
<f+++++++ vendor/squizlabs/php_codesniffer/src/Standards/Squiz/Tests/PHP/EmbeddedPhpUnitTest.8.inc
<f+++++++ vendor/squizlabs/php_codesniffer/src/Standards/Squiz/Tests/PHP/EmbeddedPhpUnitTest.9.inc
<f+++++++ vendor/squizlabs/php_codesniffer/src/Standards/Squiz/Tests/PHP/EmbeddedPhpUnitTest.php
<f+++++++ vendor/squizlabs/php_codesniffer/src/Standards/Squiz/Tests/PHP/EvalUnitTest.inc
<f+++++++ vendor/squizlabs/php_codesniffer/src/Standards/Squiz/Tests/PHP/EvalUnitTest.php
<f+++++++ vendor/squizlabs/php_codesniffer/src/Standards/Squiz/Tests/PHP/GlobalKeywordUnitTest.inc
<f+++++++ vendor/squizlabs/php_codesniffer/src/Standards/Squiz/Tests/PHP/GlobalKeywordUnitTest.php
<f+++++++ vendor/squizlabs/php_codesniffer/src/Standards/Squiz/Tests/PHP/HeredocUnitTest.1.inc
<f+++++++ vendor/squizlabs/php_codesniffer/src/Standards/Squiz/Tests/PHP/HeredocUnitTest.2.inc
<f+++++++ vendor/squizlabs/php_codesniffer/src/Standards/Squiz/Tests/PHP/HeredocUnitTest.php
<f+++++++ vendor/squizlabs/php_codesniffer/src/Standards/Squiz/Tests/PHP/InnerFunctionsUnitTest.inc
<f+++++++ vendor/squizlabs/php_codesniffer/src/Standards/Squiz/Tests/PHP/InnerFunctionsUnitTest.php
<f+++++++ vendor/squizlabs/php_codesniffer/src/Standards/Squiz/Tests/PHP/LowercasePHPFunctionsUnitTest.inc
<f+++++++ vendor/squizlabs/php_codesniffer/src/Standards/Squiz/Tests/PHP/LowercasePHPFunctionsUnitTest.inc.fixed
<f+++++++ vendor/squizlabs/php_codesniffer/src/Standards/Squiz/Tests/PHP/LowercasePHPFunctionsUnitTest.php
<f+++++++ vendor/squizlabs/php_codesniffer/src/Standards/Squiz/Tests/PHP/NonExecutableCodeUnitTest.1.inc
<f+++++++ vendor/squizlabs/php_codesniffer/src/Standards/Squiz/Tests/PHP/NonExecutableCodeUnitTest.2.inc
<f+++++++ vendor/squizlabs/php_codesniffer/src/Standards/Squiz/Tests/PHP/NonExecutableCodeUnitTest.3.inc
<f+++++++ vendor/squizlabs/php_codesniffer/src/Standards/Squiz/Tests/PHP/NonExecutableCodeUnitTest.4.inc
<f+++++++ vendor/squizlabs/php_codesniffer/src/Standards/Squiz/Tests/PHP/NonExecutableCodeUnitTest.php
cd+++++++ vendor/squizlabs/php_codesniffer/src/Standards/Squiz/Tests/Scope/
<f+++++++ vendor/squizlabs/php_codesniffer/src/Standards/Squiz/Tests/Scope/MemberVarScopeUnitTest.inc
<f+++++++ vendor/squizlabs/php_codesniffer/src/Standards/Squiz/Tests/Scope/MemberVarScopeUnitTest.php
<f+++++++ vendor/squizlabs/php_codesniffer/src/Standards/Squiz/Tests/Scope/MethodScopeUnitTest.inc
<f+++++++ vendor/squizlabs/php_codesniffer/src/Standards/Squiz/Tests/Scope/MethodScopeUnitTest.php
<f+++++++ vendor/squizlabs/php_codesniffer/src/Standards/Squiz/Tests/Scope/StaticThisUsageUnitTest.inc
<f+++++++ vendor/squizlabs/php_codesniffer/src/Standards/Squiz/Tests/Scope/StaticThisUsageUnitTest.php
cd+++++++ vendor/squizlabs/php_codesniffer/src/Standards/Squiz/Tests/Strings/
<f+++++++ vendor/squizlabs/php_codesniffer/src/Standards/Squiz/Tests/Strings/ConcatenationSpacingUnitTest.inc
<f+++++++ vendor/squizlabs/php_codesniffer/src/Standards/Squiz/Tests/Strings/ConcatenationSpacingUnitTest.inc.fixed
<f+++++++ vendor/squizlabs/php_codesniffer/src/Standards/Squiz/Tests/Strings/ConcatenationSpacingUnitTest.php
<f+++++++ vendor/squizlabs/php_codesniffer/src/Standards/Squiz/Tests/Strings/DoubleQuoteUsageUnitTest.inc
<f+++++++ vendor/squizlabs/php_codesniffer/src/Standards/Squiz/Tests/Strings/DoubleQuoteUsageUnitTest.inc.fixed
<f+++++++ vendor/squizlabs/php_codesniffer/src/Standards/Squiz/Tests/Strings/DoubleQuoteUsageUnitTest.php
<f+++++++ vendor/squizlabs/php_codesniffer/src/Standards/Squiz/Tests/Strings/EchoedStringsUnitTest.inc
<f+++++++ vendor/squizlabs/php_codesniffer/src/Standards/Squiz/Tests/Strings/EchoedStringsUnitTest.inc.fixed
<f+++++++ vendor/squizlabs/php_codesniffer/src/Standards/Squiz/Tests/Strings/EchoedStringsUnitTest.php
cd+++++++ vendor/squizlabs/php_codesniffer/src/Standards/Squiz/Tests/WhiteSpace/
<f+++++++ vendor/squizlabs/php_codesniffer/src/Standards/Squiz/Tests/WhiteSpace/CastSpacingUnitTest.inc
<f+++++++ vendor/squizlabs/php_codesniffer/src/Standards/Squiz/Tests/WhiteSpace/CastSpacingUnitTest.inc.fixed
<f+++++++ vendor/squizlabs/php_codesniffer/src/Standards/Squiz/Tests/WhiteSpace/CastSpacingUnitTest.php
<f+++++++ vendor/squizlabs/php_codesniffer/src/Standards/Squiz/Tests/WhiteSpace/ControlStructureSpacingUnitTest.inc
<f+++++++ vendor/squizlabs/php_codesniffer/src/Standards/Squiz/Tests/WhiteSpace/ControlStructureSpacingUnitTest.inc.fixed
<f+++++++ vendor/squizlabs/php_codesniffer/src/Standards/Squiz/Tests/WhiteSpace/ControlStructureSpacingUnitTest.js
<f+++++++ vendor/squizlabs/php_codesniffer/src/Standards/Squiz/Tests/WhiteSpace/ControlStructureSpacingUnitTest.js.fixed
<f+++++++ vendor/squizlabs/php_codesniffer/src/Standards/Squiz/Tests/WhiteSpace/ControlStructureSpacingUnitTest.php
<f+++++++ vendor/squizlabs/php_codesniffer/src/Standards/Squiz/Tests/WhiteSpace/FunctionClosingBraceSpaceUnitTest.inc
<f+++++++ vendor/squizlabs/php_codesniffer/src/Standards/Squiz/Tests/WhiteSpace/FunctionClosingBraceSpaceUnitTest.inc.fixed
<f+++++++ vendor/squizlabs/php_codesniffer/src/Standards/Squiz/Tests/WhiteSpace/FunctionClosingBraceSpaceUnitTest.js
<f+++++++ vendor/squizlabs/php_codesniffer/src/Standards/Squiz/Tests/WhiteSpace/FunctionClosingBraceSpaceUnitTest.js.fixed
<f+++++++ vendor/squizlabs/php_codesniffer/src/Standards/Squiz/Tests/WhiteSpace/FunctionClosingBraceSpaceUnitTest.php
<f+++++++ vendor/squizlabs/php_codesniffer/src/Standards/Squiz/Tests/WhiteSpace/FunctionOpeningBraceSpaceUnitTest.inc
<f+++++++ vendor/squizlabs/php_codesniffer/src/Standards/Squiz/Tests/WhiteSpace/FunctionOpeningBraceSpaceUnitTest.inc.fixed
<f+++++++ vendor/squizlabs/php_codesniffer/src/Standards/Squiz/Tests/WhiteSpace/FunctionOpeningBraceSpaceUnitTest.js
<f+++++++ vendor/squizlabs/php_codesniffer/src/Standards/Squiz/Tests/WhiteSpace/FunctionOpeningBraceSpaceUnitTest.js.fixed
<f+++++++ vendor/squizlabs/php_codesniffer/src/Standards/Squiz/Tests/WhiteSpace/FunctionOpeningBraceSpaceUnitTest.php
<f+++++++ vendor/squizlabs/php_codesniffer/src/Standards/Squiz/Tests/WhiteSpace/FunctionSpacingUnitTest.1.inc
<f+++++++ vendor/squizlabs/php_codesniffer/src/Standards/Squiz/Tests/WhiteSpace/FunctionSpacingUnitTest.1.inc.fixed
<f+++++++ vendor/squizlabs/php_codesniffer/src/Standards/Squiz/Tests/WhiteSpace/FunctionSpacingUnitTest.2.inc
<f+++++++ vendor/squizlabs/php_codesniffer/src/Standards/Squiz/Tests/WhiteSpace/FunctionSpacingUnitTest.2.inc.fixed
<f+++++++ vendor/squizlabs/php_codesniffer/src/Standards/Squiz/Tests/WhiteSpace/FunctionSpacingUnitTest.3.inc
<f+++++++ vendor/squizlabs/php_codesniffer/src/Standards/Squiz/Tests/WhiteSpace/FunctionSpacingUnitTest.3.inc.fixed
<f+++++++ vendor/squizlabs/php_codesniffer/src/Standards/Squiz/Tests/WhiteSpace/FunctionSpacingUnitTest.4.inc
<f+++++++ vendor/squizlabs/php_codesniffer/src/Standards/Squiz/Tests/WhiteSpace/FunctionSpacingUnitTest.5.inc
<f+++++++ vendor/squizlabs/php_codesniffer/src/Standards/Squiz/Tests/WhiteSpace/FunctionSpacingUnitTest.5.inc.fixed
<f+++++++ vendor/squizlabs/php_codesniffer/src/Standards/Squiz/Tests/WhiteSpace/FunctionSpacingUnitTest.6.inc
<f+++++++ vendor/squizlabs/php_codesniffer/src/Standards/Squiz/Tests/WhiteSpace/FunctionSpacingUnitTest.6.inc.fixed
<f+++++++ vendor/squizlabs/php_codesniffer/src/Standards/Squiz/Tests/WhiteSpace/FunctionSpacingUnitTest.7.inc
<f+++++++ vendor/squizlabs/php_codesniffer/src/Standards/Squiz/Tests/WhiteSpace/FunctionSpacingUnitTest.php
<f+++++++ vendor/squizlabs/php_codesniffer/src/Standards/Squiz/Tests/WhiteSpace/LanguageConstructSpacingUnitTest.inc
<f+++++++ vendor/squizlabs/php_codesniffer/src/Standards/Squiz/Tests/WhiteSpace/LanguageConstructSpacingUnitTest.inc.fixed
<f+++++++ vendor/squizlabs/php_codesniffer/src/Standards/Squiz/Tests/WhiteSpace/LanguageConstructSpacingUnitTest.php
<f+++++++ vendor/squizlabs/php_codesniffer/src/Standards/Squiz/Tests/WhiteSpace/LogicalOperatorSpacingUnitTest.inc
<f+++++++ vendor/squizlabs/php_codesniffer/src/Standards/Squiz/Tests/WhiteSpace/LogicalOperatorSpacingUnitTest.inc.fixed
<f+++++++ vendor/squizlabs/php_codesniffer/src/Standards/Squiz/Tests/WhiteSpace/LogicalOperatorSpacingUnitTest.js
<f+++++++ vendor/squizlabs/php_codesniffer/src/Standards/Squiz/Tests/WhiteSpace/LogicalOperatorSpacingUnitTest.js.fixed
<f+++++++ vendor/squizlabs/php_codesniffer/src/Standards/Squiz/Tests/WhiteSpace/LogicalOperatorSpacingUnitTest.php
<f+++++++ vendor/squizlabs/php_codesniffer/src/Standards/Squiz/Tests/WhiteSpace/MemberVarSpacingUnitTest.1.inc
<f+++++++ vendor/squizlabs/php_codesniffer/src/Standards/Squiz/Tests/WhiteSpace/MemberVarSpacingUnitTest.1.inc.fixed
<f+++++++ vendor/squizlabs/php_codesniffer/src/Standards/Squiz/Tests/WhiteSpace/MemberVarSpacingUnitTest.2.inc
<f+++++++ vendor/squizlabs/php_codesniffer/src/Standards/Squiz/Tests/WhiteSpace/MemberVarSpacingUnitTest.3.inc
<f+++++++ vendor/squizlabs/php_codesniffer/src/Standards/Squiz/Tests/WhiteSpace/MemberVarSpacingUnitTest.php
<f+++++++ vendor/squizlabs/php_codesniffer/src/Standards/Squiz/Tests/WhiteSpace/ObjectOperatorSpacingUnitTest.inc
<f+++++++ vendor/squizlabs/php_codesniffer/src/Standards/Squiz/Tests/WhiteSpace/ObjectOperatorSpacingUnitTest.inc.fixed
<f+++++++ vendor/squizlabs/php_codesniffer/src/Standards/Squiz/Tests/WhiteSpace/ObjectOperatorSpacingUnitTest.php
<f+++++++ vendor/squizlabs/php_codesniffer/src/Standards/Squiz/Tests/WhiteSpace/OperatorSpacingUnitTest.1.inc
<f+++++++ vendor/squizlabs/php_codesniffer/src/Standards/Squiz/Tests/WhiteSpace/OperatorSpacingUnitTest.1.inc.fixed
<f+++++++ vendor/squizlabs/php_codesniffer/src/Standards/Squiz/Tests/WhiteSpace/OperatorSpacingUnitTest.2.inc
<f+++++++ vendor/squizlabs/php_codesniffer/src/Standards/Squiz/Tests/WhiteSpace/OperatorSpacingUnitTest.3.inc
<f+++++++ vendor/squizlabs/php_codesniffer/src/Standards/Squiz/Tests/WhiteSpace/OperatorSpacingUnitTest.js
<f+++++++ vendor/squizlabs/php_codesniffer/src/Standards/Squiz/Tests/WhiteSpace/OperatorSpacingUnitTest.js.fixed
<f+++++++ vendor/squizlabs/php_codesniffer/src/Standards/Squiz/Tests/WhiteSpace/OperatorSpacingUnitTest.php
<f+++++++ vendor/squizlabs/php_codesniffer/src/Standards/Squiz/Tests/WhiteSpace/PropertyLabelSpacingUnitTest.js
<f+++++++ vendor/squizlabs/php_codesniffer/src/Standards/Squiz/Tests/WhiteSpace/PropertyLabelSpacingUnitTest.js.fixed
<f+++++++ vendor/squizlabs/php_codesniffer/src/Standards/Squiz/Tests/WhiteSpace/PropertyLabelSpacingUnitTest.php
<f+++++++ vendor/squizlabs/php_codesniffer/src/Standards/Squiz/Tests/WhiteSpace/ScopeClosingBraceUnitTest.inc
<f+++++++ vendor/squizlabs/php_codesniffer/src/Standards/Squiz/Tests/WhiteSpace/ScopeClosingBraceUnitTest.inc.fixed
<f+++++++ vendor/squizlabs/php_codesniffer/src/Standards/Squiz/Tests/WhiteSpace/ScopeClosingBraceUnitTest.php
<f+++++++ vendor/squizlabs/php_codesniffer/src/Standards/Squiz/Tests/WhiteSpace/ScopeKeywordSpacingUnitTest.1.inc
<f+++++++ vendor/squizlabs/php_codesniffer/src/Standards/Squiz/Tests/WhiteSpace/ScopeKeywordSpacingUnitTest.1.inc.fixed
<f+++++++ vendor/squizlabs/php_codesniffer/src/Standards/Squiz/Tests/WhiteSpace/ScopeKeywordSpacingUnitTest.2.inc
<f+++++++ vendor/squizlabs/php_codesniffer/src/Standards/Squiz/Tests/WhiteSpace/ScopeKeywordSpacingUnitTest.3.inc
<f+++++++ vendor/squizlabs/php_codesniffer/src/Standards/Squiz/Tests/WhiteSpace/ScopeKeywordSpacingUnitTest.3.inc.fixed
<f+++++++ vendor/squizlabs/php_codesniffer/src/Standards/Squiz/Tests/WhiteSpace/ScopeKeywordSpacingUnitTest.4.inc
<f+++++++ vendor/squizlabs/php_codesniffer/src/Standards/Squiz/Tests/WhiteSpace/ScopeKeywordSpacingUnitTest.php
<f+++++++ vendor/squizlabs/php_codesniffer/src/Standards/Squiz/Tests/WhiteSpace/SemicolonSpacingUnitTest.inc
<f+++++++ vendor/squizlabs/php_codesniffer/src/Standards/Squiz/Tests/WhiteSpace/SemicolonSpacingUnitTest.inc.fixed
<f+++++++ vendor/squizlabs/php_codesniffer/src/Standards/Squiz/Tests/WhiteSpace/SemicolonSpacingUnitTest.js
<f+++++++ vendor/squizlabs/php_codesniffer/src/Standards/Squiz/Tests/WhiteSpace/SemicolonSpacingUnitTest.js.fixed
<f+++++++ vendor/squizlabs/php_codesniffer/src/Standards/Squiz/Tests/WhiteSpace/SemicolonSpacingUnitTest.php
<f+++++++ vendor/squizlabs/php_codesniffer/src/Standards/Squiz/Tests/WhiteSpace/SuperfluousWhitespaceUnitTest.1.css
<f+++++++ vendor/squizlabs/php_codesniffer/src/Standards/Squiz/Tests/WhiteSpace/SuperfluousWhitespaceUnitTest.1.css.fixed
<f+++++++ vendor/squizlabs/php_codesniffer/src/Standards/Squiz/Tests/WhiteSpace/SuperfluousWhitespaceUnitTest.1.inc
<f+++++++ vendor/squizlabs/php_codesniffer/src/Standards/Squiz/Tests/WhiteSpace/SuperfluousWhitespaceUnitTest.1.inc.fixed
<f+++++++ vendor/squizlabs/php_codesniffer/src/Standards/Squiz/Tests/WhiteSpace/SuperfluousWhitespaceUnitTest.1.js
<f+++++++ vendor/squizlabs/php_codesniffer/src/Standards/Squiz/Tests/WhiteSpace/SuperfluousWhitespaceUnitTest.1.js.fixed
<f+++++++ vendor/squizlabs/php_codesniffer/src/Standards/Squiz/Tests/WhiteSpace/SuperfluousWhitespaceUnitTest.2.css
<f+++++++ vendor/squizlabs/php_codesniffer/src/Standards/Squiz/Tests/WhiteSpace/SuperfluousWhitespaceUnitTest.2.css.fixed
<f+++++++ vendor/squizlabs/php_codesniffer/src/Standards/Squiz/Tests/WhiteSpace/SuperfluousWhitespaceUnitTest.2.inc
<f+++++++ vendor/squizlabs/php_codesniffer/src/Standards/Squiz/Tests/WhiteSpace/SuperfluousWhitespaceUnitTest.2.inc.fixed
<f+++++++ vendor/squizlabs/php_codesniffer/src/Standards/Squiz/Tests/WhiteSpace/SuperfluousWhitespaceUnitTest.2.js
<f+++++++ vendor/squizlabs/php_codesniffer/src/Standards/Squiz/Tests/WhiteSpace/SuperfluousWhitespaceUnitTest.2.js.fixed
<f+++++++ vendor/squizlabs/php_codesniffer/src/Standards/Squiz/Tests/WhiteSpace/SuperfluousWhitespaceUnitTest.3.css
<f+++++++ vendor/squizlabs/php_codesniffer/src/Standards/Squiz/Tests/WhiteSpace/SuperfluousWhitespaceUnitTest.3.css.fixed
<f+++++++ vendor/squizlabs/php_codesniffer/src/Standards/Squiz/Tests/WhiteSpace/SuperfluousWhitespaceUnitTest.3.inc
<f+++++++ vendor/squizlabs/php_codesniffer/src/Standards/Squiz/Tests/WhiteSpace/SuperfluousWhitespaceUnitTest.3.inc.fixed
<f+++++++ vendor/squizlabs/php_codesniffer/src/Standards/Squiz/Tests/WhiteSpace/SuperfluousWhitespaceUnitTest.3.js
<f+++++++ vendor/squizlabs/php_codesniffer/src/Standards/Squiz/Tests/WhiteSpace/SuperfluousWhitespaceUnitTest.3.js.fixed
<f+++++++ vendor/squizlabs/php_codesniffer/src/Standards/Squiz/Tests/WhiteSpace/SuperfluousWhitespaceUnitTest.4.inc
<f+++++++ vendor/squizlabs/php_codesniffer/src/Standards/Squiz/Tests/WhiteSpace/SuperfluousWhitespaceUnitTest.4.inc.fixed
<f+++++++ vendor/squizlabs/php_codesniffer/src/Standards/Squiz/Tests/WhiteSpace/SuperfluousWhitespaceUnitTest.5.inc
<f+++++++ vendor/squizlabs/php_codesniffer/src/Standards/Squiz/Tests/WhiteSpace/SuperfluousWhitespaceUnitTest.5.inc.fixed
<f+++++++ vendor/squizlabs/php_codesniffer/src/Standards/Squiz/Tests/WhiteSpace/SuperfluousWhitespaceUnitTest.php
cd+++++++ vendor/squizlabs/php_codesniffer/src/Standards/Zend/
<f+++++++ vendor/squizlabs/php_codesniffer/src/Standards/Zend/ruleset.xml
cd+++++++ vendor/squizlabs/php_codesniffer/src/Standards/Zend/Docs/
cd+++++++ vendor/squizlabs/php_codesniffer/src/Standards/Zend/Docs/Debug/
<f+++++++ vendor/squizlabs/php_codesniffer/src/Standards/Zend/Docs/Debug/CodeAnalyzerStandard.xml
cd+++++++ vendor/squizlabs/php_codesniffer/src/Standards/Zend/Docs/Files/
<f+++++++ vendor/squizlabs/php_codesniffer/src/Standards/Zend/Docs/Files/ClosingTagStandard.xml
cd+++++++ vendor/squizlabs/php_codesniffer/src/Standards/Zend/Docs/NamingConventions/
<f+++++++ vendor/squizlabs/php_codesniffer/src/Standards/Zend/Docs/NamingConventions/ValidVariableNameStandard.xml
cd+++++++ vendor/squizlabs/php_codesniffer/src/Standards/Zend/Sniffs/
cd+++++++ vendor/squizlabs/php_codesniffer/src/Standards/Zend/Sniffs/Debug/
<f+++++++ vendor/squizlabs/php_codesniffer/src/Standards/Zend/Sniffs/Debug/CodeAnalyzerSniff.php
cd+++++++ vendor/squizlabs/php_codesniffer/src/Standards/Zend/Sniffs/Files/
<f+++++++ vendor/squizlabs/php_codesniffer/src/Standards/Zend/Sniffs/Files/ClosingTagSniff.php
cd+++++++ vendor/squizlabs/php_codesniffer/src/Standards/Zend/Sniffs/NamingConventions/
<f+++++++ vendor/squizlabs/php_codesniffer/src/Standards/Zend/Sniffs/NamingConventions/ValidVariableNameSniff.php
cd+++++++ vendor/squizlabs/php_codesniffer/src/Standards/Zend/Tests/
cd+++++++ vendor/squizlabs/php_codesniffer/src/Standards/Zend/Tests/Debug/
<f+++++++ vendor/squizlabs/php_codesniffer/src/Standards/Zend/Tests/Debug/CodeAnalyzerUnitTest.inc
<f+++++++ vendor/squizlabs/php_codesniffer/src/Standards/Zend/Tests/Debug/CodeAnalyzerUnitTest.php
cd+++++++ vendor/squizlabs/php_codesniffer/src/Standards/Zend/Tests/Files/
<f+++++++ vendor/squizlabs/php_codesniffer/src/Standards/Zend/Tests/Files/ClosingTagUnitTest.1.inc
<f+++++++ vendor/squizlabs/php_codesniffer/src/Standards/Zend/Tests/Files/ClosingTagUnitTest.1.inc.fixed
<f+++++++ vendor/squizlabs/php_codesniffer/src/Standards/Zend/Tests/Files/ClosingTagUnitTest.2.inc
<f+++++++ vendor/squizlabs/php_codesniffer/src/Standards/Zend/Tests/Files/ClosingTagUnitTest.3.inc
<f+++++++ vendor/squizlabs/php_codesniffer/src/Standards/Zend/Tests/Files/ClosingTagUnitTest.3.inc.fixed
<f+++++++ vendor/squizlabs/php_codesniffer/src/Standards/Zend/Tests/Files/ClosingTagUnitTest.4.inc
<f+++++++ vendor/squizlabs/php_codesniffer/src/Standards/Zend/Tests/Files/ClosingTagUnitTest.4.inc.fixed
<f+++++++ vendor/squizlabs/php_codesniffer/src/Standards/Zend/Tests/Files/ClosingTagUnitTest.5.inc
<f+++++++ vendor/squizlabs/php_codesniffer/src/Standards/Zend/Tests/Files/ClosingTagUnitTest.5.inc.fixed
<f+++++++ vendor/squizlabs/php_codesniffer/src/Standards/Zend/Tests/Files/ClosingTagUnitTest.6.inc
<f+++++++ vendor/squizlabs/php_codesniffer/src/Standards/Zend/Tests/Files/ClosingTagUnitTest.6.inc.fixed
<f+++++++ vendor/squizlabs/php_codesniffer/src/Standards/Zend/Tests/Files/ClosingTagUnitTest.7.inc
<f+++++++ vendor/squizlabs/php_codesniffer/src/Standards/Zend/Tests/Files/ClosingTagUnitTest.7.inc.fixed
<f+++++++ vendor/squizlabs/php_codesniffer/src/Standards/Zend/Tests/Files/ClosingTagUnitTest.php
cd+++++++ vendor/squizlabs/php_codesniffer/src/Standards/Zend/Tests/NamingConventions/
<f+++++++ vendor/squizlabs/php_codesniffer/src/Standards/Zend/Tests/NamingConventions/ValidVariableNameUnitTest.inc
<f+++++++ vendor/squizlabs/php_codesniffer/src/Standards/Zend/Tests/NamingConventions/ValidVariableNameUnitTest.php
cd+++++++ vendor/squizlabs/php_codesniffer/src/Tokenizers/
<f+++++++ vendor/squizlabs/php_codesniffer/src/Tokenizers/CSS.php
<f+++++++ vendor/squizlabs/php_codesniffer/src/Tokenizers/Comment.php
<f+++++++ vendor/squizlabs/php_codesniffer/src/Tokenizers/JS.php
<f+++++++ vendor/squizlabs/php_codesniffer/src/Tokenizers/PHP.php
<f+++++++ vendor/squizlabs/php_codesniffer/src/Tokenizers/Tokenizer.php
cd+++++++ vendor/squizlabs/php_codesniffer/src/Util/
<f+++++++ vendor/squizlabs/php_codesniffer/src/Util/Cache.php
<f+++++++ vendor/squizlabs/php_codesniffer/src/Util/Common.php
<f+++++++ vendor/squizlabs/php_codesniffer/src/Util/Help.php
<f+++++++ vendor/squizlabs/php_codesniffer/src/Util/MessageCollector.php
<f+++++++ vendor/squizlabs/php_codesniffer/src/Util/Standards.php
<f+++++++ vendor/squizlabs/php_codesniffer/src/Util/Timing.php
<f+++++++ vendor/squizlabs/php_codesniffer/src/Util/Tokens.php
cd+++++++ vendor/squizlabs/php_codesniffer/tests/
<f+++++++ vendor/squizlabs/php_codesniffer/tests/AllTests.php
<f+++++++ vendor/squizlabs/php_codesniffer/tests/ConfigDouble.php
<f+++++++ vendor/squizlabs/php_codesniffer/tests/FileList.php
<f+++++++ vendor/squizlabs/php_codesniffer/tests/TestSuite.php
<f+++++++ vendor/squizlabs/php_codesniffer/tests/TestSuite7.php
<f+++++++ vendor/squizlabs/php_codesniffer/tests/bootstrap.php
cd+++++++ vendor/squizlabs/php_codesniffer/tests/Core/
<f+++++++ vendor/squizlabs/php_codesniffer/tests/Core/AbstractMethodUnitTest.php
<f+++++++ vendor/squizlabs/php_codesniffer/tests/Core/AllTests.php
<f+++++++ vendor/squizlabs/php_codesniffer/tests/Core/ErrorSuppressionTest.php
cd+++++++ vendor/squizlabs/php_codesniffer/tests/Core/Autoloader/
<f+++++++ vendor/squizlabs/php_codesniffer/tests/Core/Autoloader/DetermineLoadedClassTest.php
cd+++++++ vendor/squizlabs/php_codesniffer/tests/Core/Autoloader/TestFiles/
<f+++++++ vendor/squizlabs/php_codesniffer/tests/Core/Autoloader/TestFiles/A.inc
<f+++++++ vendor/squizlabs/php_codesniffer/tests/Core/Autoloader/TestFiles/B.inc
<f+++++++ vendor/squizlabs/php_codesniffer/tests/Core/Autoloader/TestFiles/C.inc
cd+++++++ vendor/squizlabs/php_codesniffer/tests/Core/Autoloader/TestFiles/Sub/
<f+++++++ vendor/squizlabs/php_codesniffer/tests/Core/Autoloader/TestFiles/Sub/C.inc
cd+++++++ vendor/squizlabs/php_codesniffer/tests/Core/Config/
<f+++++++ vendor/squizlabs/php_codesniffer/tests/Core/Config/AbstractRealConfigTestCase.php
<f+++++++ vendor/squizlabs/php_codesniffer/tests/Core/Config/ExtensionsArgTest.php
<f+++++++ vendor/squizlabs/php_codesniffer/tests/Core/Config/GeneratorArgTest.php
<f+++++++ vendor/squizlabs/php_codesniffer/tests/Core/Config/ReportArgsTest.php
<f+++++++ vendor/squizlabs/php_codesniffer/tests/Core/Config/ReportWidthTest.php
<f+++++++ vendor/squizlabs/php_codesniffer/tests/Core/Config/SniffsExcludeArgsTest.php
cd+++++++ vendor/squizlabs/php_codesniffer/tests/Core/Files/
cd+++++++ vendor/squizlabs/php_codesniffer/tests/Core/Files/File/
<f+++++++ vendor/squizlabs/php_codesniffer/tests/Core/Files/File/FindEndOfStatementTest.inc
<f+++++++ vendor/squizlabs/php_codesniffer/tests/Core/Files/File/FindEndOfStatementTest.php
<f+++++++ vendor/squizlabs/php_codesniffer/tests/Core/Files/File/FindExtendedClassNameTest.inc
<f+++++++ vendor/squizlabs/php_codesniffer/tests/Core/Files/File/FindExtendedClassNameTest.php
<f+++++++ vendor/squizlabs/php_codesniffer/tests/Core/Files/File/FindImplementedInterfaceNamesTest.inc
<f+++++++ vendor/squizlabs/php_codesniffer/tests/Core/Files/File/FindImplementedInterfaceNamesTest.php
<f+++++++ vendor/squizlabs/php_codesniffer/tests/Core/Files/File/FindStartOfStatementTest.inc
<f+++++++ vendor/squizlabs/php_codesniffer/tests/Core/Files/File/FindStartOfStatementTest.php
<f+++++++ vendor/squizlabs/php_codesniffer/tests/Core/Files/File/GetClassPropertiesTest.inc
<f+++++++ vendor/squizlabs/php_codesniffer/tests/Core/Files/File/GetClassPropertiesTest.php
<f+++++++ vendor/squizlabs/php_codesniffer/tests/Core/Files/File/GetConditionTest.inc
<f+++++++ vendor/squizlabs/php_codesniffer/tests/Core/Files/File/GetConditionTest.php
<f+++++++ vendor/squizlabs/php_codesniffer/tests/Core/Files/File/GetDeclarationNameJSTest.js
<f+++++++ vendor/squizlabs/php_codesniffer/tests/Core/Files/File/GetDeclarationNameJSTest.php
<f+++++++ vendor/squizlabs/php_codesniffer/tests/Core/Files/File/GetDeclarationNameParseError1Test.inc
<f+++++++ vendor/squizlabs/php_codesniffer/tests/Core/Files/File/GetDeclarationNameParseError1Test.php
<f+++++++ vendor/squizlabs/php_codesniffer/tests/Core/Files/File/GetDeclarationNameParseError2Test.inc
<f+++++++ vendor/squizlabs/php_codesniffer/tests/Core/Files/File/GetDeclarationNameParseError2Test.php
<f+++++++ vendor/squizlabs/php_codesniffer/tests/Core/Files/File/GetDeclarationNameTest.inc
<f+++++++ vendor/squizlabs/php_codesniffer/tests/Core/Files/File/GetDeclarationNameTest.php
<f+++++++ vendor/squizlabs/php_codesniffer/tests/Core/Files/File/GetMemberPropertiesTest.inc
<f+++++++ vendor/squizlabs/php_codesniffer/tests/Core/Files/File/GetMemberPropertiesTest.php
<f+++++++ vendor/squizlabs/php_codesniffer/tests/Core/Files/File/GetMethodParametersParseError1Test.inc
<f+++++++ vendor/squizlabs/php_codesniffer/tests/Core/Files/File/GetMethodParametersParseError1Test.php
<f+++++++ vendor/squizlabs/php_codesniffer/tests/Core/Files/File/GetMethodParametersParseError2Test.inc
<f+++++++ vendor/squizlabs/php_codesniffer/tests/Core/Files/File/GetMethodParametersParseError2Test.php
<f+++++++ vendor/squizlabs/php_codesniffer/tests/Core/Files/File/GetMethodParametersTest.inc
<f+++++++ vendor/squizlabs/php_codesniffer/tests/Core/Files/File/GetMethodParametersTest.php
<f+++++++ vendor/squizlabs/php_codesniffer/tests/Core/Files/File/GetMethodPropertiesTest.inc
<f+++++++ vendor/squizlabs/php_codesniffer/tests/Core/Files/File/GetMethodPropertiesTest.php
<f+++++++ vendor/squizlabs/php_codesniffer/tests/Core/Files/File/GetTokensAsStringTest.inc
<f+++++++ vendor/squizlabs/php_codesniffer/tests/Core/Files/File/GetTokensAsStringTest.php
<f+++++++ vendor/squizlabs/php_codesniffer/tests/Core/Files/File/IsReferenceTest.inc
<f+++++++ vendor/squizlabs/php_codesniffer/tests/Core/Files/File/IsReferenceTest.php
cd+++++++ vendor/squizlabs/php_codesniffer/tests/Core/Files/FileList/
<f+++++++ vendor/squizlabs/php_codesniffer/tests/Core/Files/FileList/AbstractFileListTestCase.php
<f+++++++ vendor/squizlabs/php_codesniffer/tests/Core/Files/FileList/AddFileTest.php
<f+++++++ vendor/squizlabs/php_codesniffer/tests/Core/Files/FileList/ConstructTest.php
<f+++++++ vendor/squizlabs/php_codesniffer/tests/Core/Files/FileList/FilterDouble.php
cd+++++++ vendor/squizlabs/php_codesniffer/tests/Core/Files/FileList/Fixtures/
<f+++++++ vendor/squizlabs/php_codesniffer/tests/Core/Files/FileList/Fixtures/file1.php
<f+++++++ vendor/squizlabs/php_codesniffer/tests/Core/Files/FileList/Fixtures/file2.php
cd+++++++ vendor/squizlabs/php_codesniffer/tests/Core/Filters/
<f+++++++ vendor/squizlabs/php_codesniffer/tests/Core/Filters/AbstractFilterTestCase.php
<f+++++++ vendor/squizlabs/php_codesniffer/tests/Core/Filters/GitModifiedTest.php
<f+++++++ vendor/squizlabs/php_codesniffer/tests/Core/Filters/GitStagedTest.php
cd+++++++ vendor/squizlabs/php_codesniffer/tests/Core/Filters/Filter/
<f+++++++ vendor/squizlabs/php_codesniffer/tests/Core/Filters/Filter/AcceptTest.php
<f+++++++ vendor/squizlabs/php_codesniffer/tests/Core/Filters/Filter/AcceptTest.xml
cd+++++++ vendor/squizlabs/php_codesniffer/tests/Core/Fixer/
<f+++++++ vendor/squizlabs/php_codesniffer/tests/Core/Fixer/FixFileReturnValueAllGoodTest.xml
<f+++++++ vendor/squizlabs/php_codesniffer/tests/Core/Fixer/FixFileReturnValueConflictTest.xml
<f+++++++ vendor/squizlabs/php_codesniffer/tests/Core/Fixer/FixFileReturnValueNotEnoughLoopsTest.xml
<f+++++++ vendor/squizlabs/php_codesniffer/tests/Core/Fixer/FixFileReturnValueTest.php
<f+++++++ vendor/squizlabs/php_codesniffer/tests/Core/Fixer/GenerateDiffTest.php
cd+++++++ vendor/squizlabs/php_codesniffer/tests/Core/Fixer/Fixtures/
<f+++++++ vendor/squizlabs/php_codesniffer/tests/Core/Fixer/Fixtures/GenerateDiffTest-BlankLinesAtEnd.diff
<f+++++++ vendor/squizlabs/php_codesniffer/tests/Core/Fixer/Fixtures/GenerateDiffTest-BlankLinesAtEnd.inc
<f+++++++ vendor/squizlabs/php_codesniffer/tests/Core/Fixer/Fixtures/GenerateDiffTest-BlankLinesAtStart.diff
<f+++++++ vendor/squizlabs/php_codesniffer/tests/Core/Fixer/Fixtures/GenerateDiffTest-BlankLinesAtStart.inc
<f+++++++ vendor/squizlabs/php_codesniffer/tests/Core/Fixer/Fixtures/GenerateDiffTest-LineAdded.diff
<f+++++++ vendor/squizlabs/php_codesniffer/tests/Core/Fixer/Fixtures/GenerateDiffTest-LineAdded.inc
<f+++++++ vendor/squizlabs/php_codesniffer/tests/Core/Fixer/Fixtures/GenerateDiffTest-LineRemoved.diff
<f+++++++ vendor/squizlabs/php_codesniffer/tests/Core/Fixer/Fixtures/GenerateDiffTest-LineRemoved.inc
<f+++++++ vendor/squizlabs/php_codesniffer/tests/Core/Fixer/Fixtures/GenerateDiffTest-NoDiff.diff
<f+++++++ vendor/squizlabs/php_codesniffer/tests/Core/Fixer/Fixtures/GenerateDiffTest-NoDiff.inc
<f+++++++ vendor/squizlabs/php_codesniffer/tests/Core/Fixer/Fixtures/GenerateDiffTest-NoTrailingWhitespace.diff
<f+++++++ vendor/squizlabs/php_codesniffer/tests/Core/Fixer/Fixtures/GenerateDiffTest-NoTrailingWhitespace.inc
<f+++++++ vendor/squizlabs/php_codesniffer/tests/Core/Fixer/Fixtures/GenerateDiffTest-TabsToSpaces.diff
<f+++++++ vendor/squizlabs/php_codesniffer/tests/Core/Fixer/Fixtures/GenerateDiffTest-TabsToSpaces.inc
<f+++++++ vendor/squizlabs/php_codesniffer/tests/Core/Fixer/Fixtures/GenerateDiffTest-VarNameChanged.diff
<f+++++++ vendor/squizlabs/php_codesniffer/tests/Core/Fixer/Fixtures/GenerateDiffTest-VarNameChanged.inc
<f+++++++ vendor/squizlabs/php_codesniffer/tests/Core/Fixer/Fixtures/GenerateDiffTest-WhiteSpaceAtEnd.diff
<f+++++++ vendor/squizlabs/php_codesniffer/tests/Core/Fixer/Fixtures/GenerateDiffTest-WhiteSpaceAtEnd.inc
<f+++++++ vendor/squizlabs/php_codesniffer/tests/Core/Fixer/Fixtures/GenerateDiffTest-WhiteSpaceAtStart.diff
<f+++++++ vendor/squizlabs/php_codesniffer/tests/Core/Fixer/Fixtures/GenerateDiffTest-WhiteSpaceAtStart.inc
<f+++++++ vendor/squizlabs/php_codesniffer/tests/Core/Fixer/Fixtures/GenerateDiffTest-WindowsLineEndings.inc
<f+++++++ vendor/squizlabs/php_codesniffer/tests/Core/Fixer/Fixtures/GenerateDiffTest.inc
<f+++++++ vendor/squizlabs/php_codesniffer/tests/Core/Fixer/Fixtures/test.inc
cd+++++++ vendor/squizlabs/php_codesniffer/tests/Core/Fixer/Fixtures/TestStandard/
<f+++++++ vendor/squizlabs/php_codesniffer/tests/Core/Fixer/Fixtures/TestStandard/ruleset.xml
cd+++++++ vendor/squizlabs/php_codesniffer/tests/Core/Fixer/Fixtures/TestStandard/Sniffs/
cd+++++++ vendor/squizlabs/php_codesniffer/tests/Core/Fixer/Fixtures/TestStandard/Sniffs/FixFileReturnValue/
<f+++++++ vendor/squizlabs/php_codesniffer/tests/Core/Fixer/Fixtures/TestStandard/Sniffs/FixFileReturnValue/AllGoodSniff.php
<f+++++++ vendor/squizlabs/php_codesniffer/tests/Core/Fixer/Fixtures/TestStandard/Sniffs/FixFileReturnValue/ConflictSniff.php
<f+++++++ vendor/squizlabs/php_codesniffer/tests/Core/Fixer/Fixtures/TestStandard/Sniffs/FixFileReturnValue/NotEnoughLoopsSniff.php
cd+++++++ vendor/squizlabs/php_codesniffer/tests/Core/Generators/
<f+++++++ vendor/squizlabs/php_codesniffer/tests/Core/Generators/AllValidDocsTest.xml
<f+++++++ vendor/squizlabs/php_codesniffer/tests/Core/Generators/AnchorLinksTest.xml
<f+++++++ vendor/squizlabs/php_codesniffer/tests/Core/Generators/GeneratorTest.php
<f+++++++ vendor/squizlabs/php_codesniffer/tests/Core/Generators/HTMLTest.php
<f+++++++ vendor/squizlabs/php_codesniffer/tests/Core/Generators/MarkdownTest.php
<f+++++++ vendor/squizlabs/php_codesniffer/tests/Core/Generators/NoDocsTest.xml
<f+++++++ vendor/squizlabs/php_codesniffer/tests/Core/Generators/NoValidDocsTest.xml
<f+++++++ vendor/squizlabs/php_codesniffer/tests/Core/Generators/OneDocTest.xml
<f+++++++ vendor/squizlabs/php_codesniffer/tests/Core/Generators/StructureDocsTest.xml
<f+++++++ vendor/squizlabs/php_codesniffer/tests/Core/Generators/TextTest.php
cd+++++++ vendor/squizlabs/php_codesniffer/tests/Core/Generators/Expectations/
<f+++++++ vendor/squizlabs/php_codesniffer/tests/Core/Generators/Expectations/ExpectedOutputCodeComparisonBlankLines.html
<f+++++++ vendor/squizlabs/php_codesniffer/tests/Core/Generators/Expectations/ExpectedOutputCodeComparisonBlankLines.md
<f+++++++ vendor/squizlabs/php_codesniffer/tests/Core/Generators/Expectations/ExpectedOutputCodeComparisonBlankLines.txt
<f+++++++ vendor/squizlabs/php_codesniffer/tests/Core/Generators/Expectations/ExpectedOutputCodeComparisonBlockLength.html
<f+++++++ vendor/squizlabs/php_codesniffer/tests/Core/Generators/Expectations/ExpectedOutputCodeComparisonBlockLength.md
<f+++++++ vendor/squizlabs/php_codesniffer/tests/Core/Generators/Expectations/ExpectedOutputCodeComparisonBlockLength.txt
<f+++++++ vendor/squizlabs/php_codesniffer/tests/Core/Generators/Expectations/ExpectedOutputCodeComparisonEncoding.html
<f+++++++ vendor/squizlabs/php_codesniffer/tests/Core/Generators/Expectations/ExpectedOutputCodeComparisonEncoding.md
<f+++++++ vendor/squizlabs/php_codesniffer/tests/Core/Generators/Expectations/ExpectedOutputCodeComparisonEncoding.txt
<f+++++++ vendor/squizlabs/php_codesniffer/tests/Core/Generators/Expectations/ExpectedOutputCodeComparisonLineLength.html
<f+++++++ vendor/squizlabs/php_codesniffer/tests/Core/Generators/Expectations/ExpectedOutputCodeComparisonLineLength.md
<f+++++++ vendor/squizlabs/php_codesniffer/tests/Core/Generators/Expectations/ExpectedOutputCodeComparisonLineLength.txt
<f+++++++ vendor/squizlabs/php_codesniffer/tests/Core/Generators/Expectations/ExpectedOutputCodeTitleLineWrapping.html
<f+++++++ vendor/squizlabs/php_codesniffer/tests/Core/Generators/Expectations/ExpectedOutputCodeTitleLineWrapping.md
<f+++++++ vendor/squizlabs/php_codesniffer/tests/Core/Generators/Expectations/ExpectedOutputCodeTitleLineWrapping.txt
<f+++++++ vendor/squizlabs/php_codesniffer/tests/Core/Generators/Expectations/ExpectedOutputCodeTitleWhitespace.html
<f+++++++ vendor/squizlabs/php_codesniffer/tests/Core/Generators/Expectations/ExpectedOutputCodeTitleWhitespace.md
<f+++++++ vendor/squizlabs/php_codesniffer/tests/Core/Generators/Expectations/ExpectedOutputCodeTitleWhitespace.txt
<f+++++++ vendor/squizlabs/php_codesniffer/tests/Core/Generators/Expectations/ExpectedOutputDocumentationTitleCase.html
<f+++++++ vendor/squizlabs/php_codesniffer/tests/Core/Generators/Expectations/ExpectedOutputDocumentationTitleCase.md
<f+++++++ vendor/squizlabs/php_codesniffer/tests/Core/Generators/Expectations/ExpectedOutputDocumentationTitleCase.txt
<f+++++++ vendor/squizlabs/php_codesniffer/tests/Core/Generators/Expectations/ExpectedOutputDocumentationTitleLength.html
<f+++++++ vendor/squizlabs/php_codesniffer/tests/Core/Generators/Expectations/ExpectedOutputDocumentationTitleLength.md
<f+++++++ vendor/squizlabs/php_codesniffer/tests/Core/Generators/Expectations/ExpectedOutputDocumentationTitleLength.txt
<f+++++++ vendor/squizlabs/php_codesniffer/tests/Core/Generators/Expectations/ExpectedOutputDocumentationTitlePCREFallback.html
<f+++++++ vendor/squizlabs/php_codesniffer/tests/Core/Generators/Expectations/ExpectedOutputDocumentationTitlePCREFallback.md
<f+++++++ vendor/squizlabs/php_codesniffer/tests/Core/Generators/Expectations/ExpectedOutputDocumentationTitlePCREFallback.txt
<f+++++++ vendor/squizlabs/php_codesniffer/tests/Core/Generators/Expectations/ExpectedOutputDocumentationTitleToAnchorSlug.html
<f+++++++ vendor/squizlabs/php_codesniffer/tests/Core/Generators/Expectations/ExpectedOutputEmpty.txt
<f+++++++ vendor/squizlabs/php_codesniffer/tests/Core/Generators/Expectations/ExpectedOutputInvalidCodeComparisonMismatchedCodeElms.html
<f+++++++ vendor/squizlabs/php_codesniffer/tests/Core/Generators/Expectations/ExpectedOutputInvalidCodeComparisonMismatchedCodeElms.md
<f+++++++ vendor/squizlabs/php_codesniffer/tests/Core/Generators/Expectations/ExpectedOutputInvalidCodeComparisonMismatchedCodeElms.txt
<f+++++++ vendor/squizlabs/php_codesniffer/tests/Core/Generators/Expectations/ExpectedOutputInvalidCodeComparisonMissingCodeElm.html
<f+++++++ vendor/squizlabs/php_codesniffer/tests/Core/Generators/Expectations/ExpectedOutputInvalidCodeComparisonMissingCodeElm.md
<f+++++++ vendor/squizlabs/php_codesniffer/tests/Core/Generators/Expectations/ExpectedOutputInvalidCodeComparisonMissingCodeElm.txt
<f+++++++ vendor/squizlabs/php_codesniffer/tests/Core/Generators/Expectations/ExpectedOutputInvalidCodeComparisonNoCode.html
<f+++++++ vendor/squizlabs/php_codesniffer/tests/Core/Generators/Expectations/ExpectedOutputInvalidCodeComparisonNoCode.md
<f+++++++ vendor/squizlabs/php_codesniffer/tests/Core/Generators/Expectations/ExpectedOutputInvalidCodeComparisonNoCode.txt
<f+++++++ vendor/squizlabs/php_codesniffer/tests/Core/Generators/Expectations/ExpectedOutputInvalidCodeComparisonNoContent.html
<f+++++++ vendor/squizlabs/php_codesniffer/tests/Core/Generators/Expectations/ExpectedOutputInvalidCodeComparisonNoContent.md
<f+++++++ vendor/squizlabs/php_codesniffer/tests/Core/Generators/Expectations/ExpectedOutputInvalidCodeComparisonNoContent.txt
<f+++++++ vendor/squizlabs/php_codesniffer/tests/Core/Generators/Expectations/ExpectedOutputInvalidCodeComparisonOneEmptyCodeElm.html
<f+++++++ vendor/squizlabs/php_codesniffer/tests/Core/Generators/Expectations/ExpectedOutputInvalidCodeComparisonOneEmptyCodeElm.md
<f+++++++ vendor/squizlabs/php_codesniffer/tests/Core/Generators/Expectations/ExpectedOutputInvalidCodeComparisonOneEmptyCodeElm.txt
<f+++++++ vendor/squizlabs/php_codesniffer/tests/Core/Generators/Expectations/ExpectedOutputInvalidCodeComparisonTwoEmptyCodeElms.html
<f+++++++ vendor/squizlabs/php_codesniffer/tests/Core/Generators/Expectations/ExpectedOutputInvalidCodeComparisonTwoEmptyCodeElms.md
<f+++++++ vendor/squizlabs/php_codesniffer/tests/Core/Generators/Expectations/ExpectedOutputInvalidCodeComparisonTwoEmptyCodeElms.txt
<f+++++++ vendor/squizlabs/php_codesniffer/tests/Core/Generators/Expectations/ExpectedOutputInvalidCodeTitleEmpty.html
<f+++++++ vendor/squizlabs/php_codesniffer/tests/Core/Generators/Expectations/ExpectedOutputInvalidCodeTitleEmpty.md
<f+++++++ vendor/squizlabs/php_codesniffer/tests/Core/Generators/Expectations/ExpectedOutputInvalidCodeTitleEmpty.txt
<f+++++++ vendor/squizlabs/php_codesniffer/tests/Core/Generators/Expectations/ExpectedOutputInvalidCodeTitleMissing.html
<f+++++++ vendor/squizlabs/php_codesniffer/tests/Core/Generators/Expectations/ExpectedOutputInvalidCodeTitleMissing.md
<f+++++++ vendor/squizlabs/php_codesniffer/tests/Core/Generators/Expectations/ExpectedOutputInvalidCodeTitleMissing.txt
<f+++++++ vendor/squizlabs/php_codesniffer/tests/Core/Generators/Expectations/ExpectedOutputInvalidDocumentationTitleEmpty.html
<f+++++++ vendor/squizlabs/php_codesniffer/tests/Core/Generators/Expectations/ExpectedOutputInvalidDocumentationTitleEmpty.md
<f+++++++ vendor/squizlabs/php_codesniffer/tests/Core/Generators/Expectations/ExpectedOutputInvalidDocumentationTitleEmpty.txt
<f+++++++ vendor/squizlabs/php_codesniffer/tests/Core/Generators/Expectations/ExpectedOutputInvalidDocumentationTitleMissing.html
<f+++++++ vendor/squizlabs/php_codesniffer/tests/Core/Generators/Expectations/ExpectedOutputInvalidDocumentationTitleMissing.md
<f+++++++ vendor/squizlabs/php_codesniffer/tests/Core/Generators/Expectations/ExpectedOutputInvalidDocumentationTitleMissing.txt
<f+++++++ vendor/squizlabs/php_codesniffer/tests/Core/Generators/Expectations/ExpectedOutputInvalidStandardNoContent.html
<f+++++++ vendor/squizlabs/php_codesniffer/tests/Core/Generators/Expectations/ExpectedOutputInvalidStandardNoContent.md
<f+++++++ vendor/squizlabs/php_codesniffer/tests/Core/Generators/Expectations/ExpectedOutputInvalidStandardNoContent.txt
<f+++++++ vendor/squizlabs/php_codesniffer/tests/Core/Generators/Expectations/ExpectedOutputOneDoc.html
<f+++++++ vendor/squizlabs/php_codesniffer/tests/Core/Generators/Expectations/ExpectedOutputOneDoc.md
<f+++++++ vendor/squizlabs/php_codesniffer/tests/Core/Generators/Expectations/ExpectedOutputOneDoc.txt
<f+++++++ vendor/squizlabs/php_codesniffer/tests/Core/Generators/Expectations/ExpectedOutputStandardBlankLines.html
<f+++++++ vendor/squizlabs/php_codesniffer/tests/Core/Generators/Expectations/ExpectedOutputStandardBlankLines.md
<f+++++++ vendor/squizlabs/php_codesniffer/tests/Core/Generators/Expectations/ExpectedOutputStandardBlankLines.txt
<f+++++++ vendor/squizlabs/php_codesniffer/tests/Core/Generators/Expectations/ExpectedOutputStandardEncoding.html
<f+++++++ vendor/squizlabs/php_codesniffer/tests/Core/Generators/Expectations/ExpectedOutputStandardEncoding.md
<f+++++++ vendor/squizlabs/php_codesniffer/tests/Core/Generators/Expectations/ExpectedOutputStandardEncoding.txt
<f+++++++ vendor/squizlabs/php_codesniffer/tests/Core/Generators/Expectations/ExpectedOutputStandardIndent.html
<f+++++++ vendor/squizlabs/php_codesniffer/tests/Core/Generators/Expectations/ExpectedOutputStandardIndent.md
<f+++++++ vendor/squizlabs/php_codesniffer/tests/Core/Generators/Expectations/ExpectedOutputStandardIndent.txt
<f+++++++ vendor/squizlabs/php_codesniffer/tests/Core/Generators/Expectations/ExpectedOutputStandardLineWrapping.html
<f+++++++ vendor/squizlabs/php_codesniffer/tests/Core/Generators/Expectations/ExpectedOutputStandardLineWrapping.md
<f+++++++ vendor/squizlabs/php_codesniffer/tests/Core/Generators/Expectations/ExpectedOutputStandardLineWrapping.txt
<f+++++++ vendor/squizlabs/php_codesniffer/tests/Core/Generators/Expectations/ExpectedOutputStructureDocs.html
<f+++++++ vendor/squizlabs/php_codesniffer/tests/Core/Generators/Expectations/ExpectedOutputStructureDocs.md
<f+++++++ vendor/squizlabs/php_codesniffer/tests/Core/Generators/Expectations/ExpectedOutputStructureDocs.txt
<f+++++++ vendor/squizlabs/php_codesniffer/tests/Core/Generators/Expectations/ExpectedOutputUnsupportedOneElmAtWrongLevel.html
<f+++++++ vendor/squizlabs/php_codesniffer/tests/Core/Generators/Expectations/ExpectedOutputUnsupportedOneElmAtWrongLevel.md
<f+++++++ vendor/squizlabs/php_codesniffer/tests/Core/Generators/Expectations/ExpectedOutputUnsupportedOneElmAtWrongLevel.txt
<f+++++++ vendor/squizlabs/php_codesniffer/tests/Core/Generators/Expectations/ExpectedOutputUnsupportedSuperfluousCodeElement.html
<f+++++++ vendor/squizlabs/php_codesniffer/tests/Core/Generators/Expectations/ExpectedOutputUnsupportedSuperfluousCodeElement.md
<f+++++++ vendor/squizlabs/php_codesniffer/tests/Core/Generators/Expectations/ExpectedOutputUnsupportedSuperfluousCodeElement.txt
cd+++++++ vendor/squizlabs/php_codesniffer/tests/Core/Generators/Fixtures/
<f+++++++ vendor/squizlabs/php_codesniffer/tests/Core/Generators/Fixtures/HTMLDouble.php
<f+++++++ vendor/squizlabs/php_codesniffer/tests/Core/Generators/Fixtures/MarkdownDouble.php
<f+++++++ vendor/squizlabs/php_codesniffer/tests/Core/Generators/Fixtures/MockGenerator.php
cd+++++++ vendor/squizlabs/php_codesniffer/tests/Core/Generators/Fixtures/StandardWithDocs/
<f+++++++ vendor/squizlabs/php_codesniffer/tests/Core/Generators/Fixtures/StandardWithDocs/ruleset.xml
cd+++++++ vendor/squizlabs/php_codesniffer/tests/Core/Generators/Fixtures/StandardWithDocs/Docs/
cd+++++++ vendor/squizlabs/php_codesniffer/tests/Core/Generators/Fixtures/StandardWithDocs/Docs/Content/
<f+++++++ vendor/squizlabs/php_codesniffer/tests/Core/Generators/Fixtures/StandardWithDocs/Docs/Content/CodeComparisonBlankLinesStandard.xml
<f+++++++ vendor/squizlabs/php_codesniffer/tests/Core/Generators/Fixtures/StandardWithDocs/Docs/Content/CodeComparisonBlockLengthStandard.xml
<f+++++++ vendor/squizlabs/php_codesniffer/tests/Core/Generators/Fixtures/StandardWithDocs/Docs/Content/CodeComparisonEncodingStandard.xml
<f+++++++ vendor/squizlabs/php_codesniffer/tests/Core/Generators/Fixtures/StandardWithDocs/Docs/Content/CodeComparisonLineLengthStandard.xml
<f+++++++ vendor/squizlabs/php_codesniffer/tests/Core/Generators/Fixtures/StandardWithDocs/Docs/Content/CodeTitleLineWrappingStandard.xml
<f+++++++ vendor/squizlabs/php_codesniffer/tests/Core/Generators/Fixtures/StandardWithDocs/Docs/Content/CodeTitleWhitespaceStandard.xml
<f+++++++ vendor/squizlabs/php_codesniffer/tests/Core/Generators/Fixtures/StandardWithDocs/Docs/Content/DocumentationTitleCaseStandard.xml
<f+++++++ vendor/squizlabs/php_codesniffer/tests/Core/Generators/Fixtures/StandardWithDocs/Docs/Content/DocumentationTitleLengthStandard.xml
<f+++++++ vendor/squizlabs/php_codesniffer/tests/Core/Generators/Fixtures/StandardWithDocs/Docs/Content/DocumentationTitlePCREFallbackStandard.xml
<f+++++++ vendor/squizlabs/php_codesniffer/tests/Core/Generators/Fixtures/StandardWithDocs/Docs/Content/DocumentationTitleToAnchorSlug1Standard.xml
<f+++++++ vendor/squizlabs/php_codesniffer/tests/Core/Generators/Fixtures/StandardWithDocs/Docs/Content/DocumentationTitleToAnchorSlug2Standard.xml
<f+++++++ vendor/squizlabs/php_codesniffer/tests/Core/Generators/Fixtures/StandardWithDocs/Docs/Content/DocumentationTitleToAnchorSlug3Standard.xml
<f+++++++ vendor/squizlabs/php_codesniffer/tests/Core/Generators/Fixtures/StandardWithDocs/Docs/Content/StandardBlankLinesStandard.xml
<f+++++++ vendor/squizlabs/php_codesniffer/tests/Core/Generators/Fixtures/StandardWithDocs/Docs/Content/StandardEncodingStandard.xml
<f+++++++ vendor/squizlabs/php_codesniffer/tests/Core/Generators/Fixtures/StandardWithDocs/Docs/Content/StandardIndentStandard.xml
<f+++++++ vendor/squizlabs/php_codesniffer/tests/Core/Generators/Fixtures/StandardWithDocs/Docs/Content/StandardLineWrappingStandard.xml
cd+++++++ vendor/squizlabs/php_codesniffer/tests/Core/Generators/Fixtures/StandardWithDocs/Docs/Invalid/
<f+++++++ vendor/squizlabs/php_codesniffer/tests/Core/Generators/Fixtures/StandardWithDocs/Docs/Invalid/CodeComparisonMismatchedCodeElmsStandard.xml
<f+++++++ vendor/squizlabs/php_codesniffer/tests/Core/Generators/Fixtures/StandardWithDocs/Docs/Invalid/CodeComparisonMissingCodeElmStandard.xml
<f+++++++ vendor/squizlabs/php_codesniffer/tests/Core/Generators/Fixtures/StandardWithDocs/Docs/Invalid/CodeComparisonNoCodeStandard.xml
<f+++++++ vendor/squizlabs/php_codesniffer/tests/Core/Generators/Fixtures/StandardWithDocs/Docs/Invalid/CodeComparisonNoContentStandard.xml
<f+++++++ vendor/squizlabs/php_codesniffer/tests/Core/Generators/Fixtures/StandardWithDocs/Docs/Invalid/CodeComparisonOneEmptyCodeElmStandard.xml
<f+++++++ vendor/squizlabs/php_codesniffer/tests/Core/Generators/Fixtures/StandardWithDocs/Docs/Invalid/CodeComparisonTwoEmptyCodeElmsStandard.xml
<f+++++++ vendor/squizlabs/php_codesniffer/tests/Core/Generators/Fixtures/StandardWithDocs/Docs/Invalid/CodeTitleEmptyStandard.xml
<f+++++++ vendor/squizlabs/php_codesniffer/tests/Core/Generators/Fixtures/StandardWithDocs/Docs/Invalid/CodeTitleMissingStandard.xml
<f+++++++ vendor/squizlabs/php_codesniffer/tests/Core/Generators/Fixtures/StandardWithDocs/Docs/Invalid/DocumentationTitleEmptyStandard.xml
<f+++++++ vendor/squizlabs/php_codesniffer/tests/Core/Generators/Fixtures/StandardWithDocs/Docs/Invalid/DocumentationTitleMissingStandard.xml
<f+++++++ vendor/squizlabs/php_codesniffer/tests/Core/Generators/Fixtures/StandardWithDocs/Docs/Invalid/StandardNoContentStandard.xml
cd+++++++ vendor/squizlabs/php_codesniffer/tests/Core/Generators/Fixtures/StandardWithDocs/Docs/Structure/
<f+++++++ vendor/squizlabs/php_codesniffer/tests/Core/Generators/Fixtures/StandardWithDocs/Docs/Structure/NoContentStandard.xml
<f+++++++ vendor/squizlabs/php_codesniffer/tests/Core/Generators/Fixtures/StandardWithDocs/Docs/Structure/NoDocumentationElementStandard.xml
<f+++++++ vendor/squizlabs/php_codesniffer/tests/Core/Generators/Fixtures/StandardWithDocs/Docs/Structure/OneCodeComparisonNoStandardStandard.xml
<f+++++++ vendor/squizlabs/php_codesniffer/tests/Core/Generators/Fixtures/StandardWithDocs/Docs/Structure/OneStandardBlockCodeComparisonStandard.xml
<f+++++++ vendor/squizlabs/php_codesniffer/tests/Core/Generators/Fixtures/StandardWithDocs/Docs/Structure/OneStandardBlockNoCodeStandard.xml
<f+++++++ vendor/squizlabs/php_codesniffer/tests/Core/Generators/Fixtures/StandardWithDocs/Docs/Structure/OneStandardBlockTwoCodeComparisonsStandard.xml
<f+++++++ vendor/squizlabs/php_codesniffer/tests/Core/Generators/Fixtures/StandardWithDocs/Docs/Structure/TwoStandardBlocksNoCodeStandard.xml
<f+++++++ vendor/squizlabs/php_codesniffer/tests/Core/Generators/Fixtures/StandardWithDocs/Docs/Structure/TwoStandardBlocksOneCodeComparisonStandard.xml
<f+++++++ vendor/squizlabs/php_codesniffer/tests/Core/Generators/Fixtures/StandardWithDocs/Docs/Structure/TwoStandardBlocksThreeCodeComparisonsStandard.xml
cd+++++++ vendor/squizlabs/php_codesniffer/tests/Core/Generators/Fixtures/StandardWithDocs/Docs/Unsupported/
<f+++++++ vendor/squizlabs/php_codesniffer/tests/Core/Generators/Fixtures/StandardWithDocs/Docs/Unsupported/ElementAtWrongLevelStandard.xml
<f+++++++ vendor/squizlabs/php_codesniffer/tests/Core/Generators/Fixtures/StandardWithDocs/Docs/Unsupported/OneElmAtWrongLevelStandard.xml
<f+++++++ vendor/squizlabs/php_codesniffer/tests/Core/Generators/Fixtures/StandardWithDocs/Docs/Unsupported/SuperfluousCodeElementStandard.xml
<f+++++++ vendor/squizlabs/php_codesniffer/tests/Core/Generators/Fixtures/StandardWithDocs/Docs/Unsupported/UnknownElementStandard.xml
cd+++++++ vendor/squizlabs/php_codesniffer/tests/Core/Generators/Fixtures/StandardWithDocs/Sniffs/
<f+++++++ vendor/squizlabs/php_codesniffer/tests/Core/Generators/Fixtures/StandardWithDocs/Sniffs/DummySniff.php
cd+++++++ vendor/squizlabs/php_codesniffer/tests/Core/Generators/Fixtures/StandardWithDocs/Sniffs/Content/
<f+++++++ vendor/squizlabs/php_codesniffer/tests/Core/Generators/Fixtures/StandardWithDocs/Sniffs/Content/CodeComparisonBlankLinesSniff.php
<f+++++++ vendor/squizlabs/php_codesniffer/tests/Core/Generators/Fixtures/StandardWithDocs/Sniffs/Content/CodeComparisonBlockLengthSniff.php
<f+++++++ vendor/squizlabs/php_codesniffer/tests/Core/Generators/Fixtures/StandardWithDocs/Sniffs/Content/CodeComparisonEncodingSniff.php
<f+++++++ vendor/squizlabs/php_codesniffer/tests/Core/Generators/Fixtures/StandardWithDocs/Sniffs/Content/CodeComparisonLineLengthSniff.php
<f+++++++ vendor/squizlabs/php_codesniffer/tests/Core/Generators/Fixtures/StandardWithDocs/Sniffs/Content/CodeTitleLineWrappingSniff.php
<f+++++++ vendor/squizlabs/php_codesniffer/tests/Core/Generators/Fixtures/StandardWithDocs/Sniffs/Content/CodeTitleWhitespaceSniff.php
<f+++++++ vendor/squizlabs/php_codesniffer/tests/Core/Generators/Fixtures/StandardWithDocs/Sniffs/Content/DocumentationTitleCaseSniff.php
<f+++++++ vendor/squizlabs/php_codesniffer/tests/Core/Generators/Fixtures/StandardWithDocs/Sniffs/Content/DocumentationTitleLengthSniff.php
<f+++++++ vendor/squizlabs/php_codesniffer/tests/Core/Generators/Fixtures/StandardWithDocs/Sniffs/Content/DocumentationTitlePCREFallbackSniff.php
<f+++++++ vendor/squizlabs/php_codesniffer/tests/Core/Generators/Fixtures/StandardWithDocs/Sniffs/Content/DocumentationTitleToAnchorSlug1Sniff.php
<f+++++++ vendor/squizlabs/php_codesniffer/tests/Core/Generators/Fixtures/StandardWithDocs/Sniffs/Content/DocumentationTitleToAnchorSlug2Sniff.php
<f+++++++ vendor/squizlabs/php_codesniffer/tests/Core/Generators/Fixtures/StandardWithDocs/Sniffs/Content/DocumentationTitleToAnchorSlug3Sniff.php
<f+++++++ vendor/squizlabs/php_codesniffer/tests/Core/Generators/Fixtures/StandardWithDocs/Sniffs/Content/StandardBlankLinesSniff.php
<f+++++++ vendor/squizlabs/php_codesniffer/tests/Core/Generators/Fixtures/StandardWithDocs/Sniffs/Content/StandardEncodingSniff.php
<f+++++++ vendor/squizlabs/php_codesniffer/tests/Core/Generators/Fixtures/StandardWithDocs/Sniffs/Content/StandardIndentSniff.php
<f+++++++ vendor/squizlabs/php_codesniffer/tests/Core/Generators/Fixtures/StandardWithDocs/Sniffs/Content/StandardLineWrappingSniff.php
cd+++++++ vendor/squizlabs/php_codesniffer/tests/Core/Generators/Fixtures/StandardWithDocs/Sniffs/Invalid/
<f+++++++ vendor/squizlabs/php_codesniffer/tests/Core/Generators/Fixtures/StandardWithDocs/Sniffs/Invalid/CodeComparisonMismatchedCodeElmsSniff.php
<f+++++++ vendor/squizlabs/php_codesniffer/tests/Core/Generators/Fixtures/StandardWithDocs/Sniffs/Invalid/CodeComparisonMissingCodeElmSniff.php
<f+++++++ vendor/squizlabs/php_codesniffer/tests/Core/Generators/Fixtures/StandardWithDocs/Sniffs/Invalid/CodeComparisonNoCodeSniff.php
<f+++++++ vendor/squizlabs/php_codesniffer/tests/Core/Generators/Fixtures/StandardWithDocs/Sniffs/Invalid/CodeComparisonNoContentSniff.php
<f+++++++ vendor/squizlabs/php_codesniffer/tests/Core/Generators/Fixtures/StandardWithDocs/Sniffs/Invalid/CodeComparisonOneEmptyCodeElmSniff.php
<f+++++++ vendor/squizlabs/php_codesniffer/tests/Core/Generators/Fixtures/StandardWithDocs/Sniffs/Invalid/CodeComparisonTwoEmptyCodeElmsSniff.php
<f+++++++ vendor/squizlabs/php_codesniffer/tests/Core/Generators/Fixtures/StandardWithDocs/Sniffs/Invalid/CodeTitleEmptySniff.php
<f+++++++ vendor/squizlabs/php_codesniffer/tests/Core/Generators/Fixtures/StandardWithDocs/Sniffs/Invalid/CodeTitleMissingSniff.php
<f+++++++ vendor/squizlabs/php_codesniffer/tests/Core/Generators/Fixtures/StandardWithDocs/Sniffs/Invalid/DocumentationTitleEmptySniff.php
<f+++++++ vendor/squizlabs/php_codesniffer/tests/Core/Generators/Fixtures/StandardWithDocs/Sniffs/Invalid/DocumentationTitleMissingSniff.php
<f+++++++ vendor/squizlabs/php_codesniffer/tests/Core/Generators/Fixtures/StandardWithDocs/Sniffs/Invalid/StandardNoContentSniff.php
cd+++++++ vendor/squizlabs/php_codesniffer/tests/Core/Generators/Fixtures/StandardWithDocs/Sniffs/Structure/
<f+++++++ vendor/squizlabs/php_codesniffer/tests/Core/Generators/Fixtures/StandardWithDocs/Sniffs/Structure/DocumentationMissingSniff.php
<f+++++++ vendor/squizlabs/php_codesniffer/tests/Core/Generators/Fixtures/StandardWithDocs/Sniffs/Structure/NoContentSniff.php
<f+++++++ vendor/squizlabs/php_codesniffer/tests/Core/Generators/Fixtures/StandardWithDocs/Sniffs/Structure/NoDocumentationElementSniff.php
<f+++++++ vendor/squizlabs/php_codesniffer/tests/Core/Generators/Fixtures/StandardWithDocs/Sniffs/Structure/OneCodeComparisonNoStandardSniff.php
<f+++++++ vendor/squizlabs/php_codesniffer/tests/Core/Generators/Fixtures/StandardWithDocs/Sniffs/Structure/OneStandardBlockCodeComparisonSniff.php
<f+++++++ vendor/squizlabs/php_codesniffer/tests/Core/Generators/Fixtures/StandardWithDocs/Sniffs/Structure/OneStandardBlockNoCodeSniff.php
<f+++++++ vendor/squizlabs/php_codesniffer/tests/Core/Generators/Fixtures/StandardWithDocs/Sniffs/Structure/OneStandardBlockTwoCodeComparisonsSniff.php
<f+++++++ vendor/squizlabs/php_codesniffer/tests/Core/Generators/Fixtures/StandardWithDocs/Sniffs/Structure/TwoStandardBlocksNoCodeSniff.php
<f+++++++ vendor/squizlabs/php_codesniffer/tests/Core/Generators/Fixtures/StandardWithDocs/Sniffs/Structure/TwoStandardBlocksOneCodeComparisonSniff.php
<f+++++++ vendor/squizlabs/php_codesniffer/tests/Core/Generators/Fixtures/StandardWithDocs/Sniffs/Structure/TwoStandardBlocksThreeCodeComparisonsSniff.php
cd+++++++ vendor/squizlabs/php_codesniffer/tests/Core/Generators/Fixtures/StandardWithDocs/Sniffs/Unsupported/
<f+++++++ vendor/squizlabs/php_codesniffer/tests/Core/Generators/Fixtures/StandardWithDocs/Sniffs/Unsupported/ElementAtWrongLevelSniff.php
<f+++++++ vendor/squizlabs/php_codesniffer/tests/Core/Generators/Fixtures/StandardWithDocs/Sniffs/Unsupported/OneElmAtWrongLevelSniff.php
<f+++++++ vendor/squizlabs/php_codesniffer/tests/Core/Generators/Fixtures/StandardWithDocs/Sniffs/Unsupported/SuperfluousCodeElementSniff.php
<f+++++++ vendor/squizlabs/php_codesniffer/tests/Core/Generators/Fixtures/StandardWithDocs/Sniffs/Unsupported/UnknownElementSniff.php
cd+++++++ vendor/squizlabs/php_codesniffer/tests/Core/Ruleset/
<f+++++++ vendor/squizlabs/php_codesniffer/tests/Core/Ruleset/AbstractRulesetTestCase.php
<f+++++++ vendor/squizlabs/php_codesniffer/tests/Core/Ruleset/ConstructorNoSniffsTest.xml
<f+++++++ vendor/squizlabs/php_codesniffer/tests/Core/Ruleset/ConstructorTest.php
<f+++++++ vendor/squizlabs/php_codesniffer/tests/Core/Ruleset/DisplayCachedMessagesTest.php
<f+++++++ vendor/squizlabs/php_codesniffer/tests/Core/Ruleset/ExpandRulesetReferenceCaseMismatch1Test.xml
<f+++++++ vendor/squizlabs/php_codesniffer/tests/Core/Ruleset/ExpandRulesetReferenceCaseMismatch2Test.xml
<f+++++++ vendor/squizlabs/php_codesniffer/tests/Core/Ruleset/ExpandRulesetReferenceHomePathFailTest.xml
<f+++++++ vendor/squizlabs/php_codesniffer/tests/Core/Ruleset/ExpandRulesetReferenceHomePathTest.php
<f+++++++ vendor/squizlabs/php_codesniffer/tests/Core/Ruleset/ExpandRulesetReferenceHomePathTest.xml
<f+++++++ vendor/squizlabs/php_codesniffer/tests/Core/Ruleset/ExpandRulesetReferenceInternalIgnoreTest.xml
<f+++++++ vendor/squizlabs/php_codesniffer/tests/Core/Ruleset/ExpandRulesetReferenceInternalStandardTest.xml
<f+++++++ vendor/squizlabs/php_codesniffer/tests/Core/Ruleset/ExpandRulesetReferenceInternalTest.php
<f+++++++ vendor/squizlabs/php_codesniffer/tests/Core/Ruleset/ExpandRulesetReferenceInvalidErrorCode1Test.xml
<f+++++++ vendor/squizlabs/php_codesniffer/tests/Core/Ruleset/ExpandRulesetReferenceInvalidErrorCode2Test.xml
<f+++++++ vendor/squizlabs/php_codesniffer/tests/Core/Ruleset/ExpandRulesetReferenceInvalidErrorCode3Test.xml
<f+++++++ vendor/squizlabs/php_codesniffer/tests/Core/Ruleset/ExpandRulesetReferenceInvalidHomePathRefTest.xml
<f+++++++ vendor/squizlabs/php_codesniffer/tests/Core/Ruleset/ExpandRulesetReferenceMissingFileTest.xml
<f+++++++ vendor/squizlabs/php_codesniffer/tests/Core/Ruleset/ExpandRulesetReferenceTest.php
<f+++++++ vendor/squizlabs/php_codesniffer/tests/Core/Ruleset/ExpandRulesetReferenceTest.xml
<f+++++++ vendor/squizlabs/php_codesniffer/tests/Core/Ruleset/ExpandRulesetReferenceUnknownCategoryTest.xml
<f+++++++ vendor/squizlabs/php_codesniffer/tests/Core/Ruleset/ExpandRulesetReferenceUnknownSniffTest.xml
<f+++++++ vendor/squizlabs/php_codesniffer/tests/Core/Ruleset/ExpandRulesetReferenceUnknownStandardTest.xml
<f+++++++ vendor/squizlabs/php_codesniffer/tests/Core/Ruleset/ExpandSniffDirectoryTest.php
<f+++++++ vendor/squizlabs/php_codesniffer/tests/Core/Ruleset/ExpandSniffDirectoryTest.xml
<f+++++++ vendor/squizlabs/php_codesniffer/tests/Core/Ruleset/ExplainCustomRulesetTest.xml
<f+++++++ vendor/squizlabs/php_codesniffer/tests/Core/Ruleset/ExplainSingleSniffTest.xml
<f+++++++ vendor/squizlabs/php_codesniffer/tests/Core/Ruleset/ExplainTest.php
<f+++++++ vendor/squizlabs/php_codesniffer/tests/Core/Ruleset/GetIgnorePatternsTest.php
<f+++++++ vendor/squizlabs/php_codesniffer/tests/Core/Ruleset/GetIgnorePatternsTest.xml
<f+++++++ vendor/squizlabs/php_codesniffer/tests/Core/Ruleset/GetIncludePatternsTest.php
<f+++++++ vendor/squizlabs/php_codesniffer/tests/Core/Ruleset/GetIncludePatternsTest.xml
<f+++++++ vendor/squizlabs/php_codesniffer/tests/Core/Ruleset/PopulateTokenListenersNamingConventionsTest.php
<f+++++++ vendor/squizlabs/php_codesniffer/tests/Core/Ruleset/PopulateTokenListenersNamingConventionsTest.xml
<f+++++++ vendor/squizlabs/php_codesniffer/tests/Core/Ruleset/PopulateTokenListenersRegisterNoArrayTest.xml
<f+++++++ vendor/squizlabs/php_codesniffer/tests/Core/Ruleset/PopulateTokenListenersSupportedTokenizersTest.php
<f+++++++ vendor/squizlabs/php_codesniffer/tests/Core/Ruleset/PopulateTokenListenersSupportedTokenizersTest.xml
<f+++++++ vendor/squizlabs/php_codesniffer/tests/Core/Ruleset/PopulateTokenListenersTest.php
<f+++++++ vendor/squizlabs/php_codesniffer/tests/Core/Ruleset/PopulateTokenListenersTest.xml
<f+++++++ vendor/squizlabs/php_codesniffer/tests/Core/Ruleset/ProcessRuleInvalidTypeTest.php
<f+++++++ vendor/squizlabs/php_codesniffer/tests/Core/Ruleset/ProcessRuleInvalidTypeTest.xml
<f+++++++ vendor/squizlabs/php_codesniffer/tests/Core/Ruleset/ProcessRuleShouldProcessElementTest.php
<f+++++++ vendor/squizlabs/php_codesniffer/tests/Core/Ruleset/ProcessRuleShouldProcessElementTest.xml
<f+++++++ vendor/squizlabs/php_codesniffer/tests/Core/Ruleset/ProcessRulesetAutoExpandSniffsDirectoryTest.xml
<f+++++++ vendor/squizlabs/php_codesniffer/tests/Core/Ruleset/ProcessRulesetAutoloadFileNotFoundTest.xml
<f+++++++ vendor/squizlabs/php_codesniffer/tests/Core/Ruleset/ProcessRulesetAutoloadTest.php
<f+++++++ vendor/squizlabs/php_codesniffer/tests/Core/Ruleset/ProcessRulesetAutoloadTest.xml
<f+++++++ vendor/squizlabs/php_codesniffer/tests/Core/Ruleset/ProcessRulesetBrokenRulesetEmptyFileTest.xml
<f+++++++ vendor/squizlabs/php_codesniffer/tests/Core/Ruleset/ProcessRulesetBrokenRulesetMultiErrorTest.xml
<f+++++++ vendor/squizlabs/php_codesniffer/tests/Core/Ruleset/ProcessRulesetBrokenRulesetSingleErrorTest.xml
<f+++++++ vendor/squizlabs/php_codesniffer/tests/Core/Ruleset/ProcessRulesetBrokenRulesetTest.php
<f+++++++ vendor/squizlabs/php_codesniffer/tests/Core/Ruleset/ProcessRulesetExcludeSniffGroupTest.xml
<f+++++++ vendor/squizlabs/php_codesniffer/tests/Core/Ruleset/ProcessRulesetInvalidNoSniffsDirTest.xml
<f+++++++ vendor/squizlabs/php_codesniffer/tests/Core/Ruleset/ProcessRulesetMiscTest.xml
<f+++++++ vendor/squizlabs/php_codesniffer/tests/Core/Ruleset/ProcessRulesetShouldProcessElementTest.php
<f+++++++ vendor/squizlabs/php_codesniffer/tests/Core/Ruleset/ProcessRulesetShouldProcessElementTest.xml
<f+++++++ vendor/squizlabs/php_codesniffer/tests/Core/Ruleset/ProcessRulesetTest.php
<f+++++++ vendor/squizlabs/php_codesniffer/tests/Core/Ruleset/PropertyTypeHandlingInlineTest.xml
<f+++++++ vendor/squizlabs/php_codesniffer/tests/Core/Ruleset/PropertyTypeHandlingTest.php
<f+++++++ vendor/squizlabs/php_codesniffer/tests/Core/Ruleset/PropertyTypeHandlingTest.xml
<f+++++++ vendor/squizlabs/php_codesniffer/tests/Core/Ruleset/RegisterSniffsMissingInterfaceInvalidTest.xml
<f+++++++ vendor/squizlabs/php_codesniffer/tests/Core/Ruleset/RegisterSniffsMissingInterfaceTest.php
<f+++++++ vendor/squizlabs/php_codesniffer/tests/Core/Ruleset/RegisterSniffsMissingInterfaceValidTest.xml
<f+++++++ vendor/squizlabs/php_codesniffer/tests/Core/Ruleset/RegisterSniffsRejectsInvalidSniffNoImplementsNoProcessTest.xml
<f+++++++ vendor/squizlabs/php_codesniffer/tests/Core/Ruleset/RegisterSniffsRejectsInvalidSniffNoImplementsNoRegisterOrProcessTest.xml
<f+++++++ vendor/squizlabs/php_codesniffer/tests/Core/Ruleset/RegisterSniffsRejectsInvalidSniffNoImplementsNoRegisterTest.xml
<f+++++++ vendor/squizlabs/php_codesniffer/tests/Core/Ruleset/RegisterSniffsRejectsInvalidSniffTest.php
<f+++++++ vendor/squizlabs/php_codesniffer/tests/Core/Ruleset/RegisterSniffsTest.php
<f+++++++ vendor/squizlabs/php_codesniffer/tests/Core/Ruleset/RuleInclusionAbsoluteLinuxTest.php
<f+++++++ vendor/squizlabs/php_codesniffer/tests/Core/Ruleset/RuleInclusionAbsoluteLinuxTest.xml
<f+++++++ vendor/squizlabs/php_codesniffer/tests/Core/Ruleset/RuleInclusionAbsoluteWindowsTest.php
<f+++++++ vendor/squizlabs/php_codesniffer/tests/Core/Ruleset/RuleInclusionAbsoluteWindowsTest.xml
<f+++++++ vendor/squizlabs/php_codesniffer/tests/Core/Ruleset/RuleInclusionTest-include.xml
<f+++++++ vendor/squizlabs/php_codesniffer/tests/Core/Ruleset/RuleInclusionTest.php
<f+++++++ vendor/squizlabs/php_codesniffer/tests/Core/Ruleset/RuleInclusionTest.xml
<f+++++++ vendor/squizlabs/php_codesniffer/tests/Core/Ruleset/SetPropertyAllowedAsDeclaredTest.xml
<f+++++++ vendor/squizlabs/php_codesniffer/tests/Core/Ruleset/SetPropertyAllowedViaMagicMethodTest.xml
<f+++++++ vendor/squizlabs/php_codesniffer/tests/Core/Ruleset/SetPropertyAllowedViaStdClassTest.xml
<f+++++++ vendor/squizlabs/php_codesniffer/tests/Core/Ruleset/SetPropertyAppliesPropertyToMultipleSniffsInCategoryTest.xml
<f+++++++ vendor/squizlabs/php_codesniffer/tests/Core/Ruleset/SetPropertyDoesNotThrowErrorOnInvalidPropertyWhenSetForCategoryTest.xml
<f+++++++ vendor/squizlabs/php_codesniffer/tests/Core/Ruleset/SetPropertyDoesNotThrowErrorOnInvalidPropertyWhenSetForStandardTest.xml
<f+++++++ vendor/squizlabs/php_codesniffer/tests/Core/Ruleset/SetPropertyNotAllowedViaAttributeTest.xml
<f+++++++ vendor/squizlabs/php_codesniffer/tests/Core/Ruleset/SetPropertyThrowsErrorOnInvalidPropertyTest.xml
<f+++++++ vendor/squizlabs/php_codesniffer/tests/Core/Ruleset/SetSniffPropertyTest.php
<f+++++++ vendor/squizlabs/php_codesniffer/tests/Core/Ruleset/ShowSniffDeprecationsEmptyDeprecationVersionTest.xml
<f+++++++ vendor/squizlabs/php_codesniffer/tests/Core/Ruleset/ShowSniffDeprecationsEmptyRemovalVersionTest.xml
<f+++++++ vendor/squizlabs/php_codesniffer/tests/Core/Ruleset/ShowSniffDeprecationsInvalidDeprecationMessageTest.xml
<f+++++++ vendor/squizlabs/php_codesniffer/tests/Core/Ruleset/ShowSniffDeprecationsInvalidDeprecationVersionTest.xml
<f+++++++ vendor/squizlabs/php_codesniffer/tests/Core/Ruleset/ShowSniffDeprecationsInvalidRemovalVersionTest.xml
<f+++++++ vendor/squizlabs/php_codesniffer/tests/Core/Ruleset/ShowSniffDeprecationsOrderTest.xml
<f+++++++ vendor/squizlabs/php_codesniffer/tests/Core/Ruleset/ShowSniffDeprecationsReportWidthTest.xml
<f+++++++ vendor/squizlabs/php_codesniffer/tests/Core/Ruleset/ShowSniffDeprecationsTest.php
<f+++++++ vendor/squizlabs/php_codesniffer/tests/Core/Ruleset/ShowSniffDeprecationsTest.xml
cd+++++++ vendor/squizlabs/php_codesniffer/tests/Core/Ruleset/Fixtures/
<f+++++++ vendor/squizlabs/php_codesniffer/tests/Core/Ruleset/Fixtures/ProcessRulesetAutoloadLoadAlways.1.php
<f+++++++ vendor/squizlabs/php_codesniffer/tests/Core/Ruleset/Fixtures/ProcessRulesetAutoloadLoadAlways.2.php
<f+++++++ vendor/squizlabs/php_codesniffer/tests/Core/Ruleset/Fixtures/ProcessRulesetAutoloadLoadAlways.3.php
<f+++++++ vendor/squizlabs/php_codesniffer/tests/Core/Ruleset/Fixtures/ProcessRulesetAutoloadLoadAlways.4.php
<f+++++++ vendor/squizlabs/php_codesniffer/tests/Core/Ruleset/Fixtures/ProcessRulesetAutoloadLoadPhpcbfOnly.php
<f+++++++ vendor/squizlabs/php_codesniffer/tests/Core/Ruleset/Fixtures/ProcessRulesetAutoloadLoadPhpcsOnly.php
<f+++++++ vendor/squizlabs/php_codesniffer/tests/Core/Ruleset/Fixtures/PropertyTypeHandlingInline.inc
cd+++++++ vendor/squizlabs/php_codesniffer/tests/Core/Ruleset/Fixtures/BrokenNamingConventions/
cd+++++++ vendor/squizlabs/php_codesniffer/tests/Core/Ruleset/Fixtures/BrokenNamingConventions/Sniffs/
<f+++++++ vendor/squizlabs/php_codesniffer/tests/Core/Ruleset/Fixtures/BrokenNamingConventions/Sniffs/MissingCategoryDirSniff.php
<f+++++++ vendor/squizlabs/php_codesniffer/tests/Core/Ruleset/Fixtures/BrokenNamingConventions/Sniffs/NoNamespaceSniff.php
<f+++++++ vendor/squizlabs/php_codesniffer/tests/Core/Ruleset/Fixtures/BrokenNamingConventions/Sniffs/PartialNamespaceSniff.php
cd+++++++ vendor/squizlabs/php_codesniffer/tests/Core/Ruleset/Fixtures/BrokenNamingConventions/Sniffs/Category/
<f+++++++ vendor/squizlabs/php_codesniffer/tests/Core/Ruleset/Fixtures/BrokenNamingConventions/Sniffs/Category/Sniff.php
cd+++++++ vendor/squizlabs/php_codesniffer/tests/Core/Ruleset/Fixtures/BrokenNamingConventions/Sniffs/Category/SubDir/
<f+++++++ vendor/squizlabs/php_codesniffer/tests/Core/Ruleset/Fixtures/BrokenNamingConventions/Sniffs/Category/SubDir/TooDeeplyNestedSniff.php
cd+++++++ vendor/squizlabs/php_codesniffer/tests/Core/Ruleset/Fixtures/BrokenNamingConventions/Sniffs/Sniffs/
<f+++++++ vendor/squizlabs/php_codesniffer/tests/Core/Ruleset/Fixtures/BrokenNamingConventions/Sniffs/Sniffs/CategoryCalledSniffsSniff.php
cd+++++++ vendor/squizlabs/php_codesniffer/tests/Core/Ruleset/Fixtures/ExternalA/
<f+++++++ vendor/squizlabs/php_codesniffer/tests/Core/Ruleset/Fixtures/ExternalA/ruleset.xml
cd+++++++ vendor/squizlabs/php_codesniffer/tests/Core/Ruleset/Fixtures/ExternalA/Sniffs/
cd+++++++ vendor/squizlabs/php_codesniffer/tests/Core/Ruleset/Fixtures/ExternalA/Sniffs/CheckSomething/
<f+++++++ vendor/squizlabs/php_codesniffer/tests/Core/Ruleset/Fixtures/ExternalA/Sniffs/CheckSomething/ValidSniff.php
cd+++++++ vendor/squizlabs/php_codesniffer/tests/Core/Ruleset/Fixtures/ExternalB/
<f+++++++ vendor/squizlabs/php_codesniffer/tests/Core/Ruleset/Fixtures/ExternalB/ruleset.xml
cd+++++++ vendor/squizlabs/php_codesniffer/tests/Core/Ruleset/Fixtures/ExternalB/Sniffs/
cd+++++++ vendor/squizlabs/php_codesniffer/tests/Core/Ruleset/Fixtures/ExternalB/Sniffs/CheckMore/
<f+++++++ vendor/squizlabs/php_codesniffer/tests/Core/Ruleset/Fixtures/ExternalB/Sniffs/CheckMore/ValidSniff.php
cd+++++++ vendor/squizlabs/php_codesniffer/tests/Core/Ruleset/Fixtures/FakeHomePath/
cd+++++++ vendor/squizlabs/php_codesniffer/tests/Core/Ruleset/Fixtures/FakeHomePath/src/
cd+++++++ vendor/squizlabs/php_codesniffer/tests/Core/Ruleset/Fixtures/FakeHomePath/src/MyStandard/
<f+++++++ vendor/squizlabs/php_codesniffer/tests/Core/Ruleset/Fixtures/FakeHomePath/src/MyStandard/ruleset.xml
cd+++++++ vendor/squizlabs/php_codesniffer/tests/Core/Ruleset/Fixtures/FakeHomePath/src/MyStandard/Sniffs/
cd+++++++ vendor/squizlabs/php_codesniffer/tests/Core/Ruleset/Fixtures/FakeHomePath/src/MyStandard/Sniffs/Category/
<f+++++++ vendor/squizlabs/php_codesniffer/tests/Core/Ruleset/Fixtures/FakeHomePath/src/MyStandard/Sniffs/Category/ValidSniff.php
cd+++++++ vendor/squizlabs/php_codesniffer/tests/Core/Ruleset/Fixtures/Internal/
<f+++++++ vendor/squizlabs/php_codesniffer/tests/Core/Ruleset/Fixtures/Internal/ruleset.xml
cd+++++++ vendor/squizlabs/php_codesniffer/tests/Core/Ruleset/Fixtures/Internal/Sniffs/
cd+++++++ vendor/squizlabs/php_codesniffer/tests/Core/Ruleset/Fixtures/Internal/Sniffs/Valid/
<f+++++++ vendor/squizlabs/php_codesniffer/tests/Core/Ruleset/Fixtures/Internal/Sniffs/Valid/ValidSniff.php
cd+++++++ vendor/squizlabs/php_codesniffer/tests/Core/Ruleset/Fixtures/InvalidNoSniffsDir/
<f+++++++ vendor/squizlabs/php_codesniffer/tests/Core/Ruleset/Fixtures/InvalidNoSniffsDir/Sniffs
<f+++++++ vendor/squizlabs/php_codesniffer/tests/Core/Ruleset/Fixtures/InvalidNoSniffsDir/ruleset.xml
cd+++++++ vendor/squizlabs/php_codesniffer/tests/Core/Ruleset/Fixtures/TestStandard/
<f+++++++ vendor/squizlabs/php_codesniffer/tests/Core/Ruleset/Fixtures/TestStandard/ruleset.xml
cd+++++++ vendor/squizlabs/php_codesniffer/tests/Core/Ruleset/Fixtures/TestStandard/Sniffs/
cd+++++++ vendor/squizlabs/php_codesniffer/tests/Core/Ruleset/Fixtures/TestStandard/Sniffs/Deprecated/
<f+++++++ vendor/squizlabs/php_codesniffer/tests/Core/Ruleset/Fixtures/TestStandard/Sniffs/Deprecated/WithLongReplacementSniff.php
<f+++++++ vendor/squizlabs/php_codesniffer/tests/Core/Ruleset/Fixtures/TestStandard/Sniffs/Deprecated/WithReplacementContainingLinuxNewlinesSniff.php
<f+++++++ vendor/squizlabs/php_codesniffer/tests/Core/Ruleset/Fixtures/TestStandard/Sniffs/Deprecated/WithReplacementContainingNewlinesSniff.php
<f+++++++ vendor/squizlabs/php_codesniffer/tests/Core/Ruleset/Fixtures/TestStandard/Sniffs/Deprecated/WithReplacementSniff.php
<f+++++++ vendor/squizlabs/php_codesniffer/tests/Core/Ruleset/Fixtures/TestStandard/Sniffs/Deprecated/WithoutReplacementSniff.php
cd+++++++ vendor/squizlabs/php_codesniffer/tests/Core/Ruleset/Fixtures/TestStandard/Sniffs/DeprecatedInvalid/
<f+++++++ vendor/squizlabs/php_codesniffer/tests/Core/Ruleset/Fixtures/TestStandard/Sniffs/DeprecatedInvalid/EmptyDeprecationVersionSniff.php
<f+++++++ vendor/squizlabs/php_codesniffer/tests/Core/Ruleset/Fixtures/TestStandard/Sniffs/DeprecatedInvalid/EmptyRemovalVersionSniff.php
<f+++++++ vendor/squizlabs/php_codesniffer/tests/Core/Ruleset/Fixtures/TestStandard/Sniffs/DeprecatedInvalid/InvalidDeprecationMessageSniff.php
<f+++++++ vendor/squizlabs/php_codesniffer/tests/Core/Ruleset/Fixtures/TestStandard/Sniffs/DeprecatedInvalid/InvalidDeprecationVersionSniff.php
<f+++++++ vendor/squizlabs/php_codesniffer/tests/Core/Ruleset/Fixtures/TestStandard/Sniffs/DeprecatedInvalid/InvalidRemovalVersionSniff.php
cd+++++++ vendor/squizlabs/php_codesniffer/tests/Core/Ruleset/Fixtures/TestStandard/Sniffs/InvalidSniffError/
<f+++++++ vendor/squizlabs/php_codesniffer/tests/Core/Ruleset/Fixtures/TestStandard/Sniffs/InvalidSniffError/NoImplementsNoProcessSniff.php
<f+++++++ vendor/squizlabs/php_codesniffer/tests/Core/Ruleset/Fixtures/TestStandard/Sniffs/InvalidSniffError/NoImplementsNoRegisterOrProcessSniff.php
<f+++++++ vendor/squizlabs/php_codesniffer/tests/Core/Ruleset/Fixtures/TestStandard/Sniffs/InvalidSniffError/NoImplementsNoRegisterSniff.php
cd+++++++ vendor/squizlabs/php_codesniffer/tests/Core/Ruleset/Fixtures/TestStandard/Sniffs/InvalidSniffs/
<f+++++++ vendor/squizlabs/php_codesniffer/tests/Core/Ruleset/Fixtures/TestStandard/Sniffs/InvalidSniffs/RegisterNoArraySniff.php
cd+++++++ vendor/squizlabs/php_codesniffer/tests/Core/Ruleset/Fixtures/TestStandard/Sniffs/MissingInterface/
<f+++++++ vendor/squizlabs/php_codesniffer/tests/Core/Ruleset/Fixtures/TestStandard/Sniffs/MissingInterface/InvalidImplementsWithoutImplementSniff.php
<f+++++++ vendor/squizlabs/php_codesniffer/tests/Core/Ruleset/Fixtures/TestStandard/Sniffs/MissingInterface/ValidImplementsSniff.php
<f+++++++ vendor/squizlabs/php_codesniffer/tests/Core/Ruleset/Fixtures/TestStandard/Sniffs/MissingInterface/ValidImplementsViaAbstractSniff.php
cd+++++++ vendor/squizlabs/php_codesniffer/tests/Core/Ruleset/Fixtures/TestStandard/Sniffs/SetProperty/
<f+++++++ vendor/squizlabs/php_codesniffer/tests/Core/Ruleset/Fixtures/TestStandard/Sniffs/SetProperty/AllowedAsDeclaredSniff.php
<f+++++++ vendor/squizlabs/php_codesniffer/tests/Core/Ruleset/Fixtures/TestStandard/Sniffs/SetProperty/AllowedViaMagicMethodSniff.php
<f+++++++ vendor/squizlabs/php_codesniffer/tests/Core/Ruleset/Fixtures/TestStandard/Sniffs/SetProperty/AllowedViaStdClassSniff.php
<f+++++++ vendor/squizlabs/php_codesniffer/tests/Core/Ruleset/Fixtures/TestStandard/Sniffs/SetProperty/NotAllowedViaAttributeSniff.php
<f+++++++ vendor/squizlabs/php_codesniffer/tests/Core/Ruleset/Fixtures/TestStandard/Sniffs/SetProperty/PropertyTypeHandlingSniff.php
cd+++++++ vendor/squizlabs/php_codesniffer/tests/Core/Ruleset/Fixtures/TestStandard/Sniffs/SupportedTokenizers/
<f+++++++ vendor/squizlabs/php_codesniffer/tests/Core/Ruleset/Fixtures/TestStandard/Sniffs/SupportedTokenizers/ImplementsDeprecatedInterfaceSniff.php
<f+++++++ vendor/squizlabs/php_codesniffer/tests/Core/Ruleset/Fixtures/TestStandard/Sniffs/SupportedTokenizers/ListensForCSSAndJSSniff.php
<f+++++++ vendor/squizlabs/php_codesniffer/tests/Core/Ruleset/Fixtures/TestStandard/Sniffs/SupportedTokenizers/ListensForCSSAndUnrecognizedSniff.php
<f+++++++ vendor/squizlabs/php_codesniffer/tests/Core/Ruleset/Fixtures/TestStandard/Sniffs/SupportedTokenizers/ListensForCSSSniff.php
<f+++++++ vendor/squizlabs/php_codesniffer/tests/Core/Ruleset/Fixtures/TestStandard/Sniffs/SupportedTokenizers/ListensForEmptySniff.php
<f+++++++ vendor/squizlabs/php_codesniffer/tests/Core/Ruleset/Fixtures/TestStandard/Sniffs/SupportedTokenizers/ListensForJSSniff.php
<f+++++++ vendor/squizlabs/php_codesniffer/tests/Core/Ruleset/Fixtures/TestStandard/Sniffs/SupportedTokenizers/ListensForPHPAndCSSAndJSSniff.php
<f+++++++ vendor/squizlabs/php_codesniffer/tests/Core/Ruleset/Fixtures/TestStandard/Sniffs/SupportedTokenizers/ListensForUnrecognizedTokenizersSniff.php
cd+++++++ vendor/squizlabs/php_codesniffer/tests/Core/Ruleset/Fixtures/TestStandard/Sniffs/ValidSniffs/
<f+++++++ vendor/squizlabs/php_codesniffer/tests/Core/Ruleset/Fixtures/TestStandard/Sniffs/ValidSniffs/RegisterEmptyArraySniff.php
cd+++++++ vendor/squizlabs/php_codesniffer/tests/Core/Runner/
<f+++++++ vendor/squizlabs/php_codesniffer/tests/Core/Runner/AbstractRunnerTestCase.php
<f+++++++ vendor/squizlabs/php_codesniffer/tests/Core/Runner/PrintProgressDotsTest.php
<f+++++++ vendor/squizlabs/php_codesniffer/tests/Core/Runner/PrintProgressTest.php
<f+++++++ vendor/squizlabs/php_codesniffer/tests/Core/Runner/RunPHPCSExplainTest.php
<f+++++++ vendor/squizlabs/php_codesniffer/tests/Core/Runner/RunPHPCSGeneratorTest.php
cd+++++++ vendor/squizlabs/php_codesniffer/tests/Core/Sniffs/
<f+++++++ vendor/squizlabs/php_codesniffer/tests/Core/Sniffs/AbstractArraySniffTest.inc
<f+++++++ vendor/squizlabs/php_codesniffer/tests/Core/Sniffs/AbstractArraySniffTest.php
<f+++++++ vendor/squizlabs/php_codesniffer/tests/Core/Sniffs/AbstractArraySniffTestable.php
cd+++++++ vendor/squizlabs/php_codesniffer/tests/Core/Standards/
<f+++++++ vendor/squizlabs/php_codesniffer/tests/Core/Standards/StandardRulesetsQATest.php
cd+++++++ vendor/squizlabs/php_codesniffer/tests/Core/Tokenizers/
<f+++++++ vendor/squizlabs/php_codesniffer/tests/Core/Tokenizers/AbstractTokenizerTestCase.php
cd+++++++ vendor/squizlabs/php_codesniffer/tests/Core/Tokenizers/Comment/
<f+++++++ vendor/squizlabs/php_codesniffer/tests/Core/Tokenizers/Comment/CommentTestCase.php
<f+++++++ vendor/squizlabs/php_codesniffer/tests/Core/Tokenizers/Comment/LiveCoding1Test.inc
<f+++++++ vendor/squizlabs/php_codesniffer/tests/Core/Tokenizers/Comment/LiveCoding1Test.php
<f+++++++ vendor/squizlabs/php_codesniffer/tests/Core/Tokenizers/Comment/LiveCoding2Test.inc
<f+++++++ vendor/squizlabs/php_codesniffer/tests/Core/Tokenizers/Comment/LiveCoding2Test.php
<f+++++++ vendor/squizlabs/php_codesniffer/tests/Core/Tokenizers/Comment/LiveCoding3Test.inc
<f+++++++ vendor/squizlabs/php_codesniffer/tests/Core/Tokenizers/Comment/LiveCoding3Test.php
<f+++++++ vendor/squizlabs/php_codesniffer/tests/Core/Tokenizers/Comment/LiveCoding4Test.inc
<f+++++++ vendor/squizlabs/php_codesniffer/tests/Core/Tokenizers/Comment/LiveCoding4Test.php
<f+++++++ vendor/squizlabs/php_codesniffer/tests/Core/Tokenizers/Comment/MultiLineDocBlockTest.inc
<f+++++++ vendor/squizlabs/php_codesniffer/tests/Core/Tokenizers/Comment/MultiLineDocBlockTest.php
<f+++++++ vendor/squizlabs/php_codesniffer/tests/Core/Tokenizers/Comment/PhpcsAnnotationsInDocBlockTest.inc
<f+++++++ vendor/squizlabs/php_codesniffer/tests/Core/Tokenizers/Comment/PhpcsAnnotationsInDocBlockTest.php
<f+++++++ vendor/squizlabs/php_codesniffer/tests/Core/Tokenizers/Comment/SingleLineDocBlockTest.inc
<f+++++++ vendor/squizlabs/php_codesniffer/tests/Core/Tokenizers/Comment/SingleLineDocBlockTest.php
cd+++++++ vendor/squizlabs/php_codesniffer/tests/Core/Tokenizers/PHP/
<f+++++++ vendor/squizlabs/php_codesniffer/tests/Core/Tokenizers/PHP/AnonClassParenthesisOwnerTest.inc
<f+++++++ vendor/squizlabs/php_codesniffer/tests/Core/Tokenizers/PHP/AnonClassParenthesisOwnerTest.php
<f+++++++ vendor/squizlabs/php_codesniffer/tests/Core/Tokenizers/PHP/ArrayKeywordTest.inc
<f+++++++ vendor/squizlabs/php_codesniffer/tests/Core/Tokenizers/PHP/ArrayKeywordTest.php
<f+++++++ vendor/squizlabs/php_codesniffer/tests/Core/Tokenizers/PHP/AttributesParseError1Test.inc
<f+++++++ vendor/squizlabs/php_codesniffer/tests/Core/Tokenizers/PHP/AttributesParseError1Test.php
<f+++++++ vendor/squizlabs/php_codesniffer/tests/Core/Tokenizers/PHP/AttributesParseError2Test.inc
<f+++++++ vendor/squizlabs/php_codesniffer/tests/Core/Tokenizers/PHP/AttributesParseError2Test.php
<f+++++++ vendor/squizlabs/php_codesniffer/tests/Core/Tokenizers/PHP/AttributesParseError3Test.inc
<f+++++++ vendor/squizlabs/php_codesniffer/tests/Core/Tokenizers/PHP/AttributesParseError3Test.php
<f+++++++ vendor/squizlabs/php_codesniffer/tests/Core/Tokenizers/PHP/AttributesParseError4Test.inc
<f+++++++ vendor/squizlabs/php_codesniffer/tests/Core/Tokenizers/PHP/AttributesParseError4Test.php
<f+++++++ vendor/squizlabs/php_codesniffer/tests/Core/Tokenizers/PHP/AttributesTest.inc
<f+++++++ vendor/squizlabs/php_codesniffer/tests/Core/Tokenizers/PHP/AttributesTest.php
<f+++++++ vendor/squizlabs/php_codesniffer/tests/Core/Tokenizers/PHP/BackfillAsymmetricVisibilityTest.inc
<f+++++++ vendor/squizlabs/php_codesniffer/tests/Core/Tokenizers/PHP/BackfillAsymmetricVisibilityTest.php
<f+++++++ vendor/squizlabs/php_codesniffer/tests/Core/Tokenizers/PHP/BackfillEnumTest.inc
<f+++++++ vendor/squizlabs/php_codesniffer/tests/Core/Tokenizers/PHP/BackfillEnumTest.php
<f+++++++ vendor/squizlabs/php_codesniffer/tests/Core/Tokenizers/PHP/BackfillExplicitOctalNotationTest.inc
<f+++++++ vendor/squizlabs/php_codesniffer/tests/Core/Tokenizers/PHP/BackfillExplicitOctalNotationTest.php
<f+++++++ vendor/squizlabs/php_codesniffer/tests/Core/Tokenizers/PHP/BackfillFnTokenParseErrorTest.inc
<f+++++++ vendor/squizlabs/php_codesniffer/tests/Core/Tokenizers/PHP/BackfillFnTokenParseErrorTest.php
<f+++++++ vendor/squizlabs/php_codesniffer/tests/Core/Tokenizers/PHP/BackfillFnTokenTest.inc
<f+++++++ vendor/squizlabs/php_codesniffer/tests/Core/Tokenizers/PHP/BackfillFnTokenTest.php
<f+++++++ vendor/squizlabs/php_codesniffer/tests/Core/Tokenizers/PHP/BackfillMatchTokenTest.inc
<f+++++++ vendor/squizlabs/php_codesniffer/tests/Core/Tokenizers/PHP/BackfillMatchTokenTest.php
<f+++++++ vendor/squizlabs/php_codesniffer/tests/Core/Tokenizers/PHP/BackfillNumericSeparatorTest.inc
<f+++++++ vendor/squizlabs/php_codesniffer/tests/Core/Tokenizers/PHP/BackfillNumericSeparatorTest.php
<f+++++++ vendor/squizlabs/php_codesniffer/tests/Core/Tokenizers/PHP/BackfillReadonlyTest.inc
<f+++++++ vendor/squizlabs/php_codesniffer/tests/Core/Tokenizers/PHP/BackfillReadonlyTest.php
<f+++++++ vendor/squizlabs/php_codesniffer/tests/Core/Tokenizers/PHP/BitwiseOrTest.inc
<f+++++++ vendor/squizlabs/php_codesniffer/tests/Core/Tokenizers/PHP/BitwiseOrTest.php
<f+++++++ vendor/squizlabs/php_codesniffer/tests/Core/Tokenizers/PHP/ContextSensitiveKeywordsTest.inc
<f+++++++ vendor/squizlabs/php_codesniffer/tests/Core/Tokenizers/PHP/ContextSensitiveKeywordsTest.php
<f+++++++ vendor/squizlabs/php_codesniffer/tests/Core/Tokenizers/PHP/DNFTypesParseError1Test.inc
<f+++++++ vendor/squizlabs/php_codesniffer/tests/Core/Tokenizers/PHP/DNFTypesParseError1Test.php
<f+++++++ vendor/squizlabs/php_codesniffer/tests/Core/Tokenizers/PHP/DNFTypesParseError2Test.inc
<f+++++++ vendor/squizlabs/php_codesniffer/tests/Core/Tokenizers/PHP/DNFTypesParseError2Test.php
<f+++++++ vendor/squizlabs/php_codesniffer/tests/Core/Tokenizers/PHP/DNFTypesTest.inc
<f+++++++ vendor/squizlabs/php_codesniffer/tests/Core/Tokenizers/PHP/DNFTypesTest.php
<f+++++++ vendor/squizlabs/php_codesniffer/tests/Core/Tokenizers/PHP/DefaultKeywordTest.inc
<f+++++++ vendor/squizlabs/php_codesniffer/tests/Core/Tokenizers/PHP/DefaultKeywordTest.php
<f+++++++ vendor/squizlabs/php_codesniffer/tests/Core/Tokenizers/PHP/DoubleArrowTest.inc
<f+++++++ vendor/squizlabs/php_codesniffer/tests/Core/Tokenizers/PHP/DoubleArrowTest.php
<f+++++++ vendor/squizlabs/php_codesniffer/tests/Core/Tokenizers/PHP/DoubleQuotedStringTest.inc
<f+++++++ vendor/squizlabs/php_codesniffer/tests/Core/Tokenizers/PHP/DoubleQuotedStringTest.php
<f+++++++ vendor/squizlabs/php_codesniffer/tests/Core/Tokenizers/PHP/EnumCaseTest.inc
<f+++++++ vendor/squizlabs/php_codesniffer/tests/Core/Tokenizers/PHP/EnumCaseTest.php
<f+++++++ vendor/squizlabs/php_codesniffer/tests/Core/Tokenizers/PHP/ExitKeywordTest.inc
<f+++++++ vendor/squizlabs/php_codesniffer/tests/Core/Tokenizers/PHP/ExitKeywordTest.php
<f+++++++ vendor/squizlabs/php_codesniffer/tests/Core/Tokenizers/PHP/FinallyTest.inc
<f+++++++ vendor/squizlabs/php_codesniffer/tests/Core/Tokenizers/PHP/FinallyTest.php
<f+++++++ vendor/squizlabs/php_codesniffer/tests/Core/Tokenizers/PHP/GotoLabelTest.inc
<f+++++++ vendor/squizlabs/php_codesniffer/tests/Core/Tokenizers/PHP/GotoLabelTest.php
<f+++++++ vendor/squizlabs/php_codesniffer/tests/Core/Tokenizers/PHP/HeredocNowdocTest.inc
<f+++++++ vendor/squizlabs/php_codesniffer/tests/Core/Tokenizers/PHP/HeredocNowdocTest.php
<f+++++++ vendor/squizlabs/php_codesniffer/tests/Core/Tokenizers/PHP/HeredocParseErrorTest.inc
<f+++++++ vendor/squizlabs/php_codesniffer/tests/Core/Tokenizers/PHP/HeredocParseErrorTest.php
<f+++++++ vendor/squizlabs/php_codesniffer/tests/Core/Tokenizers/PHP/HeredocStringTest.inc
<f+++++++ vendor/squizlabs/php_codesniffer/tests/Core/Tokenizers/PHP/HeredocStringTest.php
<f+++++++ vendor/squizlabs/php_codesniffer/tests/Core/Tokenizers/PHP/NamedFunctionCallArgumentsTest.inc
<f+++++++ vendor/squizlabs/php_codesniffer/tests/Core/Tokenizers/PHP/NamedFunctionCallArgumentsTest.php
<f+++++++ vendor/squizlabs/php_codesniffer/tests/Core/Tokenizers/PHP/NullableVsInlineThenParseErrorTest.inc
<f+++++++ vendor/squizlabs/php_codesniffer/tests/Core/Tokenizers/PHP/NullableVsInlineThenParseErrorTest.php
<f+++++++ vendor/squizlabs/php_codesniffer/tests/Core/Tokenizers/PHP/NullableVsInlineThenTest.inc
<f+++++++ vendor/squizlabs/php_codesniffer/tests/Core/Tokenizers/PHP/NullableVsInlineThenTest.php
<f+++++++ vendor/squizlabs/php_codesniffer/tests/Core/Tokenizers/PHP/NullsafeObjectOperatorTest.inc
<f+++++++ vendor/squizlabs/php_codesniffer/tests/Core/Tokenizers/PHP/NullsafeObjectOperatorTest.php
<f+++++++ vendor/squizlabs/php_codesniffer/tests/Core/Tokenizers/PHP/OtherContextSensitiveKeywordsTest.inc
<f+++++++ vendor/squizlabs/php_codesniffer/tests/Core/Tokenizers/PHP/OtherContextSensitiveKeywordsTest.php
<f+++++++ vendor/squizlabs/php_codesniffer/tests/Core/Tokenizers/PHP/PHPOpenTagEOF1Test.inc
<f+++++++ vendor/squizlabs/php_codesniffer/tests/Core/Tokenizers/PHP/PHPOpenTagEOF1Test.php
<f+++++++ vendor/squizlabs/php_codesniffer/tests/Core/Tokenizers/PHP/PHPOpenTagEOF2Test.inc
<f+++++++ vendor/squizlabs/php_codesniffer/tests/Core/Tokenizers/PHP/PHPOpenTagEOF2Test.php
<f+++++++ vendor/squizlabs/php_codesniffer/tests/Core/Tokenizers/PHP/PHPOpenTagEOF3Test.inc
<f+++++++ vendor/squizlabs/php_codesniffer/tests/Core/Tokenizers/PHP/PHPOpenTagEOF3Test.php
<f+++++++ vendor/squizlabs/php_codesniffer/tests/Core/Tokenizers/PHP/ResolveSimpleTokenTest.inc
<f+++++++ vendor/squizlabs/php_codesniffer/tests/Core/Tokenizers/PHP/ResolveSimpleTokenTest.php
<f+++++++ vendor/squizlabs/php_codesniffer/tests/Core/Tokenizers/PHP/ShortArrayTest.inc
<f+++++++ vendor/squizlabs/php_codesniffer/tests/Core/Tokenizers/PHP/ShortArrayTest.php
<f+++++++ vendor/squizlabs/php_codesniffer/tests/Core/Tokenizers/PHP/StableCommentWhitespaceTest.inc
<f+++++++ vendor/squizlabs/php_codesniffer/tests/Core/Tokenizers/PHP/StableCommentWhitespaceTest.php
<f+++++++ vendor/squizlabs/php_codesniffer/tests/Core/Tokenizers/PHP/StableCommentWhitespaceWinTest.inc
<f+++++++ vendor/squizlabs/php_codesniffer/tests/Core/Tokenizers/PHP/StableCommentWhitespaceWinTest.php
<f+++++++ vendor/squizlabs/php_codesniffer/tests/Core/Tokenizers/PHP/TypeIntersectionTest.inc
<f+++++++ vendor/squizlabs/php_codesniffer/tests/Core/Tokenizers/PHP/TypeIntersectionTest.php
<f+++++++ vendor/squizlabs/php_codesniffer/tests/Core/Tokenizers/PHP/TypedConstantsTest.inc
<f+++++++ vendor/squizlabs/php_codesniffer/tests/Core/Tokenizers/PHP/TypedConstantsTest.php
<f+++++++ vendor/squizlabs/php_codesniffer/tests/Core/Tokenizers/PHP/UndoNamespacedNameSingleTokenTest.inc
<f+++++++ vendor/squizlabs/php_codesniffer/tests/Core/Tokenizers/PHP/UndoNamespacedNameSingleTokenTest.php
<f+++++++ vendor/squizlabs/php_codesniffer/tests/Core/Tokenizers/PHP/YieldTest.inc
<f+++++++ vendor/squizlabs/php_codesniffer/tests/Core/Tokenizers/PHP/YieldTest.php
cd+++++++ vendor/squizlabs/php_codesniffer/tests/Core/Tokenizers/Tokenizer/
<f+++++++ vendor/squizlabs/php_codesniffer/tests/Core/Tokenizers/Tokenizer/CreateParenthesisNestingMapDNFTypesTest.inc
<f+++++++ vendor/squizlabs/php_codesniffer/tests/Core/Tokenizers/Tokenizer/CreateParenthesisNestingMapDNFTypesTest.php
<f+++++++ vendor/squizlabs/php_codesniffer/tests/Core/Tokenizers/Tokenizer/CreatePositionMapHeredocNowdocCloserTest.inc
<f+++++++ vendor/squizlabs/php_codesniffer/tests/Core/Tokenizers/Tokenizer/CreatePositionMapHeredocNowdocCloserTest.php
<f+++++++ vendor/squizlabs/php_codesniffer/tests/Core/Tokenizers/Tokenizer/CreatePositionMapHeredocNowdocOpenerTest.inc
<f+++++++ vendor/squizlabs/php_codesniffer/tests/Core/Tokenizers/Tokenizer/CreatePositionMapHeredocNowdocOpenerTest.php
<f+++++++ vendor/squizlabs/php_codesniffer/tests/Core/Tokenizers/Tokenizer/CreatePositionMapTabWidth0Test.php
<f+++++++ vendor/squizlabs/php_codesniffer/tests/Core/Tokenizers/Tokenizer/CreatePositionMapYieldFromTest.inc
<f+++++++ vendor/squizlabs/php_codesniffer/tests/Core/Tokenizers/Tokenizer/CreatePositionMapYieldFromTest.php
<f+++++++ vendor/squizlabs/php_codesniffer/tests/Core/Tokenizers/Tokenizer/CreateTokenMapArrayParenthesesTest.inc
<f+++++++ vendor/squizlabs/php_codesniffer/tests/Core/Tokenizers/Tokenizer/CreateTokenMapArrayParenthesesTest.php
<f+++++++ vendor/squizlabs/php_codesniffer/tests/Core/Tokenizers/Tokenizer/RecurseScopeMapCaseKeywordConditionsTest.inc
<f+++++++ vendor/squizlabs/php_codesniffer/tests/Core/Tokenizers/Tokenizer/RecurseScopeMapCaseKeywordConditionsTest.php
<f+++++++ vendor/squizlabs/php_codesniffer/tests/Core/Tokenizers/Tokenizer/RecurseScopeMapDefaultKeywordConditionsTest.inc
<f+++++++ vendor/squizlabs/php_codesniffer/tests/Core/Tokenizers/Tokenizer/RecurseScopeMapDefaultKeywordConditionsTest.php
<f+++++++ vendor/squizlabs/php_codesniffer/tests/Core/Tokenizers/Tokenizer/RecurseScopeMapIfKeywordConditionsTest.inc
<f+++++++ vendor/squizlabs/php_codesniffer/tests/Core/Tokenizers/Tokenizer/RecurseScopeMapIfKeywordConditionsTest.php
<f+++++++ vendor/squizlabs/php_codesniffer/tests/Core/Tokenizers/Tokenizer/RecurseScopeMapSwitchTokenScopeTest.inc
<f+++++++ vendor/squizlabs/php_codesniffer/tests/Core/Tokenizers/Tokenizer/RecurseScopeMapSwitchTokenScopeTest.php
<f+++++++ vendor/squizlabs/php_codesniffer/tests/Core/Tokenizers/Tokenizer/RecurseScopeMapWithNamespaceOperatorTest.inc
<f+++++++ vendor/squizlabs/php_codesniffer/tests/Core/Tokenizers/Tokenizer/RecurseScopeMapWithNamespaceOperatorTest.php
<f+++++++ vendor/squizlabs/php_codesniffer/tests/Core/Tokenizers/Tokenizer/ReplaceTabsInTokenMiscTest.php
<f+++++++ vendor/squizlabs/php_codesniffer/tests/Core/Tokenizers/Tokenizer/ReplaceTabsInTokenTabWidth1Test.php
<f+++++++ vendor/squizlabs/php_codesniffer/tests/Core/Tokenizers/Tokenizer/ReplaceTabsInTokenTabWidth2Test.php
<f+++++++ vendor/squizlabs/php_codesniffer/tests/Core/Tokenizers/Tokenizer/ReplaceTabsInTokenTabWidth4Test.php
<f+++++++ vendor/squizlabs/php_codesniffer/tests/Core/Tokenizers/Tokenizer/ReplaceTabsInTokenTabWidth5Test.php
<f+++++++ vendor/squizlabs/php_codesniffer/tests/Core/Tokenizers/Tokenizer/ReplaceTabsInTokenTest.inc
<f+++++++ vendor/squizlabs/php_codesniffer/tests/Core/Tokenizers/Tokenizer/ReplaceTabsInTokenTestCase.php
cd+++++++ vendor/squizlabs/php_codesniffer/tests/Core/Util/
cd+++++++ vendor/squizlabs/php_codesniffer/tests/Core/Util/Common/
<f+++++++ vendor/squizlabs/php_codesniffer/tests/Core/Util/Common/EscapeshellcmdTest.php
<f+++++++ vendor/squizlabs/php_codesniffer/tests/Core/Util/Common/GetSniffCodeTest.php
<f+++++++ vendor/squizlabs/php_codesniffer/tests/Core/Util/Common/IsCamelCapsTest.php
<f+++++++ vendor/squizlabs/php_codesniffer/tests/Core/Util/Common/PrepareForOutputTest.php
<f+++++++ vendor/squizlabs/php_codesniffer/tests/Core/Util/Common/StripColorsTest.php
<f+++++++ vendor/squizlabs/php_codesniffer/tests/Core/Util/Common/SuggestTypeTest.php
cd+++++++ vendor/squizlabs/php_codesniffer/tests/Core/Util/Help/
<f+++++++ vendor/squizlabs/php_codesniffer/tests/Core/Util/Help/HelpTest.php
cd+++++++ vendor/squizlabs/php_codesniffer/tests/Core/Util/MessageCollector/
<f+++++++ vendor/squizlabs/php_codesniffer/tests/Core/Util/MessageCollector/MessageCollectorTest.php
cd+++++++ vendor/squizlabs/php_codesniffer/tests/Core/Util/Timing/
<f+++++++ vendor/squizlabs/php_codesniffer/tests/Core/Util/Timing/GetHumanReadableDurationTest.php
<f+++++++ vendor/squizlabs/php_codesniffer/tests/Core/Util/Timing/TimingTest.php
cd+++++++ vendor/squizlabs/php_codesniffer/tests/Core/Util/Tokens/
<f+++++++ vendor/squizlabs/php_codesniffer/tests/Core/Util/Tokens/GetHighestWeightedTokenTest.php
<f+++++++ vendor/squizlabs/php_codesniffer/tests/Core/Util/Tokens/TokenNameTest.php
cd+++++++ vendor/squizlabs/php_codesniffer/tests/EndToEnd/
<f+++++++ vendor/squizlabs/php_codesniffer/tests/EndToEnd/outofmemory_test.sh
<f+++++++ vendor/squizlabs/php_codesniffer/tests/EndToEnd/phpcbf_test.sh
<f+++++++ vendor/squizlabs/php_codesniffer/tests/EndToEnd/phpcs_test.sh
cd+++++++ vendor/squizlabs/php_codesniffer/tests/EndToEnd/Fixtures/
<f+++++++ vendor/squizlabs/php_codesniffer/tests/EndToEnd/Fixtures/ClassOneWithoutStyleError.inc
<f+++++++ vendor/squizlabs/php_codesniffer/tests/EndToEnd/Fixtures/ClassTwoWithoutStyleError.inc
<f+++++++ vendor/squizlabs/php_codesniffer/tests/EndToEnd/Fixtures/ClassWithStyleError.inc
<f+++++++ vendor/squizlabs/php_codesniffer/tests/EndToEnd/Fixtures/endtoend.xml.dist
cd+++++++ vendor/squizlabs/php_codesniffer/tests/Standards/
<f+++++++ vendor/squizlabs/php_codesniffer/tests/Standards/AbstractSniffUnitTest.php
<f+++++++ vendor/squizlabs/php_codesniffer/tests/Standards/AllSniffs.php
